ISO-10303-21;
HEADER;
FILE_DESCRIPTION(('KiCad electronic assembly'),'2;1');
FILE_NAME('quad_coils.step','2025-11-16T21:22:50',('Pcbnew'),('Kicad'),
  'Open CASCADE STEP processor 7.9','KiCad to STEP converter','Unknown'
  );
FILE_SCHEMA(('AUTOMOTIVE_DESIGN { 1 0 10303 214 1 1 1 1 }'));
ENDSEC;
DATA;
#1 = APPLICATION_PROTOCOL_DEFINITION('international standard',
  'automotive_design',2000,#2);
#2 = APPLICATION_CONTEXT(
  'core data for automotive mechanical design processes');
#3 = SHAPE_DEFINITION_REPRESENTATION(#4,#10);
#4 = PRODUCT_DEFINITION_SHAPE('','',#5);
#5 = PRODUCT_DEFINITION('design','',#6,#9);
#6 = PRODUCT_DEFINITION_FORMATION('','',#7);
#7 = PRODUCT('quad_coils 1','quad_coils 1','',(#8));
#8 = PRODUCT_CONTEXT('',#2,'mechanical');
#9 = PRODUCT_DEFINITION_CONTEXT('part definition',#2,'design');
#10 = SHAPE_REPRESENTATION('',(#11,#15,#19),#23);
#11 = AXIS2_PLACEMENT_3D('',#12,#13,#14);
#12 = CARTESIAN_POINT('',(0.,0.,0.));
#13 = DIRECTION('',(0.,0.,1.));
#14 = DIRECTION('',(1.,0.,-0.));
#15 = AXIS2_PLACEMENT_3D('',#16,#17,#18);
#16 = CARTESIAN_POINT('',(0.,0.,0.));
#17 = DIRECTION('',(0.,0.,1.));
#18 = DIRECTION('',(1.,0.,-0.));
#19 = AXIS2_PLACEMENT_3D('',#20,#21,#22);
#20 = CARTESIAN_POINT('',(0.,0.,0.));
#21 = DIRECTION('',(0.,0.,1.));
#22 = DIRECTION('',(1.,0.,-0.));
#23 = ( GEOMETRIC_REPRESENTATION_CONTEXT(3) 
GLOBAL_UNCERTAINTY_ASSIGNED_CONTEXT((#27)) GLOBAL_UNIT_ASSIGNED_CONTEXT(
(#24,#25,#26)) REPRESENTATION_CONTEXT('Context #1',
  '3D Context with UNIT and UNCERTAINTY') );
#24 = ( LENGTH_UNIT() NAMED_UNIT(*) SI_UNIT(.MILLI.,.METRE.) );
#25 = ( NAMED_UNIT(*) PLANE_ANGLE_UNIT() SI_UNIT($,.RADIAN.) );
#26 = ( NAMED_UNIT(*) SI_UNIT($,.STERADIAN.) SOLID_ANGLE_UNIT() );
#27 = UNCERTAINTY_MEASURE_WITH_UNIT(LENGTH_MEASURE(1.E-07),#24,
  'distance_accuracy_value','confusion accuracy');
#28 = PRODUCT_RELATED_PRODUCT_CATEGORY('part',$,(#7));
#29 = SHAPE_DEFINITION_REPRESENTATION(#30,#36);
#30 = PRODUCT_DEFINITION_SHAPE('','',#31);
#31 = PRODUCT_DEFINITION('design','',#32,#35);
#32 = PRODUCT_DEFINITION_FORMATION('','',#33);
#33 = PRODUCT('quad_coils_pad','quad_coils_pad','',(#34));
#34 = PRODUCT_CONTEXT('',#2,'mechanical');
#35 = PRODUCT_DEFINITION_CONTEXT('part definition',#2,'design');
#36 = SHAPE_REPRESENTATION('',(#11,#37,#129,#221,#313,#405,#497,#589,
    #681,#773,#865,#957,#1049,#1141,#1233,#1325,#1417,#1509,#1601,#1693,
    #1785,#1877,#1969,#2061,#2153,#2245,#2337,#2429,#2521,#2613,#2705,
    #2797,#2889,#2981,#3073,#3165,#3257,#3349,#3499,#3591,#3683,#3775,
    #3925,#4017,#4109,#4201,#4293,#4385,#4477,#4627,#4719,#4811,#4903,
    #5053,#5203,#5295,#5387,#5479,#5629,#5721,#5813,#5905,#5997,#6089,
    #6181,#6331,#6423,#6515,#6607),#6757);
#37 = MANIFOLD_SOLID_BREP('',#38);
#38 = CLOSED_SHELL('',(#39,#72,#92,#112));
#39 = ADVANCED_FACE('',(#40),#67,.T.);
#40 = FACE_BOUND('',#41,.F.);
#41 = EDGE_LOOP('',(#42,#52,#59,#60));
#42 = ORIENTED_EDGE('',*,*,#43,.T.);
#43 = EDGE_CURVE('',#44,#46,#48,.T.);
#44 = VERTEX_POINT('',#45);
#45 = CARTESIAN_POINT('',(20.975914,20.675914,1.51));
#46 = VERTEX_POINT('',#47);
#47 = CARTESIAN_POINT('',(20.975914,20.675914,1.55));
#48 = LINE('',#49,#50);
#49 = CARTESIAN_POINT('',(20.975914,20.675914,1.51));
#50 = VECTOR('',#51,1.);
#51 = DIRECTION('',(0.,0.,1.));
#52 = ORIENTED_EDGE('',*,*,#53,.T.);
#53 = EDGE_CURVE('',#46,#46,#54,.T.);
#54 = CIRCLE('',#55,0.3);
#55 = AXIS2_PLACEMENT_3D('',#56,#57,#58);
#56 = CARTESIAN_POINT('',(20.675914,20.675914,1.55));
#57 = DIRECTION('',(0.,0.,1.));
#58 = DIRECTION('',(1.,0.,-0.));
#59 = ORIENTED_EDGE('',*,*,#43,.F.);
#60 = ORIENTED_EDGE('',*,*,#61,.F.);
#61 = EDGE_CURVE('',#44,#44,#62,.T.);
#62 = CIRCLE('',#63,0.3);
#63 = AXIS2_PLACEMENT_3D('',#64,#65,#66);
#64 = CARTESIAN_POINT('',(20.675914,20.675914,1.51));
#65 = DIRECTION('',(0.,0.,1.));
#66 = DIRECTION('',(1.,0.,-0.));
#67 = CYLINDRICAL_SURFACE('',#68,0.3);
#68 = AXIS2_PLACEMENT_3D('',#69,#70,#71);
#69 = CARTESIAN_POINT('',(20.675914,20.675914,1.51));
#70 = DIRECTION('',(-0.,-0.,-1.));
#71 = DIRECTION('',(1.,0.,-0.));
#72 = ADVANCED_FACE('',(#73,#76),#87,.F.);
#73 = FACE_BOUND('',#74,.F.);
#74 = EDGE_LOOP('',(#75));
#75 = ORIENTED_EDGE('',*,*,#61,.T.);
#76 = FACE_BOUND('',#77,.F.);
#77 = EDGE_LOOP('',(#78));
#78 = ORIENTED_EDGE('',*,*,#79,.T.);
#79 = EDGE_CURVE('',#80,#80,#82,.T.);
#80 = VERTEX_POINT('',#81);
#81 = CARTESIAN_POINT('',(20.675914,20.550914,1.51));
#82 = CIRCLE('',#83,0.125);
#83 = AXIS2_PLACEMENT_3D('',#84,#85,#86);
#84 = CARTESIAN_POINT('',(20.675914,20.675914,1.51));
#85 = DIRECTION('',(-0.,0.,-1.));
#86 = DIRECTION('',(-0.,-1.,0.));
#87 = PLANE('',#88);
#88 = AXIS2_PLACEMENT_3D('',#89,#90,#91);
#89 = CARTESIAN_POINT('',(0.,0.,1.51));
#90 = DIRECTION('',(0.,0.,1.));
#91 = DIRECTION('',(1.,0.,-0.));
#92 = ADVANCED_FACE('',(#93,#96),#107,.T.);
#93 = FACE_BOUND('',#94,.T.);
#94 = EDGE_LOOP('',(#95));
#95 = ORIENTED_EDGE('',*,*,#53,.T.);
#96 = FACE_BOUND('',#97,.T.);
#97 = EDGE_LOOP('',(#98));
#98 = ORIENTED_EDGE('',*,*,#99,.T.);
#99 = EDGE_CURVE('',#100,#100,#102,.T.);
#100 = VERTEX_POINT('',#101);
#101 = CARTESIAN_POINT('',(20.675914,20.550914,1.55));
#102 = CIRCLE('',#103,0.125);
#103 = AXIS2_PLACEMENT_3D('',#104,#105,#106);
#104 = CARTESIAN_POINT('',(20.675914,20.675914,1.55));
#105 = DIRECTION('',(-0.,0.,-1.));
#106 = DIRECTION('',(-0.,-1.,0.));
#107 = PLANE('',#108);
#108 = AXIS2_PLACEMENT_3D('',#109,#110,#111);
#109 = CARTESIAN_POINT('',(0.,0.,1.55));
#110 = DIRECTION('',(0.,0.,1.));
#111 = DIRECTION('',(1.,0.,-0.));
#112 = ADVANCED_FACE('',(#113),#124,.F.);
#113 = FACE_BOUND('',#114,.T.);
#114 = EDGE_LOOP('',(#115,#116,#122,#123));
#115 = ORIENTED_EDGE('',*,*,#79,.T.);
#116 = ORIENTED_EDGE('',*,*,#117,.T.);
#117 = EDGE_CURVE('',#80,#100,#118,.T.);
#118 = LINE('',#119,#120);
#119 = CARTESIAN_POINT('',(20.675914,20.550914,-4.6E-02));
#120 = VECTOR('',#121,1.);
#121 = DIRECTION('',(0.,0.,1.));
#122 = ORIENTED_EDGE('',*,*,#99,.F.);
#123 = ORIENTED_EDGE('',*,*,#117,.F.);
#124 = CYLINDRICAL_SURFACE('',#125,0.125);
#125 = AXIS2_PLACEMENT_3D('',#126,#127,#128);
#126 = CARTESIAN_POINT('',(20.675914,20.675914,-4.6E-02));
#127 = DIRECTION('',(-0.,-0.,-1.));
#128 = DIRECTION('',(-0.,-1.,0.));
#129 = MANIFOLD_SOLID_BREP('',#130);
#130 = CLOSED_SHELL('',(#131,#164,#184,#204));
#131 = ADVANCED_FACE('',(#132),#159,.T.);
#132 = FACE_BOUND('',#133,.T.);
#133 = EDGE_LOOP('',(#134,#144,#151,#152));
#134 = ORIENTED_EDGE('',*,*,#135,.T.);
#135 = EDGE_CURVE('',#136,#138,#140,.T.);
#136 = VERTEX_POINT('',#137);
#137 = CARTESIAN_POINT('',(20.975914,20.675914,0.));
#138 = VERTEX_POINT('',#139);
#139 = CARTESIAN_POINT('',(20.975914,20.675914,-4.E-02));
#140 = LINE('',#141,#142);
#141 = CARTESIAN_POINT('',(20.975914,20.675914,0.));
#142 = VECTOR('',#143,1.);
#143 = DIRECTION('',(0.,0.,-1.));
#144 = ORIENTED_EDGE('',*,*,#145,.T.);
#145 = EDGE_CURVE('',#138,#138,#146,.T.);
#146 = CIRCLE('',#147,0.3);
#147 = AXIS2_PLACEMENT_3D('',#148,#149,#150);
#148 = CARTESIAN_POINT('',(20.675914,20.675914,-4.E-02));
#149 = DIRECTION('',(0.,0.,1.));
#150 = DIRECTION('',(1.,0.,-0.));
#151 = ORIENTED_EDGE('',*,*,#135,.F.);
#152 = ORIENTED_EDGE('',*,*,#153,.F.);
#153 = EDGE_CURVE('',#136,#136,#154,.T.);
#154 = CIRCLE('',#155,0.3);
#155 = AXIS2_PLACEMENT_3D('',#156,#157,#158);
#156 = CARTESIAN_POINT('',(20.675914,20.675914,0.));
#157 = DIRECTION('',(0.,0.,1.));
#158 = DIRECTION('',(1.,0.,-0.));
#159 = CYLINDRICAL_SURFACE('',#160,0.3);
#160 = AXIS2_PLACEMENT_3D('',#161,#162,#163);
#161 = CARTESIAN_POINT('',(20.675914,20.675914,0.));
#162 = DIRECTION('',(0.,0.,1.));
#163 = DIRECTION('',(1.,0.,-0.));
#164 = ADVANCED_FACE('',(#165,#168),#179,.F.);
#165 = FACE_BOUND('',#166,.F.);
#166 = EDGE_LOOP('',(#167));
#167 = ORIENTED_EDGE('',*,*,#153,.F.);
#168 = FACE_BOUND('',#169,.F.);
#169 = EDGE_LOOP('',(#170));
#170 = ORIENTED_EDGE('',*,*,#171,.F.);
#171 = EDGE_CURVE('',#172,#172,#174,.T.);
#172 = VERTEX_POINT('',#173);
#173 = CARTESIAN_POINT('',(20.675914,20.550914,0.));
#174 = CIRCLE('',#175,0.125);
#175 = AXIS2_PLACEMENT_3D('',#176,#177,#178);
#176 = CARTESIAN_POINT('',(20.675914,20.675914,0.));
#177 = DIRECTION('',(-0.,0.,-1.));
#178 = DIRECTION('',(-0.,-1.,0.));
#179 = PLANE('',#180);
#180 = AXIS2_PLACEMENT_3D('',#181,#182,#183);
#181 = CARTESIAN_POINT('',(0.,0.,0.));
#182 = DIRECTION('',(-0.,-0.,-1.));
#183 = DIRECTION('',(-1.,0.,0.));
#184 = ADVANCED_FACE('',(#185,#188),#199,.T.);
#185 = FACE_BOUND('',#186,.T.);
#186 = EDGE_LOOP('',(#187));
#187 = ORIENTED_EDGE('',*,*,#145,.F.);
#188 = FACE_BOUND('',#189,.T.);
#189 = EDGE_LOOP('',(#190));
#190 = ORIENTED_EDGE('',*,*,#191,.F.);
#191 = EDGE_CURVE('',#192,#192,#194,.T.);
#192 = VERTEX_POINT('',#193);
#193 = CARTESIAN_POINT('',(20.675914,20.550914,-4.E-02));
#194 = CIRCLE('',#195,0.125);
#195 = AXIS2_PLACEMENT_3D('',#196,#197,#198);
#196 = CARTESIAN_POINT('',(20.675914,20.675914,-4.E-02));
#197 = DIRECTION('',(-0.,0.,-1.));
#198 = DIRECTION('',(-0.,-1.,0.));
#199 = PLANE('',#200);
#200 = AXIS2_PLACEMENT_3D('',#201,#202,#203);
#201 = CARTESIAN_POINT('',(0.,0.,-4.E-02));
#202 = DIRECTION('',(-0.,-0.,-1.));
#203 = DIRECTION('',(-1.,0.,0.));
#204 = ADVANCED_FACE('',(#205),#216,.F.);
#205 = FACE_BOUND('',#206,.T.);
#206 = EDGE_LOOP('',(#207,#208,#214,#215));
#207 = ORIENTED_EDGE('',*,*,#191,.T.);
#208 = ORIENTED_EDGE('',*,*,#209,.T.);
#209 = EDGE_CURVE('',#192,#172,#210,.T.);
#210 = LINE('',#211,#212);
#211 = CARTESIAN_POINT('',(20.675914,20.550914,-4.6E-02));
#212 = VECTOR('',#213,1.);
#213 = DIRECTION('',(0.,0.,1.));
#214 = ORIENTED_EDGE('',*,*,#171,.F.);
#215 = ORIENTED_EDGE('',*,*,#209,.F.);
#216 = CYLINDRICAL_SURFACE('',#217,0.125);
#217 = AXIS2_PLACEMENT_3D('',#218,#219,#220);
#218 = CARTESIAN_POINT('',(20.675914,20.675914,-4.6E-02));
#219 = DIRECTION('',(-0.,-0.,-1.));
#220 = DIRECTION('',(-0.,-1.,0.));
#221 = MANIFOLD_SOLID_BREP('',#222);
#222 = CLOSED_SHELL('',(#223,#256,#276,#296));
#223 = ADVANCED_FACE('',(#224),#251,.T.);
#224 = FACE_BOUND('',#225,.F.);
#225 = EDGE_LOOP('',(#226,#236,#243,#244));
#226 = ORIENTED_EDGE('',*,*,#227,.T.);
#227 = EDGE_CURVE('',#228,#230,#232,.T.);
#228 = VERTEX_POINT('',#229);
#229 = CARTESIAN_POINT('',(20.675914,20.525914,-4.E-02));
#230 = VERTEX_POINT('',#231);
#231 = CARTESIAN_POINT('',(20.675914,20.525914,1.55));
#232 = LINE('',#233,#234);
#233 = CARTESIAN_POINT('',(20.675914,20.525914,-4.E-02));
#234 = VECTOR('',#235,1.);
#235 = DIRECTION('',(0.,0.,1.));
#236 = ORIENTED_EDGE('',*,*,#237,.T.);
#237 = EDGE_CURVE('',#230,#230,#238,.T.);
#238 = CIRCLE('',#239,0.15);
#239 = AXIS2_PLACEMENT_3D('',#240,#241,#242);
#240 = CARTESIAN_POINT('',(20.675914,20.675914,1.55));
#241 = DIRECTION('',(0.,0.,1.));
#242 = DIRECTION('',(-0.,-1.,0.));
#243 = ORIENTED_EDGE('',*,*,#227,.F.);
#244 = ORIENTED_EDGE('',*,*,#245,.F.);
#245 = EDGE_CURVE('',#228,#228,#246,.T.);
#246 = CIRCLE('',#247,0.15);
#247 = AXIS2_PLACEMENT_3D('',#248,#249,#250);
#248 = CARTESIAN_POINT('',(20.675914,20.675914,-4.E-02));
#249 = DIRECTION('',(0.,0.,1.));
#250 = DIRECTION('',(-0.,-1.,0.));
#251 = CYLINDRICAL_SURFACE('',#252,0.15);
#252 = AXIS2_PLACEMENT_3D('',#253,#254,#255);
#253 = CARTESIAN_POINT('',(20.675914,20.675914,-4.E-02));
#254 = DIRECTION('',(-0.,-0.,-1.));
#255 = DIRECTION('',(-0.,-1.,0.));
#256 = ADVANCED_FACE('',(#257,#260),#271,.F.);
#257 = FACE_BOUND('',#258,.F.);
#258 = EDGE_LOOP('',(#259));
#259 = ORIENTED_EDGE('',*,*,#245,.T.);
#260 = FACE_BOUND('',#261,.F.);
#261 = EDGE_LOOP('',(#262));
#262 = ORIENTED_EDGE('',*,*,#263,.T.);
#263 = EDGE_CURVE('',#264,#264,#266,.T.);
#264 = VERTEX_POINT('',#265);
#265 = CARTESIAN_POINT('',(20.675914,20.550914,-4.E-02));
#266 = CIRCLE('',#267,0.125);
#267 = AXIS2_PLACEMENT_3D('',#268,#269,#270);
#268 = CARTESIAN_POINT('',(20.675914,20.675914,-4.E-02));
#269 = DIRECTION('',(-0.,0.,-1.));
#270 = DIRECTION('',(-0.,-1.,0.));
#271 = PLANE('',#272);
#272 = AXIS2_PLACEMENT_3D('',#273,#274,#275);
#273 = CARTESIAN_POINT('',(20.675914,20.525914,-4.E-02));
#274 = DIRECTION('',(0.,0.,1.));
#275 = DIRECTION('',(1.,0.,-0.));
#276 = ADVANCED_FACE('',(#277,#280),#291,.T.);
#277 = FACE_BOUND('',#278,.T.);
#278 = EDGE_LOOP('',(#279));
#279 = ORIENTED_EDGE('',*,*,#237,.T.);
#280 = FACE_BOUND('',#281,.T.);
#281 = EDGE_LOOP('',(#282));
#282 = ORIENTED_EDGE('',*,*,#283,.T.);
#283 = EDGE_CURVE('',#284,#284,#286,.T.);
#284 = VERTEX_POINT('',#285);
#285 = CARTESIAN_POINT('',(20.675914,20.550914,1.55));
#286 = CIRCLE('',#287,0.125);
#287 = AXIS2_PLACEMENT_3D('',#288,#289,#290);
#288 = CARTESIAN_POINT('',(20.675914,20.675914,1.55));
#289 = DIRECTION('',(-0.,0.,-1.));
#290 = DIRECTION('',(-0.,-1.,0.));
#291 = PLANE('',#292);
#292 = AXIS2_PLACEMENT_3D('',#293,#294,#295);
#293 = CARTESIAN_POINT('',(20.675914,20.525914,1.55));
#294 = DIRECTION('',(0.,0.,1.));
#295 = DIRECTION('',(1.,0.,-0.));
#296 = ADVANCED_FACE('',(#297),#308,.F.);
#297 = FACE_BOUND('',#298,.T.);
#298 = EDGE_LOOP('',(#299,#300,#306,#307));
#299 = ORIENTED_EDGE('',*,*,#263,.T.);
#300 = ORIENTED_EDGE('',*,*,#301,.T.);
#301 = EDGE_CURVE('',#264,#284,#302,.T.);
#302 = LINE('',#303,#304);
#303 = CARTESIAN_POINT('',(20.675914,20.550914,-4.6E-02));
#304 = VECTOR('',#305,1.);
#305 = DIRECTION('',(0.,0.,1.));
#306 = ORIENTED_EDGE('',*,*,#283,.F.);
#307 = ORIENTED_EDGE('',*,*,#301,.F.);
#308 = CYLINDRICAL_SURFACE('',#309,0.125);
#309 = AXIS2_PLACEMENT_3D('',#310,#311,#312);
#310 = CARTESIAN_POINT('',(20.675914,20.675914,-4.6E-02));
#311 = DIRECTION('',(-0.,-0.,-1.));
#312 = DIRECTION('',(-0.,-1.,0.));
#313 = MANIFOLD_SOLID_BREP('',#314);
#314 = CLOSED_SHELL('',(#315,#348,#368,#388));
#315 = ADVANCED_FACE('',(#316),#343,.T.);
#316 = FACE_BOUND('',#317,.F.);
#317 = EDGE_LOOP('',(#318,#328,#335,#336));
#318 = ORIENTED_EDGE('',*,*,#319,.T.);
#319 = EDGE_CURVE('',#320,#322,#324,.T.);
#320 = VERTEX_POINT('',#321);
#321 = CARTESIAN_POINT('',(14.824086,14.524086,1.51));
#322 = VERTEX_POINT('',#323);
#323 = CARTESIAN_POINT('',(14.824086,14.524086,1.55));
#324 = LINE('',#325,#326);
#325 = CARTESIAN_POINT('',(14.824086,14.524086,1.51));
#326 = VECTOR('',#327,1.);
#327 = DIRECTION('',(0.,0.,1.));
#328 = ORIENTED_EDGE('',*,*,#329,.T.);
#329 = EDGE_CURVE('',#322,#322,#330,.T.);
#330 = CIRCLE('',#331,0.3);
#331 = AXIS2_PLACEMENT_3D('',#332,#333,#334);
#332 = CARTESIAN_POINT('',(14.524086,14.524086,1.55));
#333 = DIRECTION('',(0.,0.,1.));
#334 = DIRECTION('',(1.,0.,-0.));
#335 = ORIENTED_EDGE('',*,*,#319,.F.);
#336 = ORIENTED_EDGE('',*,*,#337,.F.);
#337 = EDGE_CURVE('',#320,#320,#338,.T.);
#338 = CIRCLE('',#339,0.3);
#339 = AXIS2_PLACEMENT_3D('',#340,#341,#342);
#340 = CARTESIAN_POINT('',(14.524086,14.524086,1.51));
#341 = DIRECTION('',(0.,0.,1.));
#342 = DIRECTION('',(1.,0.,-0.));
#343 = CYLINDRICAL_SURFACE('',#344,0.3);
#344 = AXIS2_PLACEMENT_3D('',#345,#346,#347);
#345 = CARTESIAN_POINT('',(14.524086,14.524086,1.51));
#346 = DIRECTION('',(-0.,-0.,-1.));
#347 = DIRECTION('',(1.,0.,-0.));
#348 = ADVANCED_FACE('',(#349,#352),#363,.F.);
#349 = FACE_BOUND('',#350,.F.);
#350 = EDGE_LOOP('',(#351));
#351 = ORIENTED_EDGE('',*,*,#337,.T.);
#352 = FACE_BOUND('',#353,.F.);
#353 = EDGE_LOOP('',(#354));
#354 = ORIENTED_EDGE('',*,*,#355,.T.);
#355 = EDGE_CURVE('',#356,#356,#358,.T.);
#356 = VERTEX_POINT('',#357);
#357 = CARTESIAN_POINT('',(14.524086,14.399086,1.51));
#358 = CIRCLE('',#359,0.125);
#359 = AXIS2_PLACEMENT_3D('',#360,#361,#362);
#360 = CARTESIAN_POINT('',(14.524086,14.524086,1.51));
#361 = DIRECTION('',(-0.,0.,-1.));
#362 = DIRECTION('',(-0.,-1.,0.));
#363 = PLANE('',#364);
#364 = AXIS2_PLACEMENT_3D('',#365,#366,#367);
#365 = CARTESIAN_POINT('',(0.,0.,1.51));
#366 = DIRECTION('',(0.,0.,1.));
#367 = DIRECTION('',(1.,0.,-0.));
#368 = ADVANCED_FACE('',(#369,#372),#383,.T.);
#369 = FACE_BOUND('',#370,.T.);
#370 = EDGE_LOOP('',(#371));
#371 = ORIENTED_EDGE('',*,*,#329,.T.);
#372 = FACE_BOUND('',#373,.T.);
#373 = EDGE_LOOP('',(#374));
#374 = ORIENTED_EDGE('',*,*,#375,.T.);
#375 = EDGE_CURVE('',#376,#376,#378,.T.);
#376 = VERTEX_POINT('',#377);
#377 = CARTESIAN_POINT('',(14.524086,14.399086,1.55));
#378 = CIRCLE('',#379,0.125);
#379 = AXIS2_PLACEMENT_3D('',#380,#381,#382);
#380 = CARTESIAN_POINT('',(14.524086,14.524086,1.55));
#381 = DIRECTION('',(-0.,0.,-1.));
#382 = DIRECTION('',(-0.,-1.,0.));
#383 = PLANE('',#384);
#384 = AXIS2_PLACEMENT_3D('',#385,#386,#387);
#385 = CARTESIAN_POINT('',(0.,0.,1.55));
#386 = DIRECTION('',(0.,0.,1.));
#387 = DIRECTION('',(1.,0.,-0.));
#388 = ADVANCED_FACE('',(#389),#400,.F.);
#389 = FACE_BOUND('',#390,.T.);
#390 = EDGE_LOOP('',(#391,#392,#398,#399));
#391 = ORIENTED_EDGE('',*,*,#355,.T.);
#392 = ORIENTED_EDGE('',*,*,#393,.T.);
#393 = EDGE_CURVE('',#356,#376,#394,.T.);
#394 = LINE('',#395,#396);
#395 = CARTESIAN_POINT('',(14.524086,14.399086,-4.6E-02));
#396 = VECTOR('',#397,1.);
#397 = DIRECTION('',(0.,0.,1.));
#398 = ORIENTED_EDGE('',*,*,#375,.F.);
#399 = ORIENTED_EDGE('',*,*,#393,.F.);
#400 = CYLINDRICAL_SURFACE('',#401,0.125);
#401 = AXIS2_PLACEMENT_3D('',#402,#403,#404);
#402 = CARTESIAN_POINT('',(14.524086,14.524086,-4.6E-02));
#403 = DIRECTION('',(-0.,-0.,-1.));
#404 = DIRECTION('',(-0.,-1.,0.));
#405 = MANIFOLD_SOLID_BREP('',#406);
#406 = CLOSED_SHELL('',(#407,#440,#460,#480));
#407 = ADVANCED_FACE('',(#408),#435,.T.);
#408 = FACE_BOUND('',#409,.T.);
#409 = EDGE_LOOP('',(#410,#420,#427,#428));
#410 = ORIENTED_EDGE('',*,*,#411,.T.);
#411 = EDGE_CURVE('',#412,#414,#416,.T.);
#412 = VERTEX_POINT('',#413);
#413 = CARTESIAN_POINT('',(14.824086,14.524086,0.));
#414 = VERTEX_POINT('',#415);
#415 = CARTESIAN_POINT('',(14.824086,14.524086,-4.E-02));
#416 = LINE('',#417,#418);
#417 = CARTESIAN_POINT('',(14.824086,14.524086,0.));
#418 = VECTOR('',#419,1.);
#419 = DIRECTION('',(0.,0.,-1.));
#420 = ORIENTED_EDGE('',*,*,#421,.T.);
#421 = EDGE_CURVE('',#414,#414,#422,.T.);
#422 = CIRCLE('',#423,0.3);
#423 = AXIS2_PLACEMENT_3D('',#424,#425,#426);
#424 = CARTESIAN_POINT('',(14.524086,14.524086,-4.E-02));
#425 = DIRECTION('',(0.,0.,1.));
#426 = DIRECTION('',(1.,0.,-0.));
#427 = ORIENTED_EDGE('',*,*,#411,.F.);
#428 = ORIENTED_EDGE('',*,*,#429,.F.);
#429 = EDGE_CURVE('',#412,#412,#430,.T.);
#430 = CIRCLE('',#431,0.3);
#431 = AXIS2_PLACEMENT_3D('',#432,#433,#434);
#432 = CARTESIAN_POINT('',(14.524086,14.524086,0.));
#433 = DIRECTION('',(0.,0.,1.));
#434 = DIRECTION('',(1.,0.,-0.));
#435 = CYLINDRICAL_SURFACE('',#436,0.3);
#436 = AXIS2_PLACEMENT_3D('',#437,#438,#439);
#437 = CARTESIAN_POINT('',(14.524086,14.524086,0.));
#438 = DIRECTION('',(0.,0.,1.));
#439 = DIRECTION('',(1.,0.,-0.));
#440 = ADVANCED_FACE('',(#441,#444),#455,.F.);
#441 = FACE_BOUND('',#442,.F.);
#442 = EDGE_LOOP('',(#443));
#443 = ORIENTED_EDGE('',*,*,#429,.F.);
#444 = FACE_BOUND('',#445,.F.);
#445 = EDGE_LOOP('',(#446));
#446 = ORIENTED_EDGE('',*,*,#447,.F.);
#447 = EDGE_CURVE('',#448,#448,#450,.T.);
#448 = VERTEX_POINT('',#449);
#449 = CARTESIAN_POINT('',(14.524086,14.399086,0.));
#450 = CIRCLE('',#451,0.125);
#451 = AXIS2_PLACEMENT_3D('',#452,#453,#454);
#452 = CARTESIAN_POINT('',(14.524086,14.524086,0.));
#453 = DIRECTION('',(-0.,0.,-1.));
#454 = DIRECTION('',(-0.,-1.,0.));
#455 = PLANE('',#456);
#456 = AXIS2_PLACEMENT_3D('',#457,#458,#459);
#457 = CARTESIAN_POINT('',(0.,0.,0.));
#458 = DIRECTION('',(-0.,-0.,-1.));
#459 = DIRECTION('',(-1.,0.,0.));
#460 = ADVANCED_FACE('',(#461,#464),#475,.T.);
#461 = FACE_BOUND('',#462,.T.);
#462 = EDGE_LOOP('',(#463));
#463 = ORIENTED_EDGE('',*,*,#421,.F.);
#464 = FACE_BOUND('',#465,.T.);
#465 = EDGE_LOOP('',(#466));
#466 = ORIENTED_EDGE('',*,*,#467,.F.);
#467 = EDGE_CURVE('',#468,#468,#470,.T.);
#468 = VERTEX_POINT('',#469);
#469 = CARTESIAN_POINT('',(14.524086,14.399086,-4.E-02));
#470 = CIRCLE('',#471,0.125);
#471 = AXIS2_PLACEMENT_3D('',#472,#473,#474);
#472 = CARTESIAN_POINT('',(14.524086,14.524086,-4.E-02));
#473 = DIRECTION('',(-0.,0.,-1.));
#474 = DIRECTION('',(-0.,-1.,0.));
#475 = PLANE('',#476);
#476 = AXIS2_PLACEMENT_3D('',#477,#478,#479);
#477 = CARTESIAN_POINT('',(0.,0.,-4.E-02));
#478 = DIRECTION('',(-0.,-0.,-1.));
#479 = DIRECTION('',(-1.,0.,0.));
#480 = ADVANCED_FACE('',(#481),#492,.F.);
#481 = FACE_BOUND('',#482,.T.);
#482 = EDGE_LOOP('',(#483,#484,#490,#491));
#483 = ORIENTED_EDGE('',*,*,#467,.T.);
#484 = ORIENTED_EDGE('',*,*,#485,.T.);
#485 = EDGE_CURVE('',#468,#448,#486,.T.);
#486 = LINE('',#487,#488);
#487 = CARTESIAN_POINT('',(14.524086,14.399086,-4.6E-02));
#488 = VECTOR('',#489,1.);
#489 = DIRECTION('',(0.,0.,1.));
#490 = ORIENTED_EDGE('',*,*,#447,.F.);
#491 = ORIENTED_EDGE('',*,*,#485,.F.);
#492 = CYLINDRICAL_SURFACE('',#493,0.125);
#493 = AXIS2_PLACEMENT_3D('',#494,#495,#496);
#494 = CARTESIAN_POINT('',(14.524086,14.524086,-4.6E-02));
#495 = DIRECTION('',(-0.,-0.,-1.));
#496 = DIRECTION('',(-0.,-1.,0.));
#497 = MANIFOLD_SOLID_BREP('',#498);
#498 = CLOSED_SHELL('',(#499,#532,#552,#572));
#499 = ADVANCED_FACE('',(#500),#527,.T.);
#500 = FACE_BOUND('',#501,.F.);
#501 = EDGE_LOOP('',(#502,#512,#519,#520));
#502 = ORIENTED_EDGE('',*,*,#503,.T.);
#503 = EDGE_CURVE('',#504,#506,#508,.T.);
#504 = VERTEX_POINT('',#505);
#505 = CARTESIAN_POINT('',(14.524086,14.374086,-4.E-02));
#506 = VERTEX_POINT('',#507);
#507 = CARTESIAN_POINT('',(14.524086,14.374086,1.55));
#508 = LINE('',#509,#510);
#509 = CARTESIAN_POINT('',(14.524086,14.374086,-4.E-02));
#510 = VECTOR('',#511,1.);
#511 = DIRECTION('',(0.,0.,1.));
#512 = ORIENTED_EDGE('',*,*,#513,.T.);
#513 = EDGE_CURVE('',#506,#506,#514,.T.);
#514 = CIRCLE('',#515,0.15);
#515 = AXIS2_PLACEMENT_3D('',#516,#517,#518);
#516 = CARTESIAN_POINT('',(14.524086,14.524086,1.55));
#517 = DIRECTION('',(0.,0.,1.));
#518 = DIRECTION('',(-0.,-1.,0.));
#519 = ORIENTED_EDGE('',*,*,#503,.F.);
#520 = ORIENTED_EDGE('',*,*,#521,.F.);
#521 = EDGE_CURVE('',#504,#504,#522,.T.);
#522 = CIRCLE('',#523,0.15);
#523 = AXIS2_PLACEMENT_3D('',#524,#525,#526);
#524 = CARTESIAN_POINT('',(14.524086,14.524086,-4.E-02));
#525 = DIRECTION('',(0.,0.,1.));
#526 = DIRECTION('',(-0.,-1.,0.));
#527 = CYLINDRICAL_SURFACE('',#528,0.15);
#528 = AXIS2_PLACEMENT_3D('',#529,#530,#531);
#529 = CARTESIAN_POINT('',(14.524086,14.524086,-4.E-02));
#530 = DIRECTION('',(-0.,-0.,-1.));
#531 = DIRECTION('',(-0.,-1.,0.));
#532 = ADVANCED_FACE('',(#533,#536),#547,.F.);
#533 = FACE_BOUND('',#534,.F.);
#534 = EDGE_LOOP('',(#535));
#535 = ORIENTED_EDGE('',*,*,#521,.T.);
#536 = FACE_BOUND('',#537,.F.);
#537 = EDGE_LOOP('',(#538));
#538 = ORIENTED_EDGE('',*,*,#539,.T.);
#539 = EDGE_CURVE('',#540,#540,#542,.T.);
#540 = VERTEX_POINT('',#541);
#541 = CARTESIAN_POINT('',(14.524086,14.399086,-4.E-02));
#542 = CIRCLE('',#543,0.125);
#543 = AXIS2_PLACEMENT_3D('',#544,#545,#546);
#544 = CARTESIAN_POINT('',(14.524086,14.524086,-4.E-02));
#545 = DIRECTION('',(-0.,0.,-1.));
#546 = DIRECTION('',(-0.,-1.,0.));
#547 = PLANE('',#548);
#548 = AXIS2_PLACEMENT_3D('',#549,#550,#551);
#549 = CARTESIAN_POINT('',(14.524086,14.374086,-4.E-02));
#550 = DIRECTION('',(0.,0.,1.));
#551 = DIRECTION('',(1.,0.,-0.));
#552 = ADVANCED_FACE('',(#553,#556),#567,.T.);
#553 = FACE_BOUND('',#554,.T.);
#554 = EDGE_LOOP('',(#555));
#555 = ORIENTED_EDGE('',*,*,#513,.T.);
#556 = FACE_BOUND('',#557,.T.);
#557 = EDGE_LOOP('',(#558));
#558 = ORIENTED_EDGE('',*,*,#559,.T.);
#559 = EDGE_CURVE('',#560,#560,#562,.T.);
#560 = VERTEX_POINT('',#561);
#561 = CARTESIAN_POINT('',(14.524086,14.399086,1.55));
#562 = CIRCLE('',#563,0.125);
#563 = AXIS2_PLACEMENT_3D('',#564,#565,#566);
#564 = CARTESIAN_POINT('',(14.524086,14.524086,1.55));
#565 = DIRECTION('',(-0.,0.,-1.));
#566 = DIRECTION('',(-0.,-1.,0.));
#567 = PLANE('',#568);
#568 = AXIS2_PLACEMENT_3D('',#569,#570,#571);
#569 = CARTESIAN_POINT('',(14.524086,14.374086,1.55));
#570 = DIRECTION('',(0.,0.,1.));
#571 = DIRECTION('',(1.,0.,-0.));
#572 = ADVANCED_FACE('',(#573),#584,.F.);
#573 = FACE_BOUND('',#574,.T.);
#574 = EDGE_LOOP('',(#575,#576,#582,#583));
#575 = ORIENTED_EDGE('',*,*,#539,.T.);
#576 = ORIENTED_EDGE('',*,*,#577,.T.);
#577 = EDGE_CURVE('',#540,#560,#578,.T.);
#578 = LINE('',#579,#580);
#579 = CARTESIAN_POINT('',(14.524086,14.399086,-4.6E-02));
#580 = VECTOR('',#581,1.);
#581 = DIRECTION('',(0.,0.,1.));
#582 = ORIENTED_EDGE('',*,*,#559,.F.);
#583 = ORIENTED_EDGE('',*,*,#577,.F.);
#584 = CYLINDRICAL_SURFACE('',#585,0.125);
#585 = AXIS2_PLACEMENT_3D('',#586,#587,#588);
#586 = CARTESIAN_POINT('',(14.524086,14.524086,-4.6E-02));
#587 = DIRECTION('',(-0.,-0.,-1.));
#588 = DIRECTION('',(-0.,-1.,0.));
#589 = MANIFOLD_SOLID_BREP('',#590);
#590 = CLOSED_SHELL('',(#591,#624,#644,#664));
#591 = ADVANCED_FACE('',(#592),#619,.T.);
#592 = FACE_BOUND('',#593,.F.);
#593 = EDGE_LOOP('',(#594,#604,#611,#612));
#594 = ORIENTED_EDGE('',*,*,#595,.T.);
#595 = EDGE_CURVE('',#596,#598,#600,.T.);
#596 = VERTEX_POINT('',#597);
#597 = CARTESIAN_POINT('',(5.38421,5.08421,1.51));
#598 = VERTEX_POINT('',#599);
#599 = CARTESIAN_POINT('',(5.38421,5.08421,1.55));
#600 = LINE('',#601,#602);
#601 = CARTESIAN_POINT('',(5.38421,5.08421,1.51));
#602 = VECTOR('',#603,1.);
#603 = DIRECTION('',(0.,0.,1.));
#604 = ORIENTED_EDGE('',*,*,#605,.T.);
#605 = EDGE_CURVE('',#598,#598,#606,.T.);
#606 = CIRCLE('',#607,0.3);
#607 = AXIS2_PLACEMENT_3D('',#608,#609,#610);
#608 = CARTESIAN_POINT('',(5.08421,5.08421,1.55));
#609 = DIRECTION('',(0.,0.,1.));
#610 = DIRECTION('',(1.,0.,-0.));
#611 = ORIENTED_EDGE('',*,*,#595,.F.);
#612 = ORIENTED_EDGE('',*,*,#613,.F.);
#613 = EDGE_CURVE('',#596,#596,#614,.T.);
#614 = CIRCLE('',#615,0.3);
#615 = AXIS2_PLACEMENT_3D('',#616,#617,#618);
#616 = CARTESIAN_POINT('',(5.08421,5.08421,1.51));
#617 = DIRECTION('',(0.,0.,1.));
#618 = DIRECTION('',(1.,0.,-0.));
#619 = CYLINDRICAL_SURFACE('',#620,0.3);
#620 = AXIS2_PLACEMENT_3D('',#621,#622,#623);
#621 = CARTESIAN_POINT('',(5.08421,5.08421,1.51));
#622 = DIRECTION('',(-0.,-0.,-1.));
#623 = DIRECTION('',(1.,0.,-0.));
#624 = ADVANCED_FACE('',(#625,#628),#639,.F.);
#625 = FACE_BOUND('',#626,.F.);
#626 = EDGE_LOOP('',(#627));
#627 = ORIENTED_EDGE('',*,*,#613,.T.);
#628 = FACE_BOUND('',#629,.F.);
#629 = EDGE_LOOP('',(#630));
#630 = ORIENTED_EDGE('',*,*,#631,.T.);
#631 = EDGE_CURVE('',#632,#632,#634,.T.);
#632 = VERTEX_POINT('',#633);
#633 = CARTESIAN_POINT('',(5.08421,4.95921,1.51));
#634 = CIRCLE('',#635,0.125);
#635 = AXIS2_PLACEMENT_3D('',#636,#637,#638);
#636 = CARTESIAN_POINT('',(5.08421,5.08421,1.51));
#637 = DIRECTION('',(-0.,0.,-1.));
#638 = DIRECTION('',(-0.,-1.,0.));
#639 = PLANE('',#640);
#640 = AXIS2_PLACEMENT_3D('',#641,#642,#643);
#641 = CARTESIAN_POINT('',(0.,0.,1.51));
#642 = DIRECTION('',(0.,0.,1.));
#643 = DIRECTION('',(1.,0.,-0.));
#644 = ADVANCED_FACE('',(#645,#648),#659,.T.);
#645 = FACE_BOUND('',#646,.T.);
#646 = EDGE_LOOP('',(#647));
#647 = ORIENTED_EDGE('',*,*,#605,.T.);
#648 = FACE_BOUND('',#649,.T.);
#649 = EDGE_LOOP('',(#650));
#650 = ORIENTED_EDGE('',*,*,#651,.T.);
#651 = EDGE_CURVE('',#652,#652,#654,.T.);
#652 = VERTEX_POINT('',#653);
#653 = CARTESIAN_POINT('',(5.08421,4.95921,1.55));
#654 = CIRCLE('',#655,0.125);
#655 = AXIS2_PLACEMENT_3D('',#656,#657,#658);
#656 = CARTESIAN_POINT('',(5.08421,5.08421,1.55));
#657 = DIRECTION('',(-0.,0.,-1.));
#658 = DIRECTION('',(-0.,-1.,0.));
#659 = PLANE('',#660);
#660 = AXIS2_PLACEMENT_3D('',#661,#662,#663);
#661 = CARTESIAN_POINT('',(0.,0.,1.55));
#662 = DIRECTION('',(0.,0.,1.));
#663 = DIRECTION('',(1.,0.,-0.));
#664 = ADVANCED_FACE('',(#665),#676,.F.);
#665 = FACE_BOUND('',#666,.T.);
#666 = EDGE_LOOP('',(#667,#668,#674,#675));
#667 = ORIENTED_EDGE('',*,*,#631,.T.);
#668 = ORIENTED_EDGE('',*,*,#669,.T.);
#669 = EDGE_CURVE('',#632,#652,#670,.T.);
#670 = LINE('',#671,#672);
#671 = CARTESIAN_POINT('',(5.08421,4.95921,-4.6E-02));
#672 = VECTOR('',#673,1.);
#673 = DIRECTION('',(0.,0.,1.));
#674 = ORIENTED_EDGE('',*,*,#651,.F.);
#675 = ORIENTED_EDGE('',*,*,#669,.F.);
#676 = CYLINDRICAL_SURFACE('',#677,0.125);
#677 = AXIS2_PLACEMENT_3D('',#678,#679,#680);
#678 = CARTESIAN_POINT('',(5.08421,5.08421,-4.6E-02));
#679 = DIRECTION('',(-0.,-0.,-1.));
#680 = DIRECTION('',(-0.,-1.,0.));
#681 = MANIFOLD_SOLID_BREP('',#682);
#682 = CLOSED_SHELL('',(#683,#716,#736,#756));
#683 = ADVANCED_FACE('',(#684),#711,.T.);
#684 = FACE_BOUND('',#685,.T.);
#685 = EDGE_LOOP('',(#686,#696,#703,#704));
#686 = ORIENTED_EDGE('',*,*,#687,.T.);
#687 = EDGE_CURVE('',#688,#690,#692,.T.);
#688 = VERTEX_POINT('',#689);
#689 = CARTESIAN_POINT('',(5.38421,5.08421,0.));
#690 = VERTEX_POINT('',#691);
#691 = CARTESIAN_POINT('',(5.38421,5.08421,-4.E-02));
#692 = LINE('',#693,#694);
#693 = CARTESIAN_POINT('',(5.38421,5.08421,0.));
#694 = VECTOR('',#695,1.);
#695 = DIRECTION('',(0.,0.,-1.));
#696 = ORIENTED_EDGE('',*,*,#697,.T.);
#697 = EDGE_CURVE('',#690,#690,#698,.T.);
#698 = CIRCLE('',#699,0.3);
#699 = AXIS2_PLACEMENT_3D('',#700,#701,#702);
#700 = CARTESIAN_POINT('',(5.08421,5.08421,-4.E-02));
#701 = DIRECTION('',(0.,0.,1.));
#702 = DIRECTION('',(1.,0.,-0.));
#703 = ORIENTED_EDGE('',*,*,#687,.F.);
#704 = ORIENTED_EDGE('',*,*,#705,.F.);
#705 = EDGE_CURVE('',#688,#688,#706,.T.);
#706 = CIRCLE('',#707,0.3);
#707 = AXIS2_PLACEMENT_3D('',#708,#709,#710);
#708 = CARTESIAN_POINT('',(5.08421,5.08421,0.));
#709 = DIRECTION('',(0.,0.,1.));
#710 = DIRECTION('',(1.,0.,-0.));
#711 = CYLINDRICAL_SURFACE('',#712,0.3);
#712 = AXIS2_PLACEMENT_3D('',#713,#714,#715);
#713 = CARTESIAN_POINT('',(5.08421,5.08421,0.));
#714 = DIRECTION('',(0.,0.,1.));
#715 = DIRECTION('',(1.,0.,-0.));
#716 = ADVANCED_FACE('',(#717,#720),#731,.F.);
#717 = FACE_BOUND('',#718,.F.);
#718 = EDGE_LOOP('',(#719));
#719 = ORIENTED_EDGE('',*,*,#705,.F.);
#720 = FACE_BOUND('',#721,.F.);
#721 = EDGE_LOOP('',(#722));
#722 = ORIENTED_EDGE('',*,*,#723,.F.);
#723 = EDGE_CURVE('',#724,#724,#726,.T.);
#724 = VERTEX_POINT('',#725);
#725 = CARTESIAN_POINT('',(5.08421,4.95921,0.));
#726 = CIRCLE('',#727,0.125);
#727 = AXIS2_PLACEMENT_3D('',#728,#729,#730);
#728 = CARTESIAN_POINT('',(5.08421,5.08421,0.));
#729 = DIRECTION('',(-0.,0.,-1.));
#730 = DIRECTION('',(-0.,-1.,0.));
#731 = PLANE('',#732);
#732 = AXIS2_PLACEMENT_3D('',#733,#734,#735);
#733 = CARTESIAN_POINT('',(0.,0.,0.));
#734 = DIRECTION('',(-0.,-0.,-1.));
#735 = DIRECTION('',(-1.,0.,0.));
#736 = ADVANCED_FACE('',(#737,#740),#751,.T.);
#737 = FACE_BOUND('',#738,.T.);
#738 = EDGE_LOOP('',(#739));
#739 = ORIENTED_EDGE('',*,*,#697,.F.);
#740 = FACE_BOUND('',#741,.T.);
#741 = EDGE_LOOP('',(#742));
#742 = ORIENTED_EDGE('',*,*,#743,.F.);
#743 = EDGE_CURVE('',#744,#744,#746,.T.);
#744 = VERTEX_POINT('',#745);
#745 = CARTESIAN_POINT('',(5.08421,4.95921,-4.E-02));
#746 = CIRCLE('',#747,0.125);
#747 = AXIS2_PLACEMENT_3D('',#748,#749,#750);
#748 = CARTESIAN_POINT('',(5.08421,5.08421,-4.E-02));
#749 = DIRECTION('',(-0.,0.,-1.));
#750 = DIRECTION('',(-0.,-1.,0.));
#751 = PLANE('',#752);
#752 = AXIS2_PLACEMENT_3D('',#753,#754,#755);
#753 = CARTESIAN_POINT('',(0.,0.,-4.E-02));
#754 = DIRECTION('',(-0.,-0.,-1.));
#755 = DIRECTION('',(-1.,0.,0.));
#756 = ADVANCED_FACE('',(#757),#768,.F.);
#757 = FACE_BOUND('',#758,.T.);
#758 = EDGE_LOOP('',(#759,#760,#766,#767));
#759 = ORIENTED_EDGE('',*,*,#743,.T.);
#760 = ORIENTED_EDGE('',*,*,#761,.T.);
#761 = EDGE_CURVE('',#744,#724,#762,.T.);
#762 = LINE('',#763,#764);
#763 = CARTESIAN_POINT('',(5.08421,4.95921,-4.6E-02));
#764 = VECTOR('',#765,1.);
#765 = DIRECTION('',(0.,0.,1.));
#766 = ORIENTED_EDGE('',*,*,#723,.F.);
#767 = ORIENTED_EDGE('',*,*,#761,.F.);
#768 = CYLINDRICAL_SURFACE('',#769,0.125);
#769 = AXIS2_PLACEMENT_3D('',#770,#771,#772);
#770 = CARTESIAN_POINT('',(5.08421,5.08421,-4.6E-02));
#771 = DIRECTION('',(-0.,-0.,-1.));
#772 = DIRECTION('',(-0.,-1.,0.));
#773 = MANIFOLD_SOLID_BREP('',#774);
#774 = CLOSED_SHELL('',(#775,#808,#828,#848));
#775 = ADVANCED_FACE('',(#776),#803,.T.);
#776 = FACE_BOUND('',#777,.F.);
#777 = EDGE_LOOP('',(#778,#788,#795,#796));
#778 = ORIENTED_EDGE('',*,*,#779,.T.);
#779 = EDGE_CURVE('',#780,#782,#784,.T.);
#780 = VERTEX_POINT('',#781);
#781 = CARTESIAN_POINT('',(5.08421,4.93421,-4.E-02));
#782 = VERTEX_POINT('',#783);
#783 = CARTESIAN_POINT('',(5.08421,4.93421,1.55));
#784 = LINE('',#785,#786);
#785 = CARTESIAN_POINT('',(5.08421,4.93421,-4.E-02));
#786 = VECTOR('',#787,1.);
#787 = DIRECTION('',(0.,0.,1.));
#788 = ORIENTED_EDGE('',*,*,#789,.T.);
#789 = EDGE_CURVE('',#782,#782,#790,.T.);
#790 = CIRCLE('',#791,0.15);
#791 = AXIS2_PLACEMENT_3D('',#792,#793,#794);
#792 = CARTESIAN_POINT('',(5.08421,5.08421,1.55));
#793 = DIRECTION('',(0.,0.,1.));
#794 = DIRECTION('',(-5.921189464668E-15,-1.,0.));
#795 = ORIENTED_EDGE('',*,*,#779,.F.);
#796 = ORIENTED_EDGE('',*,*,#797,.F.);
#797 = EDGE_CURVE('',#780,#780,#798,.T.);
#798 = CIRCLE('',#799,0.15);
#799 = AXIS2_PLACEMENT_3D('',#800,#801,#802);
#800 = CARTESIAN_POINT('',(5.08421,5.08421,-4.E-02));
#801 = DIRECTION('',(0.,0.,1.));
#802 = DIRECTION('',(-5.921189464668E-15,-1.,0.));
#803 = CYLINDRICAL_SURFACE('',#804,0.15);
#804 = AXIS2_PLACEMENT_3D('',#805,#806,#807);
#805 = CARTESIAN_POINT('',(5.08421,5.08421,-4.E-02));
#806 = DIRECTION('',(-0.,-0.,-1.));
#807 = DIRECTION('',(-5.921189464668E-15,-1.,0.));
#808 = ADVANCED_FACE('',(#809,#812),#823,.F.);
#809 = FACE_BOUND('',#810,.F.);
#810 = EDGE_LOOP('',(#811));
#811 = ORIENTED_EDGE('',*,*,#797,.T.);
#812 = FACE_BOUND('',#813,.F.);
#813 = EDGE_LOOP('',(#814));
#814 = ORIENTED_EDGE('',*,*,#815,.T.);
#815 = EDGE_CURVE('',#816,#816,#818,.T.);
#816 = VERTEX_POINT('',#817);
#817 = CARTESIAN_POINT('',(5.08421,4.95921,-4.E-02));
#818 = CIRCLE('',#819,0.125);
#819 = AXIS2_PLACEMENT_3D('',#820,#821,#822);
#820 = CARTESIAN_POINT('',(5.08421,5.08421,-4.E-02));
#821 = DIRECTION('',(-0.,0.,-1.));
#822 = DIRECTION('',(-0.,-1.,0.));
#823 = PLANE('',#824);
#824 = AXIS2_PLACEMENT_3D('',#825,#826,#827);
#825 = CARTESIAN_POINT('',(5.08421,4.93421,-4.E-02));
#826 = DIRECTION('',(0.,0.,1.));
#827 = DIRECTION('',(1.,0.,-0.));
#828 = ADVANCED_FACE('',(#829,#832),#843,.T.);
#829 = FACE_BOUND('',#830,.T.);
#830 = EDGE_LOOP('',(#831));
#831 = ORIENTED_EDGE('',*,*,#789,.T.);
#832 = FACE_BOUND('',#833,.T.);
#833 = EDGE_LOOP('',(#834));
#834 = ORIENTED_EDGE('',*,*,#835,.T.);
#835 = EDGE_CURVE('',#836,#836,#838,.T.);
#836 = VERTEX_POINT('',#837);
#837 = CARTESIAN_POINT('',(5.08421,4.95921,1.55));
#838 = CIRCLE('',#839,0.125);
#839 = AXIS2_PLACEMENT_3D('',#840,#841,#842);
#840 = CARTESIAN_POINT('',(5.08421,5.08421,1.55));
#841 = DIRECTION('',(-0.,0.,-1.));
#842 = DIRECTION('',(-0.,-1.,0.));
#843 = PLANE('',#844);
#844 = AXIS2_PLACEMENT_3D('',#845,#846,#847);
#845 = CARTESIAN_POINT('',(5.08421,4.93421,1.55));
#846 = DIRECTION('',(0.,0.,1.));
#847 = DIRECTION('',(1.,0.,-0.));
#848 = ADVANCED_FACE('',(#849),#860,.F.);
#849 = FACE_BOUND('',#850,.T.);
#850 = EDGE_LOOP('',(#851,#852,#858,#859));
#851 = ORIENTED_EDGE('',*,*,#815,.T.);
#852 = ORIENTED_EDGE('',*,*,#853,.T.);
#853 = EDGE_CURVE('',#816,#836,#854,.T.);
#854 = LINE('',#855,#856);
#855 = CARTESIAN_POINT('',(5.08421,4.95921,-4.6E-02));
#856 = VECTOR('',#857,1.);
#857 = DIRECTION('',(0.,0.,1.));
#858 = ORIENTED_EDGE('',*,*,#835,.F.);
#859 = ORIENTED_EDGE('',*,*,#853,.F.);
#860 = CYLINDRICAL_SURFACE('',#861,0.125);
#861 = AXIS2_PLACEMENT_3D('',#862,#863,#864);
#862 = CARTESIAN_POINT('',(5.08421,5.08421,-4.6E-02));
#863 = DIRECTION('',(-0.,-0.,-1.));
#864 = DIRECTION('',(-0.,-1.,0.));
#865 = MANIFOLD_SOLID_BREP('',#866);
#866 = CLOSED_SHELL('',(#867,#900,#920,#940));
#867 = ADVANCED_FACE('',(#868),#895,.T.);
#868 = FACE_BOUND('',#869,.F.);
#869 = EDGE_LOOP('',(#870,#880,#887,#888));
#870 = ORIENTED_EDGE('',*,*,#871,.T.);
#871 = EDGE_CURVE('',#872,#874,#876,.T.);
#872 = VERTEX_POINT('',#873);
#873 = CARTESIAN_POINT('',(-20.375914,20.675914,1.51));
#874 = VERTEX_POINT('',#875);
#875 = CARTESIAN_POINT('',(-20.375914,20.675914,1.55));
#876 = LINE('',#877,#878);
#877 = CARTESIAN_POINT('',(-20.375914,20.675914,1.51));
#878 = VECTOR('',#879,1.);
#879 = DIRECTION('',(0.,0.,1.));
#880 = ORIENTED_EDGE('',*,*,#881,.T.);
#881 = EDGE_CURVE('',#874,#874,#882,.T.);
#882 = CIRCLE('',#883,0.3);
#883 = AXIS2_PLACEMENT_3D('',#884,#885,#886);
#884 = CARTESIAN_POINT('',(-20.675914,20.675914,1.55));
#885 = DIRECTION('',(0.,0.,1.));
#886 = DIRECTION('',(1.,0.,-0.));
#887 = ORIENTED_EDGE('',*,*,#871,.F.);
#888 = ORIENTED_EDGE('',*,*,#889,.F.);
#889 = EDGE_CURVE('',#872,#872,#890,.T.);
#890 = CIRCLE('',#891,0.3);
#891 = AXIS2_PLACEMENT_3D('',#892,#893,#894);
#892 = CARTESIAN_POINT('',(-20.675914,20.675914,1.51));
#893 = DIRECTION('',(0.,0.,1.));
#894 = DIRECTION('',(1.,0.,-0.));
#895 = CYLINDRICAL_SURFACE('',#896,0.3);
#896 = AXIS2_PLACEMENT_3D('',#897,#898,#899);
#897 = CARTESIAN_POINT('',(-20.675914,20.675914,1.51));
#898 = DIRECTION('',(-0.,-0.,-1.));
#899 = DIRECTION('',(1.,0.,-0.));
#900 = ADVANCED_FACE('',(#901,#904),#915,.F.);
#901 = FACE_BOUND('',#902,.F.);
#902 = EDGE_LOOP('',(#903));
#903 = ORIENTED_EDGE('',*,*,#889,.T.);
#904 = FACE_BOUND('',#905,.F.);
#905 = EDGE_LOOP('',(#906));
#906 = ORIENTED_EDGE('',*,*,#907,.T.);
#907 = EDGE_CURVE('',#908,#908,#910,.T.);
#908 = VERTEX_POINT('',#909);
#909 = CARTESIAN_POINT('',(-20.675914,20.550914,1.51));
#910 = CIRCLE('',#911,0.125);
#911 = AXIS2_PLACEMENT_3D('',#912,#913,#914);
#912 = CARTESIAN_POINT('',(-20.675914,20.675914,1.51));
#913 = DIRECTION('',(-0.,0.,-1.));
#914 = DIRECTION('',(-0.,-1.,0.));
#915 = PLANE('',#916);
#916 = AXIS2_PLACEMENT_3D('',#917,#918,#919);
#917 = CARTESIAN_POINT('',(0.,0.,1.51));
#918 = DIRECTION('',(0.,0.,1.));
#919 = DIRECTION('',(1.,0.,-0.));
#920 = ADVANCED_FACE('',(#921,#924),#935,.T.);
#921 = FACE_BOUND('',#922,.T.);
#922 = EDGE_LOOP('',(#923));
#923 = ORIENTED_EDGE('',*,*,#881,.T.);
#924 = FACE_BOUND('',#925,.T.);
#925 = EDGE_LOOP('',(#926));
#926 = ORIENTED_EDGE('',*,*,#927,.T.);
#927 = EDGE_CURVE('',#928,#928,#930,.T.);
#928 = VERTEX_POINT('',#929);
#929 = CARTESIAN_POINT('',(-20.675914,20.550914,1.55));
#930 = CIRCLE('',#931,0.125);
#931 = AXIS2_PLACEMENT_3D('',#932,#933,#934);
#932 = CARTESIAN_POINT('',(-20.675914,20.675914,1.55));
#933 = DIRECTION('',(-0.,0.,-1.));
#934 = DIRECTION('',(-0.,-1.,0.));
#935 = PLANE('',#936);
#936 = AXIS2_PLACEMENT_3D('',#937,#938,#939);
#937 = CARTESIAN_POINT('',(0.,0.,1.55));
#938 = DIRECTION('',(0.,0.,1.));
#939 = DIRECTION('',(1.,0.,-0.));
#940 = ADVANCED_FACE('',(#941),#952,.F.);
#941 = FACE_BOUND('',#942,.T.);
#942 = EDGE_LOOP('',(#943,#944,#950,#951));
#943 = ORIENTED_EDGE('',*,*,#907,.T.);
#944 = ORIENTED_EDGE('',*,*,#945,.T.);
#945 = EDGE_CURVE('',#908,#928,#946,.T.);
#946 = LINE('',#947,#948);
#947 = CARTESIAN_POINT('',(-20.675914,20.550914,-4.6E-02));
#948 = VECTOR('',#949,1.);
#949 = DIRECTION('',(0.,0.,1.));
#950 = ORIENTED_EDGE('',*,*,#927,.F.);
#951 = ORIENTED_EDGE('',*,*,#945,.F.);
#952 = CYLINDRICAL_SURFACE('',#953,0.125);
#953 = AXIS2_PLACEMENT_3D('',#954,#955,#956);
#954 = CARTESIAN_POINT('',(-20.675914,20.675914,-4.6E-02));
#955 = DIRECTION('',(-0.,-0.,-1.));
#956 = DIRECTION('',(-0.,-1.,0.));
#957 = MANIFOLD_SOLID_BREP('',#958);
#958 = CLOSED_SHELL('',(#959,#992,#1012,#1032));
#959 = ADVANCED_FACE('',(#960),#987,.T.);
#960 = FACE_BOUND('',#961,.T.);
#961 = EDGE_LOOP('',(#962,#972,#979,#980));
#962 = ORIENTED_EDGE('',*,*,#963,.T.);
#963 = EDGE_CURVE('',#964,#966,#968,.T.);
#964 = VERTEX_POINT('',#965);
#965 = CARTESIAN_POINT('',(-20.375914,20.675914,0.));
#966 = VERTEX_POINT('',#967);
#967 = CARTESIAN_POINT('',(-20.375914,20.675914,-4.E-02));
#968 = LINE('',#969,#970);
#969 = CARTESIAN_POINT('',(-20.375914,20.675914,0.));
#970 = VECTOR('',#971,1.);
#971 = DIRECTION('',(0.,0.,-1.));
#972 = ORIENTED_EDGE('',*,*,#973,.T.);
#973 = EDGE_CURVE('',#966,#966,#974,.T.);
#974 = CIRCLE('',#975,0.3);
#975 = AXIS2_PLACEMENT_3D('',#976,#977,#978);
#976 = CARTESIAN_POINT('',(-20.675914,20.675914,-4.E-02));
#977 = DIRECTION('',(0.,0.,1.));
#978 = DIRECTION('',(1.,0.,-0.));
#979 = ORIENTED_EDGE('',*,*,#963,.F.);
#980 = ORIENTED_EDGE('',*,*,#981,.F.);
#981 = EDGE_CURVE('',#964,#964,#982,.T.);
#982 = CIRCLE('',#983,0.3);
#983 = AXIS2_PLACEMENT_3D('',#984,#985,#986);
#984 = CARTESIAN_POINT('',(-20.675914,20.675914,0.));
#985 = DIRECTION('',(0.,0.,1.));
#986 = DIRECTION('',(1.,0.,-0.));
#987 = CYLINDRICAL_SURFACE('',#988,0.3);
#988 = AXIS2_PLACEMENT_3D('',#989,#990,#991);
#989 = CARTESIAN_POINT('',(-20.675914,20.675914,0.));
#990 = DIRECTION('',(0.,0.,1.));
#991 = DIRECTION('',(1.,0.,-0.));
#992 = ADVANCED_FACE('',(#993,#996),#1007,.F.);
#993 = FACE_BOUND('',#994,.F.);
#994 = EDGE_LOOP('',(#995));
#995 = ORIENTED_EDGE('',*,*,#981,.F.);
#996 = FACE_BOUND('',#997,.F.);
#997 = EDGE_LOOP('',(#998));
#998 = ORIENTED_EDGE('',*,*,#999,.F.);
#999 = EDGE_CURVE('',#1000,#1000,#1002,.T.);
#1000 = VERTEX_POINT('',#1001);
#1001 = CARTESIAN_POINT('',(-20.675914,20.550914,0.));
#1002 = CIRCLE('',#1003,0.125);
#1003 = AXIS2_PLACEMENT_3D('',#1004,#1005,#1006);
#1004 = CARTESIAN_POINT('',(-20.675914,20.675914,0.));
#1005 = DIRECTION('',(-0.,0.,-1.));
#1006 = DIRECTION('',(-0.,-1.,0.));
#1007 = PLANE('',#1008);
#1008 = AXIS2_PLACEMENT_3D('',#1009,#1010,#1011);
#1009 = CARTESIAN_POINT('',(0.,0.,0.));
#1010 = DIRECTION('',(-0.,-0.,-1.));
#1011 = DIRECTION('',(-1.,0.,0.));
#1012 = ADVANCED_FACE('',(#1013,#1016),#1027,.T.);
#1013 = FACE_BOUND('',#1014,.T.);
#1014 = EDGE_LOOP('',(#1015));
#1015 = ORIENTED_EDGE('',*,*,#973,.F.);
#1016 = FACE_BOUND('',#1017,.T.);
#1017 = EDGE_LOOP('',(#1018));
#1018 = ORIENTED_EDGE('',*,*,#1019,.F.);
#1019 = EDGE_CURVE('',#1020,#1020,#1022,.T.);
#1020 = VERTEX_POINT('',#1021);
#1021 = CARTESIAN_POINT('',(-20.675914,20.550914,-4.E-02));
#1022 = CIRCLE('',#1023,0.125);
#1023 = AXIS2_PLACEMENT_3D('',#1024,#1025,#1026);
#1024 = CARTESIAN_POINT('',(-20.675914,20.675914,-4.E-02));
#1025 = DIRECTION('',(-0.,0.,-1.));
#1026 = DIRECTION('',(-0.,-1.,0.));
#1027 = PLANE('',#1028);
#1028 = AXIS2_PLACEMENT_3D('',#1029,#1030,#1031);
#1029 = CARTESIAN_POINT('',(0.,0.,-4.E-02));
#1030 = DIRECTION('',(-0.,-0.,-1.));
#1031 = DIRECTION('',(-1.,0.,0.));
#1032 = ADVANCED_FACE('',(#1033),#1044,.F.);
#1033 = FACE_BOUND('',#1034,.T.);
#1034 = EDGE_LOOP('',(#1035,#1036,#1042,#1043));
#1035 = ORIENTED_EDGE('',*,*,#1019,.T.);
#1036 = ORIENTED_EDGE('',*,*,#1037,.T.);
#1037 = EDGE_CURVE('',#1020,#1000,#1038,.T.);
#1038 = LINE('',#1039,#1040);
#1039 = CARTESIAN_POINT('',(-20.675914,20.550914,-4.6E-02));
#1040 = VECTOR('',#1041,1.);
#1041 = DIRECTION('',(0.,0.,1.));
#1042 = ORIENTED_EDGE('',*,*,#999,.F.);
#1043 = ORIENTED_EDGE('',*,*,#1037,.F.);
#1044 = CYLINDRICAL_SURFACE('',#1045,0.125);
#1045 = AXIS2_PLACEMENT_3D('',#1046,#1047,#1048);
#1046 = CARTESIAN_POINT('',(-20.675914,20.675914,-4.6E-02));
#1047 = DIRECTION('',(-0.,-0.,-1.));
#1048 = DIRECTION('',(-0.,-1.,0.));
#1049 = MANIFOLD_SOLID_BREP('',#1050);
#1050 = CLOSED_SHELL('',(#1051,#1084,#1104,#1124));
#1051 = ADVANCED_FACE('',(#1052),#1079,.T.);
#1052 = FACE_BOUND('',#1053,.F.);
#1053 = EDGE_LOOP('',(#1054,#1064,#1071,#1072));
#1054 = ORIENTED_EDGE('',*,*,#1055,.T.);
#1055 = EDGE_CURVE('',#1056,#1058,#1060,.T.);
#1056 = VERTEX_POINT('',#1057);
#1057 = CARTESIAN_POINT('',(-20.675914,20.525914,-4.E-02));
#1058 = VERTEX_POINT('',#1059);
#1059 = CARTESIAN_POINT('',(-20.675914,20.525914,1.55));
#1060 = LINE('',#1061,#1062);
#1061 = CARTESIAN_POINT('',(-20.675914,20.525914,-4.E-02));
#1062 = VECTOR('',#1063,1.);
#1063 = DIRECTION('',(0.,0.,1.));
#1064 = ORIENTED_EDGE('',*,*,#1065,.T.);
#1065 = EDGE_CURVE('',#1058,#1058,#1066,.T.);
#1066 = CIRCLE('',#1067,0.15);
#1067 = AXIS2_PLACEMENT_3D('',#1068,#1069,#1070);
#1068 = CARTESIAN_POINT('',(-20.675914,20.675914,1.55));
#1069 = DIRECTION('',(0.,0.,1.));
#1070 = DIRECTION('',(-0.,-1.,0.));
#1071 = ORIENTED_EDGE('',*,*,#1055,.F.);
#1072 = ORIENTED_EDGE('',*,*,#1073,.F.);
#1073 = EDGE_CURVE('',#1056,#1056,#1074,.T.);
#1074 = CIRCLE('',#1075,0.15);
#1075 = AXIS2_PLACEMENT_3D('',#1076,#1077,#1078);
#1076 = CARTESIAN_POINT('',(-20.675914,20.675914,-4.E-02));
#1077 = DIRECTION('',(0.,0.,1.));
#1078 = DIRECTION('',(-0.,-1.,0.));
#1079 = CYLINDRICAL_SURFACE('',#1080,0.15);
#1080 = AXIS2_PLACEMENT_3D('',#1081,#1082,#1083);
#1081 = CARTESIAN_POINT('',(-20.675914,20.675914,-4.E-02));
#1082 = DIRECTION('',(-0.,-0.,-1.));
#1083 = DIRECTION('',(-0.,-1.,0.));
#1084 = ADVANCED_FACE('',(#1085,#1088),#1099,.F.);
#1085 = FACE_BOUND('',#1086,.F.);
#1086 = EDGE_LOOP('',(#1087));
#1087 = ORIENTED_EDGE('',*,*,#1073,.T.);
#1088 = FACE_BOUND('',#1089,.F.);
#1089 = EDGE_LOOP('',(#1090));
#1090 = ORIENTED_EDGE('',*,*,#1091,.T.);
#1091 = EDGE_CURVE('',#1092,#1092,#1094,.T.);
#1092 = VERTEX_POINT('',#1093);
#1093 = CARTESIAN_POINT('',(-20.675914,20.550914,-4.E-02));
#1094 = CIRCLE('',#1095,0.125);
#1095 = AXIS2_PLACEMENT_3D('',#1096,#1097,#1098);
#1096 = CARTESIAN_POINT('',(-20.675914,20.675914,-4.E-02));
#1097 = DIRECTION('',(-0.,0.,-1.));
#1098 = DIRECTION('',(-0.,-1.,0.));
#1099 = PLANE('',#1100);
#1100 = AXIS2_PLACEMENT_3D('',#1101,#1102,#1103);
#1101 = CARTESIAN_POINT('',(-20.675914,20.525914,-4.E-02));
#1102 = DIRECTION('',(0.,0.,1.));
#1103 = DIRECTION('',(1.,0.,-0.));
#1104 = ADVANCED_FACE('',(#1105,#1108),#1119,.T.);
#1105 = FACE_BOUND('',#1106,.T.);
#1106 = EDGE_LOOP('',(#1107));
#1107 = ORIENTED_EDGE('',*,*,#1065,.T.);
#1108 = FACE_BOUND('',#1109,.T.);
#1109 = EDGE_LOOP('',(#1110));
#1110 = ORIENTED_EDGE('',*,*,#1111,.T.);
#1111 = EDGE_CURVE('',#1112,#1112,#1114,.T.);
#1112 = VERTEX_POINT('',#1113);
#1113 = CARTESIAN_POINT('',(-20.675914,20.550914,1.55));
#1114 = CIRCLE('',#1115,0.125);
#1115 = AXIS2_PLACEMENT_3D('',#1116,#1117,#1118);
#1116 = CARTESIAN_POINT('',(-20.675914,20.675914,1.55));
#1117 = DIRECTION('',(-0.,0.,-1.));
#1118 = DIRECTION('',(-0.,-1.,0.));
#1119 = PLANE('',#1120);
#1120 = AXIS2_PLACEMENT_3D('',#1121,#1122,#1123);
#1121 = CARTESIAN_POINT('',(-20.675914,20.525914,1.55));
#1122 = DIRECTION('',(0.,0.,1.));
#1123 = DIRECTION('',(1.,0.,-0.));
#1124 = ADVANCED_FACE('',(#1125),#1136,.F.);
#1125 = FACE_BOUND('',#1126,.T.);
#1126 = EDGE_LOOP('',(#1127,#1128,#1134,#1135));
#1127 = ORIENTED_EDGE('',*,*,#1091,.T.);
#1128 = ORIENTED_EDGE('',*,*,#1129,.T.);
#1129 = EDGE_CURVE('',#1092,#1112,#1130,.T.);
#1130 = LINE('',#1131,#1132);
#1131 = CARTESIAN_POINT('',(-20.675914,20.550914,-4.6E-02));
#1132 = VECTOR('',#1133,1.);
#1133 = DIRECTION('',(0.,0.,1.));
#1134 = ORIENTED_EDGE('',*,*,#1111,.F.);
#1135 = ORIENTED_EDGE('',*,*,#1129,.F.);
#1136 = CYLINDRICAL_SURFACE('',#1137,0.125);
#1137 = AXIS2_PLACEMENT_3D('',#1138,#1139,#1140);
#1138 = CARTESIAN_POINT('',(-20.675914,20.675914,-4.6E-02));
#1139 = DIRECTION('',(-0.,-0.,-1.));
#1140 = DIRECTION('',(-0.,-1.,0.));
#1141 = MANIFOLD_SOLID_BREP('',#1142);
#1142 = CLOSED_SHELL('',(#1143,#1176,#1196,#1216));
#1143 = ADVANCED_FACE('',(#1144),#1171,.T.);
#1144 = FACE_BOUND('',#1145,.F.);
#1145 = EDGE_LOOP('',(#1146,#1156,#1163,#1164));
#1146 = ORIENTED_EDGE('',*,*,#1147,.T.);
#1147 = EDGE_CURVE('',#1148,#1150,#1152,.T.);
#1148 = VERTEX_POINT('',#1149);
#1149 = CARTESIAN_POINT('',(-14.224086,14.524086,1.51));
#1150 = VERTEX_POINT('',#1151);
#1151 = CARTESIAN_POINT('',(-14.224086,14.524086,1.55));
#1152 = LINE('',#1153,#1154);
#1153 = CARTESIAN_POINT('',(-14.224086,14.524086,1.51));
#1154 = VECTOR('',#1155,1.);
#1155 = DIRECTION('',(0.,0.,1.));
#1156 = ORIENTED_EDGE('',*,*,#1157,.T.);
#1157 = EDGE_CURVE('',#1150,#1150,#1158,.T.);
#1158 = CIRCLE('',#1159,0.3);
#1159 = AXIS2_PLACEMENT_3D('',#1160,#1161,#1162);
#1160 = CARTESIAN_POINT('',(-14.524086,14.524086,1.55));
#1161 = DIRECTION('',(0.,0.,1.));
#1162 = DIRECTION('',(1.,0.,-0.));
#1163 = ORIENTED_EDGE('',*,*,#1147,.F.);
#1164 = ORIENTED_EDGE('',*,*,#1165,.F.);
#1165 = EDGE_CURVE('',#1148,#1148,#1166,.T.);
#1166 = CIRCLE('',#1167,0.3);
#1167 = AXIS2_PLACEMENT_3D('',#1168,#1169,#1170);
#1168 = CARTESIAN_POINT('',(-14.524086,14.524086,1.51));
#1169 = DIRECTION('',(0.,0.,1.));
#1170 = DIRECTION('',(1.,0.,-0.));
#1171 = CYLINDRICAL_SURFACE('',#1172,0.3);
#1172 = AXIS2_PLACEMENT_3D('',#1173,#1174,#1175);
#1173 = CARTESIAN_POINT('',(-14.524086,14.524086,1.51));
#1174 = DIRECTION('',(-0.,-0.,-1.));
#1175 = DIRECTION('',(1.,0.,-0.));
#1176 = ADVANCED_FACE('',(#1177,#1180),#1191,.F.);
#1177 = FACE_BOUND('',#1178,.F.);
#1178 = EDGE_LOOP('',(#1179));
#1179 = ORIENTED_EDGE('',*,*,#1165,.T.);
#1180 = FACE_BOUND('',#1181,.F.);
#1181 = EDGE_LOOP('',(#1182));
#1182 = ORIENTED_EDGE('',*,*,#1183,.T.);
#1183 = EDGE_CURVE('',#1184,#1184,#1186,.T.);
#1184 = VERTEX_POINT('',#1185);
#1185 = CARTESIAN_POINT('',(-14.524086,14.399086,1.51));
#1186 = CIRCLE('',#1187,0.125);
#1187 = AXIS2_PLACEMENT_3D('',#1188,#1189,#1190);
#1188 = CARTESIAN_POINT('',(-14.524086,14.524086,1.51));
#1189 = DIRECTION('',(-0.,0.,-1.));
#1190 = DIRECTION('',(-0.,-1.,0.));
#1191 = PLANE('',#1192);
#1192 = AXIS2_PLACEMENT_3D('',#1193,#1194,#1195);
#1193 = CARTESIAN_POINT('',(0.,0.,1.51));
#1194 = DIRECTION('',(0.,0.,1.));
#1195 = DIRECTION('',(1.,0.,-0.));
#1196 = ADVANCED_FACE('',(#1197,#1200),#1211,.T.);
#1197 = FACE_BOUND('',#1198,.T.);
#1198 = EDGE_LOOP('',(#1199));
#1199 = ORIENTED_EDGE('',*,*,#1157,.T.);
#1200 = FACE_BOUND('',#1201,.T.);
#1201 = EDGE_LOOP('',(#1202));
#1202 = ORIENTED_EDGE('',*,*,#1203,.T.);
#1203 = EDGE_CURVE('',#1204,#1204,#1206,.T.);
#1204 = VERTEX_POINT('',#1205);
#1205 = CARTESIAN_POINT('',(-14.524086,14.399086,1.55));
#1206 = CIRCLE('',#1207,0.125);
#1207 = AXIS2_PLACEMENT_3D('',#1208,#1209,#1210);
#1208 = CARTESIAN_POINT('',(-14.524086,14.524086,1.55));
#1209 = DIRECTION('',(-0.,0.,-1.));
#1210 = DIRECTION('',(-0.,-1.,0.));
#1211 = PLANE('',#1212);
#1212 = AXIS2_PLACEMENT_3D('',#1213,#1214,#1215);
#1213 = CARTESIAN_POINT('',(0.,0.,1.55));
#1214 = DIRECTION('',(0.,0.,1.));
#1215 = DIRECTION('',(1.,0.,-0.));
#1216 = ADVANCED_FACE('',(#1217),#1228,.F.);
#1217 = FACE_BOUND('',#1218,.T.);
#1218 = EDGE_LOOP('',(#1219,#1220,#1226,#1227));
#1219 = ORIENTED_EDGE('',*,*,#1183,.T.);
#1220 = ORIENTED_EDGE('',*,*,#1221,.T.);
#1221 = EDGE_CURVE('',#1184,#1204,#1222,.T.);
#1222 = LINE('',#1223,#1224);
#1223 = CARTESIAN_POINT('',(-14.524086,14.399086,-4.6E-02));
#1224 = VECTOR('',#1225,1.);
#1225 = DIRECTION('',(0.,0.,1.));
#1226 = ORIENTED_EDGE('',*,*,#1203,.F.);
#1227 = ORIENTED_EDGE('',*,*,#1221,.F.);
#1228 = CYLINDRICAL_SURFACE('',#1229,0.125);
#1229 = AXIS2_PLACEMENT_3D('',#1230,#1231,#1232);
#1230 = CARTESIAN_POINT('',(-14.524086,14.524086,-4.6E-02));
#1231 = DIRECTION('',(-0.,-0.,-1.));
#1232 = DIRECTION('',(-0.,-1.,0.));
#1233 = MANIFOLD_SOLID_BREP('',#1234);
#1234 = CLOSED_SHELL('',(#1235,#1268,#1288,#1308));
#1235 = ADVANCED_FACE('',(#1236),#1263,.T.);
#1236 = FACE_BOUND('',#1237,.T.);
#1237 = EDGE_LOOP('',(#1238,#1248,#1255,#1256));
#1238 = ORIENTED_EDGE('',*,*,#1239,.T.);
#1239 = EDGE_CURVE('',#1240,#1242,#1244,.T.);
#1240 = VERTEX_POINT('',#1241);
#1241 = CARTESIAN_POINT('',(-14.224086,14.524086,0.));
#1242 = VERTEX_POINT('',#1243);
#1243 = CARTESIAN_POINT('',(-14.224086,14.524086,-4.E-02));
#1244 = LINE('',#1245,#1246);
#1245 = CARTESIAN_POINT('',(-14.224086,14.524086,0.));
#1246 = VECTOR('',#1247,1.);
#1247 = DIRECTION('',(0.,0.,-1.));
#1248 = ORIENTED_EDGE('',*,*,#1249,.T.);
#1249 = EDGE_CURVE('',#1242,#1242,#1250,.T.);
#1250 = CIRCLE('',#1251,0.3);
#1251 = AXIS2_PLACEMENT_3D('',#1252,#1253,#1254);
#1252 = CARTESIAN_POINT('',(-14.524086,14.524086,-4.E-02));
#1253 = DIRECTION('',(0.,0.,1.));
#1254 = DIRECTION('',(1.,0.,-0.));
#1255 = ORIENTED_EDGE('',*,*,#1239,.F.);
#1256 = ORIENTED_EDGE('',*,*,#1257,.F.);
#1257 = EDGE_CURVE('',#1240,#1240,#1258,.T.);
#1258 = CIRCLE('',#1259,0.3);
#1259 = AXIS2_PLACEMENT_3D('',#1260,#1261,#1262);
#1260 = CARTESIAN_POINT('',(-14.524086,14.524086,0.));
#1261 = DIRECTION('',(0.,0.,1.));
#1262 = DIRECTION('',(1.,0.,-0.));
#1263 = CYLINDRICAL_SURFACE('',#1264,0.3);
#1264 = AXIS2_PLACEMENT_3D('',#1265,#1266,#1267);
#1265 = CARTESIAN_POINT('',(-14.524086,14.524086,0.));
#1266 = DIRECTION('',(0.,0.,1.));
#1267 = DIRECTION('',(1.,0.,-0.));
#1268 = ADVANCED_FACE('',(#1269,#1272),#1283,.F.);
#1269 = FACE_BOUND('',#1270,.F.);
#1270 = EDGE_LOOP('',(#1271));
#1271 = ORIENTED_EDGE('',*,*,#1257,.F.);
#1272 = FACE_BOUND('',#1273,.F.);
#1273 = EDGE_LOOP('',(#1274));
#1274 = ORIENTED_EDGE('',*,*,#1275,.F.);
#1275 = EDGE_CURVE('',#1276,#1276,#1278,.T.);
#1276 = VERTEX_POINT('',#1277);
#1277 = CARTESIAN_POINT('',(-14.524086,14.399086,0.));
#1278 = CIRCLE('',#1279,0.125);
#1279 = AXIS2_PLACEMENT_3D('',#1280,#1281,#1282);
#1280 = CARTESIAN_POINT('',(-14.524086,14.524086,0.));
#1281 = DIRECTION('',(-0.,0.,-1.));
#1282 = DIRECTION('',(-0.,-1.,0.));
#1283 = PLANE('',#1284);
#1284 = AXIS2_PLACEMENT_3D('',#1285,#1286,#1287);
#1285 = CARTESIAN_POINT('',(0.,0.,0.));
#1286 = DIRECTION('',(-0.,-0.,-1.));
#1287 = DIRECTION('',(-1.,0.,0.));
#1288 = ADVANCED_FACE('',(#1289,#1292),#1303,.T.);
#1289 = FACE_BOUND('',#1290,.T.);
#1290 = EDGE_LOOP('',(#1291));
#1291 = ORIENTED_EDGE('',*,*,#1249,.F.);
#1292 = FACE_BOUND('',#1293,.T.);
#1293 = EDGE_LOOP('',(#1294));
#1294 = ORIENTED_EDGE('',*,*,#1295,.F.);
#1295 = EDGE_CURVE('',#1296,#1296,#1298,.T.);
#1296 = VERTEX_POINT('',#1297);
#1297 = CARTESIAN_POINT('',(-14.524086,14.399086,-4.E-02));
#1298 = CIRCLE('',#1299,0.125);
#1299 = AXIS2_PLACEMENT_3D('',#1300,#1301,#1302);
#1300 = CARTESIAN_POINT('',(-14.524086,14.524086,-4.E-02));
#1301 = DIRECTION('',(-0.,0.,-1.));
#1302 = DIRECTION('',(-0.,-1.,0.));
#1303 = PLANE('',#1304);
#1304 = AXIS2_PLACEMENT_3D('',#1305,#1306,#1307);
#1305 = CARTESIAN_POINT('',(0.,0.,-4.E-02));
#1306 = DIRECTION('',(-0.,-0.,-1.));
#1307 = DIRECTION('',(-1.,0.,0.));
#1308 = ADVANCED_FACE('',(#1309),#1320,.F.);
#1309 = FACE_BOUND('',#1310,.T.);
#1310 = EDGE_LOOP('',(#1311,#1312,#1318,#1319));
#1311 = ORIENTED_EDGE('',*,*,#1295,.T.);
#1312 = ORIENTED_EDGE('',*,*,#1313,.T.);
#1313 = EDGE_CURVE('',#1296,#1276,#1314,.T.);
#1314 = LINE('',#1315,#1316);
#1315 = CARTESIAN_POINT('',(-14.524086,14.399086,-4.6E-02));
#1316 = VECTOR('',#1317,1.);
#1317 = DIRECTION('',(0.,0.,1.));
#1318 = ORIENTED_EDGE('',*,*,#1275,.F.);
#1319 = ORIENTED_EDGE('',*,*,#1313,.F.);
#1320 = CYLINDRICAL_SURFACE('',#1321,0.125);
#1321 = AXIS2_PLACEMENT_3D('',#1322,#1323,#1324);
#1322 = CARTESIAN_POINT('',(-14.524086,14.524086,-4.6E-02));
#1323 = DIRECTION('',(-0.,-0.,-1.));
#1324 = DIRECTION('',(-0.,-1.,0.));
#1325 = MANIFOLD_SOLID_BREP('',#1326);
#1326 = CLOSED_SHELL('',(#1327,#1360,#1380,#1400));
#1327 = ADVANCED_FACE('',(#1328),#1355,.T.);
#1328 = FACE_BOUND('',#1329,.F.);
#1329 = EDGE_LOOP('',(#1330,#1340,#1347,#1348));
#1330 = ORIENTED_EDGE('',*,*,#1331,.T.);
#1331 = EDGE_CURVE('',#1332,#1334,#1336,.T.);
#1332 = VERTEX_POINT('',#1333);
#1333 = CARTESIAN_POINT('',(-14.524086,14.374086,-4.E-02));
#1334 = VERTEX_POINT('',#1335);
#1335 = CARTESIAN_POINT('',(-14.524086,14.374086,1.55));
#1336 = LINE('',#1337,#1338);
#1337 = CARTESIAN_POINT('',(-14.524086,14.374086,-4.E-02));
#1338 = VECTOR('',#1339,1.);
#1339 = DIRECTION('',(0.,0.,1.));
#1340 = ORIENTED_EDGE('',*,*,#1341,.T.);
#1341 = EDGE_CURVE('',#1334,#1334,#1342,.T.);
#1342 = CIRCLE('',#1343,0.15);
#1343 = AXIS2_PLACEMENT_3D('',#1344,#1345,#1346);
#1344 = CARTESIAN_POINT('',(-14.524086,14.524086,1.55));
#1345 = DIRECTION('',(0.,0.,1.));
#1346 = DIRECTION('',(-0.,-1.,0.));
#1347 = ORIENTED_EDGE('',*,*,#1331,.F.);
#1348 = ORIENTED_EDGE('',*,*,#1349,.F.);
#1349 = EDGE_CURVE('',#1332,#1332,#1350,.T.);
#1350 = CIRCLE('',#1351,0.15);
#1351 = AXIS2_PLACEMENT_3D('',#1352,#1353,#1354);
#1352 = CARTESIAN_POINT('',(-14.524086,14.524086,-4.E-02));
#1353 = DIRECTION('',(0.,0.,1.));
#1354 = DIRECTION('',(-0.,-1.,0.));
#1355 = CYLINDRICAL_SURFACE('',#1356,0.15);
#1356 = AXIS2_PLACEMENT_3D('',#1357,#1358,#1359);
#1357 = CARTESIAN_POINT('',(-14.524086,14.524086,-4.E-02));
#1358 = DIRECTION('',(-0.,-0.,-1.));
#1359 = DIRECTION('',(-0.,-1.,0.));
#1360 = ADVANCED_FACE('',(#1361,#1364),#1375,.F.);
#1361 = FACE_BOUND('',#1362,.F.);
#1362 = EDGE_LOOP('',(#1363));
#1363 = ORIENTED_EDGE('',*,*,#1349,.T.);
#1364 = FACE_BOUND('',#1365,.F.);
#1365 = EDGE_LOOP('',(#1366));
#1366 = ORIENTED_EDGE('',*,*,#1367,.T.);
#1367 = EDGE_CURVE('',#1368,#1368,#1370,.T.);
#1368 = VERTEX_POINT('',#1369);
#1369 = CARTESIAN_POINT('',(-14.524086,14.399086,-4.E-02));
#1370 = CIRCLE('',#1371,0.125);
#1371 = AXIS2_PLACEMENT_3D('',#1372,#1373,#1374);
#1372 = CARTESIAN_POINT('',(-14.524086,14.524086,-4.E-02));
#1373 = DIRECTION('',(-0.,0.,-1.));
#1374 = DIRECTION('',(-0.,-1.,0.));
#1375 = PLANE('',#1376);
#1376 = AXIS2_PLACEMENT_3D('',#1377,#1378,#1379);
#1377 = CARTESIAN_POINT('',(-14.524086,14.374086,-4.E-02));
#1378 = DIRECTION('',(0.,0.,1.));
#1379 = DIRECTION('',(1.,0.,-0.));
#1380 = ADVANCED_FACE('',(#1381,#1384),#1395,.T.);
#1381 = FACE_BOUND('',#1382,.T.);
#1382 = EDGE_LOOP('',(#1383));
#1383 = ORIENTED_EDGE('',*,*,#1341,.T.);
#1384 = FACE_BOUND('',#1385,.T.);
#1385 = EDGE_LOOP('',(#1386));
#1386 = ORIENTED_EDGE('',*,*,#1387,.T.);
#1387 = EDGE_CURVE('',#1388,#1388,#1390,.T.);
#1388 = VERTEX_POINT('',#1389);
#1389 = CARTESIAN_POINT('',(-14.524086,14.399086,1.55));
#1390 = CIRCLE('',#1391,0.125);
#1391 = AXIS2_PLACEMENT_3D('',#1392,#1393,#1394);
#1392 = CARTESIAN_POINT('',(-14.524086,14.524086,1.55));
#1393 = DIRECTION('',(-0.,0.,-1.));
#1394 = DIRECTION('',(-0.,-1.,0.));
#1395 = PLANE('',#1396);
#1396 = AXIS2_PLACEMENT_3D('',#1397,#1398,#1399);
#1397 = CARTESIAN_POINT('',(-14.524086,14.374086,1.55));
#1398 = DIRECTION('',(0.,0.,1.));
#1399 = DIRECTION('',(1.,0.,-0.));
#1400 = ADVANCED_FACE('',(#1401),#1412,.F.);
#1401 = FACE_BOUND('',#1402,.T.);
#1402 = EDGE_LOOP('',(#1403,#1404,#1410,#1411));
#1403 = ORIENTED_EDGE('',*,*,#1367,.T.);
#1404 = ORIENTED_EDGE('',*,*,#1405,.T.);
#1405 = EDGE_CURVE('',#1368,#1388,#1406,.T.);
#1406 = LINE('',#1407,#1408);
#1407 = CARTESIAN_POINT('',(-14.524086,14.399086,-4.6E-02));
#1408 = VECTOR('',#1409,1.);
#1409 = DIRECTION('',(0.,0.,1.));
#1410 = ORIENTED_EDGE('',*,*,#1387,.F.);
#1411 = ORIENTED_EDGE('',*,*,#1405,.F.);
#1412 = CYLINDRICAL_SURFACE('',#1413,0.125);
#1413 = AXIS2_PLACEMENT_3D('',#1414,#1415,#1416);
#1414 = CARTESIAN_POINT('',(-14.524086,14.524086,-4.6E-02));
#1415 = DIRECTION('',(-0.,-0.,-1.));
#1416 = DIRECTION('',(-0.,-1.,0.));
#1417 = MANIFOLD_SOLID_BREP('',#1418);
#1418 = CLOSED_SHELL('',(#1419,#1452,#1472,#1492));
#1419 = ADVANCED_FACE('',(#1420),#1447,.T.);
#1420 = FACE_BOUND('',#1421,.F.);
#1421 = EDGE_LOOP('',(#1422,#1432,#1439,#1440));
#1422 = ORIENTED_EDGE('',*,*,#1423,.T.);
#1423 = EDGE_CURVE('',#1424,#1426,#1428,.T.);
#1424 = VERTEX_POINT('',#1425);
#1425 = CARTESIAN_POINT('',(-4.78421,5.08421,1.51));
#1426 = VERTEX_POINT('',#1427);
#1427 = CARTESIAN_POINT('',(-4.78421,5.08421,1.55));
#1428 = LINE('',#1429,#1430);
#1429 = CARTESIAN_POINT('',(-4.78421,5.08421,1.51));
#1430 = VECTOR('',#1431,1.);
#1431 = DIRECTION('',(0.,0.,1.));
#1432 = ORIENTED_EDGE('',*,*,#1433,.T.);
#1433 = EDGE_CURVE('',#1426,#1426,#1434,.T.);
#1434 = CIRCLE('',#1435,0.3);
#1435 = AXIS2_PLACEMENT_3D('',#1436,#1437,#1438);
#1436 = CARTESIAN_POINT('',(-5.08421,5.08421,1.55));
#1437 = DIRECTION('',(0.,0.,1.));
#1438 = DIRECTION('',(1.,0.,-0.));
#1439 = ORIENTED_EDGE('',*,*,#1423,.F.);
#1440 = ORIENTED_EDGE('',*,*,#1441,.F.);
#1441 = EDGE_CURVE('',#1424,#1424,#1442,.T.);
#1442 = CIRCLE('',#1443,0.3);
#1443 = AXIS2_PLACEMENT_3D('',#1444,#1445,#1446);
#1444 = CARTESIAN_POINT('',(-5.08421,5.08421,1.51));
#1445 = DIRECTION('',(0.,0.,1.));
#1446 = DIRECTION('',(1.,0.,-0.));
#1447 = CYLINDRICAL_SURFACE('',#1448,0.3);
#1448 = AXIS2_PLACEMENT_3D('',#1449,#1450,#1451);
#1449 = CARTESIAN_POINT('',(-5.08421,5.08421,1.51));
#1450 = DIRECTION('',(-0.,-0.,-1.));
#1451 = DIRECTION('',(1.,0.,-0.));
#1452 = ADVANCED_FACE('',(#1453,#1456),#1467,.F.);
#1453 = FACE_BOUND('',#1454,.F.);
#1454 = EDGE_LOOP('',(#1455));
#1455 = ORIENTED_EDGE('',*,*,#1441,.T.);
#1456 = FACE_BOUND('',#1457,.F.);
#1457 = EDGE_LOOP('',(#1458));
#1458 = ORIENTED_EDGE('',*,*,#1459,.T.);
#1459 = EDGE_CURVE('',#1460,#1460,#1462,.T.);
#1460 = VERTEX_POINT('',#1461);
#1461 = CARTESIAN_POINT('',(-5.08421,4.95921,1.51));
#1462 = CIRCLE('',#1463,0.125);
#1463 = AXIS2_PLACEMENT_3D('',#1464,#1465,#1466);
#1464 = CARTESIAN_POINT('',(-5.08421,5.08421,1.51));
#1465 = DIRECTION('',(-0.,0.,-1.));
#1466 = DIRECTION('',(-0.,-1.,0.));
#1467 = PLANE('',#1468);
#1468 = AXIS2_PLACEMENT_3D('',#1469,#1470,#1471);
#1469 = CARTESIAN_POINT('',(0.,0.,1.51));
#1470 = DIRECTION('',(0.,0.,1.));
#1471 = DIRECTION('',(1.,0.,-0.));
#1472 = ADVANCED_FACE('',(#1473,#1476),#1487,.T.);
#1473 = FACE_BOUND('',#1474,.T.);
#1474 = EDGE_LOOP('',(#1475));
#1475 = ORIENTED_EDGE('',*,*,#1433,.T.);
#1476 = FACE_BOUND('',#1477,.T.);
#1477 = EDGE_LOOP('',(#1478));
#1478 = ORIENTED_EDGE('',*,*,#1479,.T.);
#1479 = EDGE_CURVE('',#1480,#1480,#1482,.T.);
#1480 = VERTEX_POINT('',#1481);
#1481 = CARTESIAN_POINT('',(-5.08421,4.95921,1.55));
#1482 = CIRCLE('',#1483,0.125);
#1483 = AXIS2_PLACEMENT_3D('',#1484,#1485,#1486);
#1484 = CARTESIAN_POINT('',(-5.08421,5.08421,1.55));
#1485 = DIRECTION('',(-0.,0.,-1.));
#1486 = DIRECTION('',(-0.,-1.,0.));
#1487 = PLANE('',#1488);
#1488 = AXIS2_PLACEMENT_3D('',#1489,#1490,#1491);
#1489 = CARTESIAN_POINT('',(0.,0.,1.55));
#1490 = DIRECTION('',(0.,0.,1.));
#1491 = DIRECTION('',(1.,0.,-0.));
#1492 = ADVANCED_FACE('',(#1493),#1504,.F.);
#1493 = FACE_BOUND('',#1494,.T.);
#1494 = EDGE_LOOP('',(#1495,#1496,#1502,#1503));
#1495 = ORIENTED_EDGE('',*,*,#1459,.T.);
#1496 = ORIENTED_EDGE('',*,*,#1497,.T.);
#1497 = EDGE_CURVE('',#1460,#1480,#1498,.T.);
#1498 = LINE('',#1499,#1500);
#1499 = CARTESIAN_POINT('',(-5.08421,4.95921,-4.6E-02));
#1500 = VECTOR('',#1501,1.);
#1501 = DIRECTION('',(0.,0.,1.));
#1502 = ORIENTED_EDGE('',*,*,#1479,.F.);
#1503 = ORIENTED_EDGE('',*,*,#1497,.F.);
#1504 = CYLINDRICAL_SURFACE('',#1505,0.125);
#1505 = AXIS2_PLACEMENT_3D('',#1506,#1507,#1508);
#1506 = CARTESIAN_POINT('',(-5.08421,5.08421,-4.6E-02));
#1507 = DIRECTION('',(-0.,-0.,-1.));
#1508 = DIRECTION('',(-0.,-1.,0.));
#1509 = MANIFOLD_SOLID_BREP('',#1510);
#1510 = CLOSED_SHELL('',(#1511,#1544,#1564,#1584));
#1511 = ADVANCED_FACE('',(#1512),#1539,.T.);
#1512 = FACE_BOUND('',#1513,.T.);
#1513 = EDGE_LOOP('',(#1514,#1524,#1531,#1532));
#1514 = ORIENTED_EDGE('',*,*,#1515,.T.);
#1515 = EDGE_CURVE('',#1516,#1518,#1520,.T.);
#1516 = VERTEX_POINT('',#1517);
#1517 = CARTESIAN_POINT('',(-4.78421,5.08421,0.));
#1518 = VERTEX_POINT('',#1519);
#1519 = CARTESIAN_POINT('',(-4.78421,5.08421,-4.E-02));
#1520 = LINE('',#1521,#1522);
#1521 = CARTESIAN_POINT('',(-4.78421,5.08421,0.));
#1522 = VECTOR('',#1523,1.);
#1523 = DIRECTION('',(0.,0.,-1.));
#1524 = ORIENTED_EDGE('',*,*,#1525,.T.);
#1525 = EDGE_CURVE('',#1518,#1518,#1526,.T.);
#1526 = CIRCLE('',#1527,0.3);
#1527 = AXIS2_PLACEMENT_3D('',#1528,#1529,#1530);
#1528 = CARTESIAN_POINT('',(-5.08421,5.08421,-4.E-02));
#1529 = DIRECTION('',(0.,0.,1.));
#1530 = DIRECTION('',(1.,0.,-0.));
#1531 = ORIENTED_EDGE('',*,*,#1515,.F.);
#1532 = ORIENTED_EDGE('',*,*,#1533,.F.);
#1533 = EDGE_CURVE('',#1516,#1516,#1534,.T.);
#1534 = CIRCLE('',#1535,0.3);
#1535 = AXIS2_PLACEMENT_3D('',#1536,#1537,#1538);
#1536 = CARTESIAN_POINT('',(-5.08421,5.08421,0.));
#1537 = DIRECTION('',(0.,0.,1.));
#1538 = DIRECTION('',(1.,0.,-0.));
#1539 = CYLINDRICAL_SURFACE('',#1540,0.3);
#1540 = AXIS2_PLACEMENT_3D('',#1541,#1542,#1543);
#1541 = CARTESIAN_POINT('',(-5.08421,5.08421,0.));
#1542 = DIRECTION('',(0.,0.,1.));
#1543 = DIRECTION('',(1.,0.,-0.));
#1544 = ADVANCED_FACE('',(#1545,#1548),#1559,.F.);
#1545 = FACE_BOUND('',#1546,.F.);
#1546 = EDGE_LOOP('',(#1547));
#1547 = ORIENTED_EDGE('',*,*,#1533,.F.);
#1548 = FACE_BOUND('',#1549,.F.);
#1549 = EDGE_LOOP('',(#1550));
#1550 = ORIENTED_EDGE('',*,*,#1551,.F.);
#1551 = EDGE_CURVE('',#1552,#1552,#1554,.T.);
#1552 = VERTEX_POINT('',#1553);
#1553 = CARTESIAN_POINT('',(-5.08421,4.95921,0.));
#1554 = CIRCLE('',#1555,0.125);
#1555 = AXIS2_PLACEMENT_3D('',#1556,#1557,#1558);
#1556 = CARTESIAN_POINT('',(-5.08421,5.08421,0.));
#1557 = DIRECTION('',(-0.,0.,-1.));
#1558 = DIRECTION('',(-0.,-1.,0.));
#1559 = PLANE('',#1560);
#1560 = AXIS2_PLACEMENT_3D('',#1561,#1562,#1563);
#1561 = CARTESIAN_POINT('',(0.,0.,0.));
#1562 = DIRECTION('',(-0.,-0.,-1.));
#1563 = DIRECTION('',(-1.,0.,0.));
#1564 = ADVANCED_FACE('',(#1565,#1568),#1579,.T.);
#1565 = FACE_BOUND('',#1566,.T.);
#1566 = EDGE_LOOP('',(#1567));
#1567 = ORIENTED_EDGE('',*,*,#1525,.F.);
#1568 = FACE_BOUND('',#1569,.T.);
#1569 = EDGE_LOOP('',(#1570));
#1570 = ORIENTED_EDGE('',*,*,#1571,.F.);
#1571 = EDGE_CURVE('',#1572,#1572,#1574,.T.);
#1572 = VERTEX_POINT('',#1573);
#1573 = CARTESIAN_POINT('',(-5.08421,4.95921,-4.E-02));
#1574 = CIRCLE('',#1575,0.125);
#1575 = AXIS2_PLACEMENT_3D('',#1576,#1577,#1578);
#1576 = CARTESIAN_POINT('',(-5.08421,5.08421,-4.E-02));
#1577 = DIRECTION('',(-0.,0.,-1.));
#1578 = DIRECTION('',(-0.,-1.,0.));
#1579 = PLANE('',#1580);
#1580 = AXIS2_PLACEMENT_3D('',#1581,#1582,#1583);
#1581 = CARTESIAN_POINT('',(0.,0.,-4.E-02));
#1582 = DIRECTION('',(-0.,-0.,-1.));
#1583 = DIRECTION('',(-1.,0.,0.));
#1584 = ADVANCED_FACE('',(#1585),#1596,.F.);
#1585 = FACE_BOUND('',#1586,.T.);
#1586 = EDGE_LOOP('',(#1587,#1588,#1594,#1595));
#1587 = ORIENTED_EDGE('',*,*,#1571,.T.);
#1588 = ORIENTED_EDGE('',*,*,#1589,.T.);
#1589 = EDGE_CURVE('',#1572,#1552,#1590,.T.);
#1590 = LINE('',#1591,#1592);
#1591 = CARTESIAN_POINT('',(-5.08421,4.95921,-4.6E-02));
#1592 = VECTOR('',#1593,1.);
#1593 = DIRECTION('',(0.,0.,1.));
#1594 = ORIENTED_EDGE('',*,*,#1551,.F.);
#1595 = ORIENTED_EDGE('',*,*,#1589,.F.);
#1596 = CYLINDRICAL_SURFACE('',#1597,0.125);
#1597 = AXIS2_PLACEMENT_3D('',#1598,#1599,#1600);
#1598 = CARTESIAN_POINT('',(-5.08421,5.08421,-4.6E-02));
#1599 = DIRECTION('',(-0.,-0.,-1.));
#1600 = DIRECTION('',(-0.,-1.,0.));
#1601 = MANIFOLD_SOLID_BREP('',#1602);
#1602 = CLOSED_SHELL('',(#1603,#1636,#1656,#1676));
#1603 = ADVANCED_FACE('',(#1604),#1631,.T.);
#1604 = FACE_BOUND('',#1605,.F.);
#1605 = EDGE_LOOP('',(#1606,#1616,#1623,#1624));
#1606 = ORIENTED_EDGE('',*,*,#1607,.T.);
#1607 = EDGE_CURVE('',#1608,#1610,#1612,.T.);
#1608 = VERTEX_POINT('',#1609);
#1609 = CARTESIAN_POINT('',(-5.08421,4.93421,-4.E-02));
#1610 = VERTEX_POINT('',#1611);
#1611 = CARTESIAN_POINT('',(-5.08421,4.93421,1.55));
#1612 = LINE('',#1613,#1614);
#1613 = CARTESIAN_POINT('',(-5.08421,4.93421,-4.E-02));
#1614 = VECTOR('',#1615,1.);
#1615 = DIRECTION('',(0.,0.,1.));
#1616 = ORIENTED_EDGE('',*,*,#1617,.T.);
#1617 = EDGE_CURVE('',#1610,#1610,#1618,.T.);
#1618 = CIRCLE('',#1619,0.15);
#1619 = AXIS2_PLACEMENT_3D('',#1620,#1621,#1622);
#1620 = CARTESIAN_POINT('',(-5.08421,5.08421,1.55));
#1621 = DIRECTION('',(0.,-0.,1.));
#1622 = DIRECTION('',(5.921189464667E-15,-1.,-0.));
#1623 = ORIENTED_EDGE('',*,*,#1607,.F.);
#1624 = ORIENTED_EDGE('',*,*,#1625,.F.);
#1625 = EDGE_CURVE('',#1608,#1608,#1626,.T.);
#1626 = CIRCLE('',#1627,0.15);
#1627 = AXIS2_PLACEMENT_3D('',#1628,#1629,#1630);
#1628 = CARTESIAN_POINT('',(-5.08421,5.08421,-4.E-02));
#1629 = DIRECTION('',(0.,-0.,1.));
#1630 = DIRECTION('',(5.921189464667E-15,-1.,-0.));
#1631 = CYLINDRICAL_SURFACE('',#1632,0.15);
#1632 = AXIS2_PLACEMENT_3D('',#1633,#1634,#1635);
#1633 = CARTESIAN_POINT('',(-5.08421,5.08421,-4.E-02));
#1634 = DIRECTION('',(-0.,0.,-1.));
#1635 = DIRECTION('',(5.921189464667E-15,-1.,-0.));
#1636 = ADVANCED_FACE('',(#1637,#1640),#1651,.F.);
#1637 = FACE_BOUND('',#1638,.F.);
#1638 = EDGE_LOOP('',(#1639));
#1639 = ORIENTED_EDGE('',*,*,#1625,.T.);
#1640 = FACE_BOUND('',#1641,.F.);
#1641 = EDGE_LOOP('',(#1642));
#1642 = ORIENTED_EDGE('',*,*,#1643,.T.);
#1643 = EDGE_CURVE('',#1644,#1644,#1646,.T.);
#1644 = VERTEX_POINT('',#1645);
#1645 = CARTESIAN_POINT('',(-5.08421,4.95921,-4.E-02));
#1646 = CIRCLE('',#1647,0.125);
#1647 = AXIS2_PLACEMENT_3D('',#1648,#1649,#1650);
#1648 = CARTESIAN_POINT('',(-5.08421,5.08421,-4.E-02));
#1649 = DIRECTION('',(-0.,0.,-1.));
#1650 = DIRECTION('',(-0.,-1.,0.));
#1651 = PLANE('',#1652);
#1652 = AXIS2_PLACEMENT_3D('',#1653,#1654,#1655);
#1653 = CARTESIAN_POINT('',(-5.08421,4.93421,-4.E-02));
#1654 = DIRECTION('',(0.,0.,1.));
#1655 = DIRECTION('',(1.,0.,-0.));
#1656 = ADVANCED_FACE('',(#1657,#1660),#1671,.T.);
#1657 = FACE_BOUND('',#1658,.T.);
#1658 = EDGE_LOOP('',(#1659));
#1659 = ORIENTED_EDGE('',*,*,#1617,.T.);
#1660 = FACE_BOUND('',#1661,.T.);
#1661 = EDGE_LOOP('',(#1662));
#1662 = ORIENTED_EDGE('',*,*,#1663,.T.);
#1663 = EDGE_CURVE('',#1664,#1664,#1666,.T.);
#1664 = VERTEX_POINT('',#1665);
#1665 = CARTESIAN_POINT('',(-5.08421,4.95921,1.55));
#1666 = CIRCLE('',#1667,0.125);
#1667 = AXIS2_PLACEMENT_3D('',#1668,#1669,#1670);
#1668 = CARTESIAN_POINT('',(-5.08421,5.08421,1.55));
#1669 = DIRECTION('',(-0.,0.,-1.));
#1670 = DIRECTION('',(-0.,-1.,0.));
#1671 = PLANE('',#1672);
#1672 = AXIS2_PLACEMENT_3D('',#1673,#1674,#1675);
#1673 = CARTESIAN_POINT('',(-5.08421,4.93421,1.55));
#1674 = DIRECTION('',(0.,0.,1.));
#1675 = DIRECTION('',(1.,0.,-0.));
#1676 = ADVANCED_FACE('',(#1677),#1688,.F.);
#1677 = FACE_BOUND('',#1678,.T.);
#1678 = EDGE_LOOP('',(#1679,#1680,#1686,#1687));
#1679 = ORIENTED_EDGE('',*,*,#1643,.T.);
#1680 = ORIENTED_EDGE('',*,*,#1681,.T.);
#1681 = EDGE_CURVE('',#1644,#1664,#1682,.T.);
#1682 = LINE('',#1683,#1684);
#1683 = CARTESIAN_POINT('',(-5.08421,4.95921,-4.6E-02));
#1684 = VECTOR('',#1685,1.);
#1685 = DIRECTION('',(0.,0.,1.));
#1686 = ORIENTED_EDGE('',*,*,#1663,.F.);
#1687 = ORIENTED_EDGE('',*,*,#1681,.F.);
#1688 = CYLINDRICAL_SURFACE('',#1689,0.125);
#1689 = AXIS2_PLACEMENT_3D('',#1690,#1691,#1692);
#1690 = CARTESIAN_POINT('',(-5.08421,5.08421,-4.6E-02));
#1691 = DIRECTION('',(-0.,-0.,-1.));
#1692 = DIRECTION('',(-0.,-1.,0.));
#1693 = MANIFOLD_SOLID_BREP('',#1694);
#1694 = CLOSED_SHELL('',(#1695,#1728,#1748,#1768));
#1695 = ADVANCED_FACE('',(#1696),#1723,.T.);
#1696 = FACE_BOUND('',#1697,.F.);
#1697 = EDGE_LOOP('',(#1698,#1708,#1715,#1716));
#1698 = ORIENTED_EDGE('',*,*,#1699,.T.);
#1699 = EDGE_CURVE('',#1700,#1702,#1704,.T.);
#1700 = VERTEX_POINT('',#1701);
#1701 = CARTESIAN_POINT('',(20.975914,-20.675914,1.51));
#1702 = VERTEX_POINT('',#1703);
#1703 = CARTESIAN_POINT('',(20.975914,-20.675914,1.55));
#1704 = LINE('',#1705,#1706);
#1705 = CARTESIAN_POINT('',(20.975914,-20.675914,1.51));
#1706 = VECTOR('',#1707,1.);
#1707 = DIRECTION('',(0.,0.,1.));
#1708 = ORIENTED_EDGE('',*,*,#1709,.T.);
#1709 = EDGE_CURVE('',#1702,#1702,#1710,.T.);
#1710 = CIRCLE('',#1711,0.3);
#1711 = AXIS2_PLACEMENT_3D('',#1712,#1713,#1714);
#1712 = CARTESIAN_POINT('',(20.675914,-20.675914,1.55));
#1713 = DIRECTION('',(0.,0.,1.));
#1714 = DIRECTION('',(1.,0.,-0.));
#1715 = ORIENTED_EDGE('',*,*,#1699,.F.);
#1716 = ORIENTED_EDGE('',*,*,#1717,.F.);
#1717 = EDGE_CURVE('',#1700,#1700,#1718,.T.);
#1718 = CIRCLE('',#1719,0.3);
#1719 = AXIS2_PLACEMENT_3D('',#1720,#1721,#1722);
#1720 = CARTESIAN_POINT('',(20.675914,-20.675914,1.51));
#1721 = DIRECTION('',(0.,0.,1.));
#1722 = DIRECTION('',(1.,0.,-0.));
#1723 = CYLINDRICAL_SURFACE('',#1724,0.3);
#1724 = AXIS2_PLACEMENT_3D('',#1725,#1726,#1727);
#1725 = CARTESIAN_POINT('',(20.675914,-20.675914,1.51));
#1726 = DIRECTION('',(-0.,-0.,-1.));
#1727 = DIRECTION('',(1.,0.,-0.));
#1728 = ADVANCED_FACE('',(#1729,#1732),#1743,.F.);
#1729 = FACE_BOUND('',#1730,.F.);
#1730 = EDGE_LOOP('',(#1731));
#1731 = ORIENTED_EDGE('',*,*,#1717,.T.);
#1732 = FACE_BOUND('',#1733,.F.);
#1733 = EDGE_LOOP('',(#1734));
#1734 = ORIENTED_EDGE('',*,*,#1735,.T.);
#1735 = EDGE_CURVE('',#1736,#1736,#1738,.T.);
#1736 = VERTEX_POINT('',#1737);
#1737 = CARTESIAN_POINT('',(20.675914,-20.800914,1.51));
#1738 = CIRCLE('',#1739,0.125);
#1739 = AXIS2_PLACEMENT_3D('',#1740,#1741,#1742);
#1740 = CARTESIAN_POINT('',(20.675914,-20.675914,1.51));
#1741 = DIRECTION('',(-0.,0.,-1.));
#1742 = DIRECTION('',(-0.,-1.,0.));
#1743 = PLANE('',#1744);
#1744 = AXIS2_PLACEMENT_3D('',#1745,#1746,#1747);
#1745 = CARTESIAN_POINT('',(0.,0.,1.51));
#1746 = DIRECTION('',(0.,0.,1.));
#1747 = DIRECTION('',(1.,0.,-0.));
#1748 = ADVANCED_FACE('',(#1749,#1752),#1763,.T.);
#1749 = FACE_BOUND('',#1750,.T.);
#1750 = EDGE_LOOP('',(#1751));
#1751 = ORIENTED_EDGE('',*,*,#1709,.T.);
#1752 = FACE_BOUND('',#1753,.T.);
#1753 = EDGE_LOOP('',(#1754));
#1754 = ORIENTED_EDGE('',*,*,#1755,.T.);
#1755 = EDGE_CURVE('',#1756,#1756,#1758,.T.);
#1756 = VERTEX_POINT('',#1757);
#1757 = CARTESIAN_POINT('',(20.675914,-20.800914,1.55));
#1758 = CIRCLE('',#1759,0.125);
#1759 = AXIS2_PLACEMENT_3D('',#1760,#1761,#1762);
#1760 = CARTESIAN_POINT('',(20.675914,-20.675914,1.55));
#1761 = DIRECTION('',(-0.,0.,-1.));
#1762 = DIRECTION('',(-0.,-1.,0.));
#1763 = PLANE('',#1764);
#1764 = AXIS2_PLACEMENT_3D('',#1765,#1766,#1767);
#1765 = CARTESIAN_POINT('',(0.,0.,1.55));
#1766 = DIRECTION('',(0.,0.,1.));
#1767 = DIRECTION('',(1.,0.,-0.));
#1768 = ADVANCED_FACE('',(#1769),#1780,.F.);
#1769 = FACE_BOUND('',#1770,.T.);
#1770 = EDGE_LOOP('',(#1771,#1772,#1778,#1779));
#1771 = ORIENTED_EDGE('',*,*,#1735,.T.);
#1772 = ORIENTED_EDGE('',*,*,#1773,.T.);
#1773 = EDGE_CURVE('',#1736,#1756,#1774,.T.);
#1774 = LINE('',#1775,#1776);
#1775 = CARTESIAN_POINT('',(20.675914,-20.800914,-4.6E-02));
#1776 = VECTOR('',#1777,1.);
#1777 = DIRECTION('',(0.,0.,1.));
#1778 = ORIENTED_EDGE('',*,*,#1755,.F.);
#1779 = ORIENTED_EDGE('',*,*,#1773,.F.);
#1780 = CYLINDRICAL_SURFACE('',#1781,0.125);
#1781 = AXIS2_PLACEMENT_3D('',#1782,#1783,#1784);
#1782 = CARTESIAN_POINT('',(20.675914,-20.675914,-4.6E-02));
#1783 = DIRECTION('',(-0.,-0.,-1.));
#1784 = DIRECTION('',(-0.,-1.,0.));
#1785 = MANIFOLD_SOLID_BREP('',#1786);
#1786 = CLOSED_SHELL('',(#1787,#1820,#1840,#1860));
#1787 = ADVANCED_FACE('',(#1788),#1815,.T.);
#1788 = FACE_BOUND('',#1789,.T.);
#1789 = EDGE_LOOP('',(#1790,#1800,#1807,#1808));
#1790 = ORIENTED_EDGE('',*,*,#1791,.T.);
#1791 = EDGE_CURVE('',#1792,#1794,#1796,.T.);
#1792 = VERTEX_POINT('',#1793);
#1793 = CARTESIAN_POINT('',(20.975914,-20.675914,0.));
#1794 = VERTEX_POINT('',#1795);
#1795 = CARTESIAN_POINT('',(20.975914,-20.675914,-4.E-02));
#1796 = LINE('',#1797,#1798);
#1797 = CARTESIAN_POINT('',(20.975914,-20.675914,0.));
#1798 = VECTOR('',#1799,1.);
#1799 = DIRECTION('',(0.,0.,-1.));
#1800 = ORIENTED_EDGE('',*,*,#1801,.T.);
#1801 = EDGE_CURVE('',#1794,#1794,#1802,.T.);
#1802 = CIRCLE('',#1803,0.3);
#1803 = AXIS2_PLACEMENT_3D('',#1804,#1805,#1806);
#1804 = CARTESIAN_POINT('',(20.675914,-20.675914,-4.E-02));
#1805 = DIRECTION('',(0.,0.,1.));
#1806 = DIRECTION('',(1.,0.,-0.));
#1807 = ORIENTED_EDGE('',*,*,#1791,.F.);
#1808 = ORIENTED_EDGE('',*,*,#1809,.F.);
#1809 = EDGE_CURVE('',#1792,#1792,#1810,.T.);
#1810 = CIRCLE('',#1811,0.3);
#1811 = AXIS2_PLACEMENT_3D('',#1812,#1813,#1814);
#1812 = CARTESIAN_POINT('',(20.675914,-20.675914,0.));
#1813 = DIRECTION('',(0.,0.,1.));
#1814 = DIRECTION('',(1.,0.,-0.));
#1815 = CYLINDRICAL_SURFACE('',#1816,0.3);
#1816 = AXIS2_PLACEMENT_3D('',#1817,#1818,#1819);
#1817 = CARTESIAN_POINT('',(20.675914,-20.675914,0.));
#1818 = DIRECTION('',(0.,0.,1.));
#1819 = DIRECTION('',(1.,0.,-0.));
#1820 = ADVANCED_FACE('',(#1821,#1824),#1835,.F.);
#1821 = FACE_BOUND('',#1822,.F.);
#1822 = EDGE_LOOP('',(#1823));
#1823 = ORIENTED_EDGE('',*,*,#1809,.F.);
#1824 = FACE_BOUND('',#1825,.F.);
#1825 = EDGE_LOOP('',(#1826));
#1826 = ORIENTED_EDGE('',*,*,#1827,.F.);
#1827 = EDGE_CURVE('',#1828,#1828,#1830,.T.);
#1828 = VERTEX_POINT('',#1829);
#1829 = CARTESIAN_POINT('',(20.675914,-20.800914,0.));
#1830 = CIRCLE('',#1831,0.125);
#1831 = AXIS2_PLACEMENT_3D('',#1832,#1833,#1834);
#1832 = CARTESIAN_POINT('',(20.675914,-20.675914,0.));
#1833 = DIRECTION('',(-0.,0.,-1.));
#1834 = DIRECTION('',(-0.,-1.,0.));
#1835 = PLANE('',#1836);
#1836 = AXIS2_PLACEMENT_3D('',#1837,#1838,#1839);
#1837 = CARTESIAN_POINT('',(0.,0.,0.));
#1838 = DIRECTION('',(-0.,-0.,-1.));
#1839 = DIRECTION('',(-1.,0.,0.));
#1840 = ADVANCED_FACE('',(#1841,#1844),#1855,.T.);
#1841 = FACE_BOUND('',#1842,.T.);
#1842 = EDGE_LOOP('',(#1843));
#1843 = ORIENTED_EDGE('',*,*,#1801,.F.);
#1844 = FACE_BOUND('',#1845,.T.);
#1845 = EDGE_LOOP('',(#1846));
#1846 = ORIENTED_EDGE('',*,*,#1847,.F.);
#1847 = EDGE_CURVE('',#1848,#1848,#1850,.T.);
#1848 = VERTEX_POINT('',#1849);
#1849 = CARTESIAN_POINT('',(20.675914,-20.800914,-4.E-02));
#1850 = CIRCLE('',#1851,0.125);
#1851 = AXIS2_PLACEMENT_3D('',#1852,#1853,#1854);
#1852 = CARTESIAN_POINT('',(20.675914,-20.675914,-4.E-02));
#1853 = DIRECTION('',(-0.,0.,-1.));
#1854 = DIRECTION('',(-0.,-1.,0.));
#1855 = PLANE('',#1856);
#1856 = AXIS2_PLACEMENT_3D('',#1857,#1858,#1859);
#1857 = CARTESIAN_POINT('',(0.,0.,-4.E-02));
#1858 = DIRECTION('',(-0.,-0.,-1.));
#1859 = DIRECTION('',(-1.,0.,0.));
#1860 = ADVANCED_FACE('',(#1861),#1872,.F.);
#1861 = FACE_BOUND('',#1862,.T.);
#1862 = EDGE_LOOP('',(#1863,#1864,#1870,#1871));
#1863 = ORIENTED_EDGE('',*,*,#1847,.T.);
#1864 = ORIENTED_EDGE('',*,*,#1865,.T.);
#1865 = EDGE_CURVE('',#1848,#1828,#1866,.T.);
#1866 = LINE('',#1867,#1868);
#1867 = CARTESIAN_POINT('',(20.675914,-20.800914,-4.6E-02));
#1868 = VECTOR('',#1869,1.);
#1869 = DIRECTION('',(0.,0.,1.));
#1870 = ORIENTED_EDGE('',*,*,#1827,.F.);
#1871 = ORIENTED_EDGE('',*,*,#1865,.F.);
#1872 = CYLINDRICAL_SURFACE('',#1873,0.125);
#1873 = AXIS2_PLACEMENT_3D('',#1874,#1875,#1876);
#1874 = CARTESIAN_POINT('',(20.675914,-20.675914,-4.6E-02));
#1875 = DIRECTION('',(-0.,-0.,-1.));
#1876 = DIRECTION('',(-0.,-1.,0.));
#1877 = MANIFOLD_SOLID_BREP('',#1878);
#1878 = CLOSED_SHELL('',(#1879,#1912,#1932,#1952));
#1879 = ADVANCED_FACE('',(#1880),#1907,.T.);
#1880 = FACE_BOUND('',#1881,.F.);
#1881 = EDGE_LOOP('',(#1882,#1892,#1899,#1900));
#1882 = ORIENTED_EDGE('',*,*,#1883,.T.);
#1883 = EDGE_CURVE('',#1884,#1886,#1888,.T.);
#1884 = VERTEX_POINT('',#1885);
#1885 = CARTESIAN_POINT('',(20.675914,-20.825914,-4.E-02));
#1886 = VERTEX_POINT('',#1887);
#1887 = CARTESIAN_POINT('',(20.675914,-20.825914,1.55));
#1888 = LINE('',#1889,#1890);
#1889 = CARTESIAN_POINT('',(20.675914,-20.825914,-4.E-02));
#1890 = VECTOR('',#1891,1.);
#1891 = DIRECTION('',(0.,0.,1.));
#1892 = ORIENTED_EDGE('',*,*,#1893,.T.);
#1893 = EDGE_CURVE('',#1886,#1886,#1894,.T.);
#1894 = CIRCLE('',#1895,0.15);
#1895 = AXIS2_PLACEMENT_3D('',#1896,#1897,#1898);
#1896 = CARTESIAN_POINT('',(20.675914,-20.675914,1.55));
#1897 = DIRECTION('',(0.,0.,1.));
#1898 = DIRECTION('',(-0.,-1.,0.));
#1899 = ORIENTED_EDGE('',*,*,#1883,.F.);
#1900 = ORIENTED_EDGE('',*,*,#1901,.F.);
#1901 = EDGE_CURVE('',#1884,#1884,#1902,.T.);
#1902 = CIRCLE('',#1903,0.15);
#1903 = AXIS2_PLACEMENT_3D('',#1904,#1905,#1906);
#1904 = CARTESIAN_POINT('',(20.675914,-20.675914,-4.E-02));
#1905 = DIRECTION('',(0.,0.,1.));
#1906 = DIRECTION('',(-0.,-1.,0.));
#1907 = CYLINDRICAL_SURFACE('',#1908,0.15);
#1908 = AXIS2_PLACEMENT_3D('',#1909,#1910,#1911);
#1909 = CARTESIAN_POINT('',(20.675914,-20.675914,-4.E-02));
#1910 = DIRECTION('',(-0.,-0.,-1.));
#1911 = DIRECTION('',(-0.,-1.,0.));
#1912 = ADVANCED_FACE('',(#1913,#1916),#1927,.F.);
#1913 = FACE_BOUND('',#1914,.F.);
#1914 = EDGE_LOOP('',(#1915));
#1915 = ORIENTED_EDGE('',*,*,#1901,.T.);
#1916 = FACE_BOUND('',#1917,.F.);
#1917 = EDGE_LOOP('',(#1918));
#1918 = ORIENTED_EDGE('',*,*,#1919,.T.);
#1919 = EDGE_CURVE('',#1920,#1920,#1922,.T.);
#1920 = VERTEX_POINT('',#1921);
#1921 = CARTESIAN_POINT('',(20.675914,-20.800914,-4.E-02));
#1922 = CIRCLE('',#1923,0.125);
#1923 = AXIS2_PLACEMENT_3D('',#1924,#1925,#1926);
#1924 = CARTESIAN_POINT('',(20.675914,-20.675914,-4.E-02));
#1925 = DIRECTION('',(-0.,0.,-1.));
#1926 = DIRECTION('',(-0.,-1.,0.));
#1927 = PLANE('',#1928);
#1928 = AXIS2_PLACEMENT_3D('',#1929,#1930,#1931);
#1929 = CARTESIAN_POINT('',(20.675914,-20.825914,-4.E-02));
#1930 = DIRECTION('',(0.,0.,1.));
#1931 = DIRECTION('',(1.,0.,-0.));
#1932 = ADVANCED_FACE('',(#1933,#1936),#1947,.T.);
#1933 = FACE_BOUND('',#1934,.T.);
#1934 = EDGE_LOOP('',(#1935));
#1935 = ORIENTED_EDGE('',*,*,#1893,.T.);
#1936 = FACE_BOUND('',#1937,.T.);
#1937 = EDGE_LOOP('',(#1938));
#1938 = ORIENTED_EDGE('',*,*,#1939,.T.);
#1939 = EDGE_CURVE('',#1940,#1940,#1942,.T.);
#1940 = VERTEX_POINT('',#1941);
#1941 = CARTESIAN_POINT('',(20.675914,-20.800914,1.55));
#1942 = CIRCLE('',#1943,0.125);
#1943 = AXIS2_PLACEMENT_3D('',#1944,#1945,#1946);
#1944 = CARTESIAN_POINT('',(20.675914,-20.675914,1.55));
#1945 = DIRECTION('',(-0.,0.,-1.));
#1946 = DIRECTION('',(-0.,-1.,0.));
#1947 = PLANE('',#1948);
#1948 = AXIS2_PLACEMENT_3D('',#1949,#1950,#1951);
#1949 = CARTESIAN_POINT('',(20.675914,-20.825914,1.55));
#1950 = DIRECTION('',(0.,0.,1.));
#1951 = DIRECTION('',(1.,0.,-0.));
#1952 = ADVANCED_FACE('',(#1953),#1964,.F.);
#1953 = FACE_BOUND('',#1954,.T.);
#1954 = EDGE_LOOP('',(#1955,#1956,#1962,#1963));
#1955 = ORIENTED_EDGE('',*,*,#1919,.T.);
#1956 = ORIENTED_EDGE('',*,*,#1957,.T.);
#1957 = EDGE_CURVE('',#1920,#1940,#1958,.T.);
#1958 = LINE('',#1959,#1960);
#1959 = CARTESIAN_POINT('',(20.675914,-20.800914,-4.6E-02));
#1960 = VECTOR('',#1961,1.);
#1961 = DIRECTION('',(0.,0.,1.));
#1962 = ORIENTED_EDGE('',*,*,#1939,.F.);
#1963 = ORIENTED_EDGE('',*,*,#1957,.F.);
#1964 = CYLINDRICAL_SURFACE('',#1965,0.125);
#1965 = AXIS2_PLACEMENT_3D('',#1966,#1967,#1968);
#1966 = CARTESIAN_POINT('',(20.675914,-20.675914,-4.6E-02));
#1967 = DIRECTION('',(-0.,-0.,-1.));
#1968 = DIRECTION('',(-0.,-1.,0.));
#1969 = MANIFOLD_SOLID_BREP('',#1970);
#1970 = CLOSED_SHELL('',(#1971,#2004,#2024,#2044));
#1971 = ADVANCED_FACE('',(#1972),#1999,.T.);
#1972 = FACE_BOUND('',#1973,.F.);
#1973 = EDGE_LOOP('',(#1974,#1984,#1991,#1992));
#1974 = ORIENTED_EDGE('',*,*,#1975,.T.);
#1975 = EDGE_CURVE('',#1976,#1978,#1980,.T.);
#1976 = VERTEX_POINT('',#1977);
#1977 = CARTESIAN_POINT('',(14.824086,-14.524086,1.51));
#1978 = VERTEX_POINT('',#1979);
#1979 = CARTESIAN_POINT('',(14.824086,-14.524086,1.55));
#1980 = LINE('',#1981,#1982);
#1981 = CARTESIAN_POINT('',(14.824086,-14.524086,1.51));
#1982 = VECTOR('',#1983,1.);
#1983 = DIRECTION('',(0.,0.,1.));
#1984 = ORIENTED_EDGE('',*,*,#1985,.T.);
#1985 = EDGE_CURVE('',#1978,#1978,#1986,.T.);
#1986 = CIRCLE('',#1987,0.3);
#1987 = AXIS2_PLACEMENT_3D('',#1988,#1989,#1990);
#1988 = CARTESIAN_POINT('',(14.524086,-14.524086,1.55));
#1989 = DIRECTION('',(0.,0.,1.));
#1990 = DIRECTION('',(1.,0.,-0.));
#1991 = ORIENTED_EDGE('',*,*,#1975,.F.);
#1992 = ORIENTED_EDGE('',*,*,#1993,.F.);
#1993 = EDGE_CURVE('',#1976,#1976,#1994,.T.);
#1994 = CIRCLE('',#1995,0.3);
#1995 = AXIS2_PLACEMENT_3D('',#1996,#1997,#1998);
#1996 = CARTESIAN_POINT('',(14.524086,-14.524086,1.51));
#1997 = DIRECTION('',(0.,0.,1.));
#1998 = DIRECTION('',(1.,0.,-0.));
#1999 = CYLINDRICAL_SURFACE('',#2000,0.3);
#2000 = AXIS2_PLACEMENT_3D('',#2001,#2002,#2003);
#2001 = CARTESIAN_POINT('',(14.524086,-14.524086,1.51));
#2002 = DIRECTION('',(-0.,-0.,-1.));
#2003 = DIRECTION('',(1.,0.,-0.));
#2004 = ADVANCED_FACE('',(#2005,#2008),#2019,.F.);
#2005 = FACE_BOUND('',#2006,.F.);
#2006 = EDGE_LOOP('',(#2007));
#2007 = ORIENTED_EDGE('',*,*,#1993,.T.);
#2008 = FACE_BOUND('',#2009,.F.);
#2009 = EDGE_LOOP('',(#2010));
#2010 = ORIENTED_EDGE('',*,*,#2011,.T.);
#2011 = EDGE_CURVE('',#2012,#2012,#2014,.T.);
#2012 = VERTEX_POINT('',#2013);
#2013 = CARTESIAN_POINT('',(14.524086,-14.649086,1.51));
#2014 = CIRCLE('',#2015,0.125);
#2015 = AXIS2_PLACEMENT_3D('',#2016,#2017,#2018);
#2016 = CARTESIAN_POINT('',(14.524086,-14.524086,1.51));
#2017 = DIRECTION('',(-0.,0.,-1.));
#2018 = DIRECTION('',(-0.,-1.,0.));
#2019 = PLANE('',#2020);
#2020 = AXIS2_PLACEMENT_3D('',#2021,#2022,#2023);
#2021 = CARTESIAN_POINT('',(0.,0.,1.51));
#2022 = DIRECTION('',(0.,0.,1.));
#2023 = DIRECTION('',(1.,0.,-0.));
#2024 = ADVANCED_FACE('',(#2025,#2028),#2039,.T.);
#2025 = FACE_BOUND('',#2026,.T.);
#2026 = EDGE_LOOP('',(#2027));
#2027 = ORIENTED_EDGE('',*,*,#1985,.T.);
#2028 = FACE_BOUND('',#2029,.T.);
#2029 = EDGE_LOOP('',(#2030));
#2030 = ORIENTED_EDGE('',*,*,#2031,.T.);
#2031 = EDGE_CURVE('',#2032,#2032,#2034,.T.);
#2032 = VERTEX_POINT('',#2033);
#2033 = CARTESIAN_POINT('',(14.524086,-14.649086,1.55));
#2034 = CIRCLE('',#2035,0.125);
#2035 = AXIS2_PLACEMENT_3D('',#2036,#2037,#2038);
#2036 = CARTESIAN_POINT('',(14.524086,-14.524086,1.55));
#2037 = DIRECTION('',(-0.,0.,-1.));
#2038 = DIRECTION('',(-0.,-1.,0.));
#2039 = PLANE('',#2040);
#2040 = AXIS2_PLACEMENT_3D('',#2041,#2042,#2043);
#2041 = CARTESIAN_POINT('',(0.,0.,1.55));
#2042 = DIRECTION('',(0.,0.,1.));
#2043 = DIRECTION('',(1.,0.,-0.));
#2044 = ADVANCED_FACE('',(#2045),#2056,.F.);
#2045 = FACE_BOUND('',#2046,.T.);
#2046 = EDGE_LOOP('',(#2047,#2048,#2054,#2055));
#2047 = ORIENTED_EDGE('',*,*,#2011,.T.);
#2048 = ORIENTED_EDGE('',*,*,#2049,.T.);
#2049 = EDGE_CURVE('',#2012,#2032,#2050,.T.);
#2050 = LINE('',#2051,#2052);
#2051 = CARTESIAN_POINT('',(14.524086,-14.649086,-4.6E-02));
#2052 = VECTOR('',#2053,1.);
#2053 = DIRECTION('',(0.,0.,1.));
#2054 = ORIENTED_EDGE('',*,*,#2031,.F.);
#2055 = ORIENTED_EDGE('',*,*,#2049,.F.);
#2056 = CYLINDRICAL_SURFACE('',#2057,0.125);
#2057 = AXIS2_PLACEMENT_3D('',#2058,#2059,#2060);
#2058 = CARTESIAN_POINT('',(14.524086,-14.524086,-4.6E-02));
#2059 = DIRECTION('',(-0.,-0.,-1.));
#2060 = DIRECTION('',(-0.,-1.,0.));
#2061 = MANIFOLD_SOLID_BREP('',#2062);
#2062 = CLOSED_SHELL('',(#2063,#2096,#2116,#2136));
#2063 = ADVANCED_FACE('',(#2064),#2091,.T.);
#2064 = FACE_BOUND('',#2065,.T.);
#2065 = EDGE_LOOP('',(#2066,#2076,#2083,#2084));
#2066 = ORIENTED_EDGE('',*,*,#2067,.T.);
#2067 = EDGE_CURVE('',#2068,#2070,#2072,.T.);
#2068 = VERTEX_POINT('',#2069);
#2069 = CARTESIAN_POINT('',(14.824086,-14.524086,0.));
#2070 = VERTEX_POINT('',#2071);
#2071 = CARTESIAN_POINT('',(14.824086,-14.524086,-4.E-02));
#2072 = LINE('',#2073,#2074);
#2073 = CARTESIAN_POINT('',(14.824086,-14.524086,0.));
#2074 = VECTOR('',#2075,1.);
#2075 = DIRECTION('',(0.,0.,-1.));
#2076 = ORIENTED_EDGE('',*,*,#2077,.T.);
#2077 = EDGE_CURVE('',#2070,#2070,#2078,.T.);
#2078 = CIRCLE('',#2079,0.3);
#2079 = AXIS2_PLACEMENT_3D('',#2080,#2081,#2082);
#2080 = CARTESIAN_POINT('',(14.524086,-14.524086,-4.E-02));
#2081 = DIRECTION('',(0.,0.,1.));
#2082 = DIRECTION('',(1.,0.,-0.));
#2083 = ORIENTED_EDGE('',*,*,#2067,.F.);
#2084 = ORIENTED_EDGE('',*,*,#2085,.F.);
#2085 = EDGE_CURVE('',#2068,#2068,#2086,.T.);
#2086 = CIRCLE('',#2087,0.3);
#2087 = AXIS2_PLACEMENT_3D('',#2088,#2089,#2090);
#2088 = CARTESIAN_POINT('',(14.524086,-14.524086,0.));
#2089 = DIRECTION('',(0.,0.,1.));
#2090 = DIRECTION('',(1.,0.,-0.));
#2091 = CYLINDRICAL_SURFACE('',#2092,0.3);
#2092 = AXIS2_PLACEMENT_3D('',#2093,#2094,#2095);
#2093 = CARTESIAN_POINT('',(14.524086,-14.524086,0.));
#2094 = DIRECTION('',(0.,0.,1.));
#2095 = DIRECTION('',(1.,0.,-0.));
#2096 = ADVANCED_FACE('',(#2097,#2100),#2111,.F.);
#2097 = FACE_BOUND('',#2098,.F.);
#2098 = EDGE_LOOP('',(#2099));
#2099 = ORIENTED_EDGE('',*,*,#2085,.F.);
#2100 = FACE_BOUND('',#2101,.F.);
#2101 = EDGE_LOOP('',(#2102));
#2102 = ORIENTED_EDGE('',*,*,#2103,.F.);
#2103 = EDGE_CURVE('',#2104,#2104,#2106,.T.);
#2104 = VERTEX_POINT('',#2105);
#2105 = CARTESIAN_POINT('',(14.524086,-14.649086,0.));
#2106 = CIRCLE('',#2107,0.125);
#2107 = AXIS2_PLACEMENT_3D('',#2108,#2109,#2110);
#2108 = CARTESIAN_POINT('',(14.524086,-14.524086,0.));
#2109 = DIRECTION('',(-0.,0.,-1.));
#2110 = DIRECTION('',(-0.,-1.,0.));
#2111 = PLANE('',#2112);
#2112 = AXIS2_PLACEMENT_3D('',#2113,#2114,#2115);
#2113 = CARTESIAN_POINT('',(0.,0.,0.));
#2114 = DIRECTION('',(-0.,-0.,-1.));
#2115 = DIRECTION('',(-1.,0.,0.));
#2116 = ADVANCED_FACE('',(#2117,#2120),#2131,.T.);
#2117 = FACE_BOUND('',#2118,.T.);
#2118 = EDGE_LOOP('',(#2119));
#2119 = ORIENTED_EDGE('',*,*,#2077,.F.);
#2120 = FACE_BOUND('',#2121,.T.);
#2121 = EDGE_LOOP('',(#2122));
#2122 = ORIENTED_EDGE('',*,*,#2123,.F.);
#2123 = EDGE_CURVE('',#2124,#2124,#2126,.T.);
#2124 = VERTEX_POINT('',#2125);
#2125 = CARTESIAN_POINT('',(14.524086,-14.649086,-4.E-02));
#2126 = CIRCLE('',#2127,0.125);
#2127 = AXIS2_PLACEMENT_3D('',#2128,#2129,#2130);
#2128 = CARTESIAN_POINT('',(14.524086,-14.524086,-4.E-02));
#2129 = DIRECTION('',(-0.,0.,-1.));
#2130 = DIRECTION('',(-0.,-1.,0.));
#2131 = PLANE('',#2132);
#2132 = AXIS2_PLACEMENT_3D('',#2133,#2134,#2135);
#2133 = CARTESIAN_POINT('',(0.,0.,-4.E-02));
#2134 = DIRECTION('',(-0.,-0.,-1.));
#2135 = DIRECTION('',(-1.,0.,0.));
#2136 = ADVANCED_FACE('',(#2137),#2148,.F.);
#2137 = FACE_BOUND('',#2138,.T.);
#2138 = EDGE_LOOP('',(#2139,#2140,#2146,#2147));
#2139 = ORIENTED_EDGE('',*,*,#2123,.T.);
#2140 = ORIENTED_EDGE('',*,*,#2141,.T.);
#2141 = EDGE_CURVE('',#2124,#2104,#2142,.T.);
#2142 = LINE('',#2143,#2144);
#2143 = CARTESIAN_POINT('',(14.524086,-14.649086,-4.6E-02));
#2144 = VECTOR('',#2145,1.);
#2145 = DIRECTION('',(0.,0.,1.));
#2146 = ORIENTED_EDGE('',*,*,#2103,.F.);
#2147 = ORIENTED_EDGE('',*,*,#2141,.F.);
#2148 = CYLINDRICAL_SURFACE('',#2149,0.125);
#2149 = AXIS2_PLACEMENT_3D('',#2150,#2151,#2152);
#2150 = CARTESIAN_POINT('',(14.524086,-14.524086,-4.6E-02));
#2151 = DIRECTION('',(-0.,-0.,-1.));
#2152 = DIRECTION('',(-0.,-1.,0.));
#2153 = MANIFOLD_SOLID_BREP('',#2154);
#2154 = CLOSED_SHELL('',(#2155,#2188,#2208,#2228));
#2155 = ADVANCED_FACE('',(#2156),#2183,.T.);
#2156 = FACE_BOUND('',#2157,.F.);
#2157 = EDGE_LOOP('',(#2158,#2168,#2175,#2176));
#2158 = ORIENTED_EDGE('',*,*,#2159,.T.);
#2159 = EDGE_CURVE('',#2160,#2162,#2164,.T.);
#2160 = VERTEX_POINT('',#2161);
#2161 = CARTESIAN_POINT('',(14.524086,-14.674086,-4.E-02));
#2162 = VERTEX_POINT('',#2163);
#2163 = CARTESIAN_POINT('',(14.524086,-14.674086,1.55));
#2164 = LINE('',#2165,#2166);
#2165 = CARTESIAN_POINT('',(14.524086,-14.674086,-4.E-02));
#2166 = VECTOR('',#2167,1.);
#2167 = DIRECTION('',(0.,0.,1.));
#2168 = ORIENTED_EDGE('',*,*,#2169,.T.);
#2169 = EDGE_CURVE('',#2162,#2162,#2170,.T.);
#2170 = CIRCLE('',#2171,0.15);
#2171 = AXIS2_PLACEMENT_3D('',#2172,#2173,#2174);
#2172 = CARTESIAN_POINT('',(14.524086,-14.524086,1.55));
#2173 = DIRECTION('',(0.,0.,1.));
#2174 = DIRECTION('',(-0.,-1.,0.));
#2175 = ORIENTED_EDGE('',*,*,#2159,.F.);
#2176 = ORIENTED_EDGE('',*,*,#2177,.F.);
#2177 = EDGE_CURVE('',#2160,#2160,#2178,.T.);
#2178 = CIRCLE('',#2179,0.15);
#2179 = AXIS2_PLACEMENT_3D('',#2180,#2181,#2182);
#2180 = CARTESIAN_POINT('',(14.524086,-14.524086,-4.E-02));
#2181 = DIRECTION('',(0.,0.,1.));
#2182 = DIRECTION('',(-0.,-1.,0.));
#2183 = CYLINDRICAL_SURFACE('',#2184,0.15);
#2184 = AXIS2_PLACEMENT_3D('',#2185,#2186,#2187);
#2185 = CARTESIAN_POINT('',(14.524086,-14.524086,-4.E-02));
#2186 = DIRECTION('',(-0.,-0.,-1.));
#2187 = DIRECTION('',(-0.,-1.,0.));
#2188 = ADVANCED_FACE('',(#2189,#2192),#2203,.F.);
#2189 = FACE_BOUND('',#2190,.F.);
#2190 = EDGE_LOOP('',(#2191));
#2191 = ORIENTED_EDGE('',*,*,#2177,.T.);
#2192 = FACE_BOUND('',#2193,.F.);
#2193 = EDGE_LOOP('',(#2194));
#2194 = ORIENTED_EDGE('',*,*,#2195,.T.);
#2195 = EDGE_CURVE('',#2196,#2196,#2198,.T.);
#2196 = VERTEX_POINT('',#2197);
#2197 = CARTESIAN_POINT('',(14.524086,-14.649086,-4.E-02));
#2198 = CIRCLE('',#2199,0.125);
#2199 = AXIS2_PLACEMENT_3D('',#2200,#2201,#2202);
#2200 = CARTESIAN_POINT('',(14.524086,-14.524086,-4.E-02));
#2201 = DIRECTION('',(-0.,0.,-1.));
#2202 = DIRECTION('',(-0.,-1.,0.));
#2203 = PLANE('',#2204);
#2204 = AXIS2_PLACEMENT_3D('',#2205,#2206,#2207);
#2205 = CARTESIAN_POINT('',(14.524086,-14.674086,-4.E-02));
#2206 = DIRECTION('',(0.,0.,1.));
#2207 = DIRECTION('',(1.,0.,-0.));
#2208 = ADVANCED_FACE('',(#2209,#2212),#2223,.T.);
#2209 = FACE_BOUND('',#2210,.T.);
#2210 = EDGE_LOOP('',(#2211));
#2211 = ORIENTED_EDGE('',*,*,#2169,.T.);
#2212 = FACE_BOUND('',#2213,.T.);
#2213 = EDGE_LOOP('',(#2214));
#2214 = ORIENTED_EDGE('',*,*,#2215,.T.);
#2215 = EDGE_CURVE('',#2216,#2216,#2218,.T.);
#2216 = VERTEX_POINT('',#2217);
#2217 = CARTESIAN_POINT('',(14.524086,-14.649086,1.55));
#2218 = CIRCLE('',#2219,0.125);
#2219 = AXIS2_PLACEMENT_3D('',#2220,#2221,#2222);
#2220 = CARTESIAN_POINT('',(14.524086,-14.524086,1.55));
#2221 = DIRECTION('',(-0.,0.,-1.));
#2222 = DIRECTION('',(-0.,-1.,0.));
#2223 = PLANE('',#2224);
#2224 = AXIS2_PLACEMENT_3D('',#2225,#2226,#2227);
#2225 = CARTESIAN_POINT('',(14.524086,-14.674086,1.55));
#2226 = DIRECTION('',(0.,0.,1.));
#2227 = DIRECTION('',(1.,0.,-0.));
#2228 = ADVANCED_FACE('',(#2229),#2240,.F.);
#2229 = FACE_BOUND('',#2230,.T.);
#2230 = EDGE_LOOP('',(#2231,#2232,#2238,#2239));
#2231 = ORIENTED_EDGE('',*,*,#2195,.T.);
#2232 = ORIENTED_EDGE('',*,*,#2233,.T.);
#2233 = EDGE_CURVE('',#2196,#2216,#2234,.T.);
#2234 = LINE('',#2235,#2236);
#2235 = CARTESIAN_POINT('',(14.524086,-14.649086,-4.6E-02));
#2236 = VECTOR('',#2237,1.);
#2237 = DIRECTION('',(0.,0.,1.));
#2238 = ORIENTED_EDGE('',*,*,#2215,.F.);
#2239 = ORIENTED_EDGE('',*,*,#2233,.F.);
#2240 = CYLINDRICAL_SURFACE('',#2241,0.125);
#2241 = AXIS2_PLACEMENT_3D('',#2242,#2243,#2244);
#2242 = CARTESIAN_POINT('',(14.524086,-14.524086,-4.6E-02));
#2243 = DIRECTION('',(-0.,-0.,-1.));
#2244 = DIRECTION('',(-0.,-1.,0.));
#2245 = MANIFOLD_SOLID_BREP('',#2246);
#2246 = CLOSED_SHELL('',(#2247,#2280,#2300,#2320));
#2247 = ADVANCED_FACE('',(#2248),#2275,.T.);
#2248 = FACE_BOUND('',#2249,.F.);
#2249 = EDGE_LOOP('',(#2250,#2260,#2267,#2268));
#2250 = ORIENTED_EDGE('',*,*,#2251,.T.);
#2251 = EDGE_CURVE('',#2252,#2254,#2256,.T.);
#2252 = VERTEX_POINT('',#2253);
#2253 = CARTESIAN_POINT('',(5.38421,-5.08421,1.51));
#2254 = VERTEX_POINT('',#2255);
#2255 = CARTESIAN_POINT('',(5.38421,-5.08421,1.55));
#2256 = LINE('',#2257,#2258);
#2257 = CARTESIAN_POINT('',(5.38421,-5.08421,1.51));
#2258 = VECTOR('',#2259,1.);
#2259 = DIRECTION('',(0.,0.,1.));
#2260 = ORIENTED_EDGE('',*,*,#2261,.T.);
#2261 = EDGE_CURVE('',#2254,#2254,#2262,.T.);
#2262 = CIRCLE('',#2263,0.3);
#2263 = AXIS2_PLACEMENT_3D('',#2264,#2265,#2266);
#2264 = CARTESIAN_POINT('',(5.08421,-5.08421,1.55));
#2265 = DIRECTION('',(0.,0.,1.));
#2266 = DIRECTION('',(1.,0.,-0.));
#2267 = ORIENTED_EDGE('',*,*,#2251,.F.);
#2268 = ORIENTED_EDGE('',*,*,#2269,.F.);
#2269 = EDGE_CURVE('',#2252,#2252,#2270,.T.);
#2270 = CIRCLE('',#2271,0.3);
#2271 = AXIS2_PLACEMENT_3D('',#2272,#2273,#2274);
#2272 = CARTESIAN_POINT('',(5.08421,-5.08421,1.51));
#2273 = DIRECTION('',(0.,0.,1.));
#2274 = DIRECTION('',(1.,0.,-0.));
#2275 = CYLINDRICAL_SURFACE('',#2276,0.3);
#2276 = AXIS2_PLACEMENT_3D('',#2277,#2278,#2279);
#2277 = CARTESIAN_POINT('',(5.08421,-5.08421,1.51));
#2278 = DIRECTION('',(-0.,-0.,-1.));
#2279 = DIRECTION('',(1.,0.,-0.));
#2280 = ADVANCED_FACE('',(#2281,#2284),#2295,.F.);
#2281 = FACE_BOUND('',#2282,.F.);
#2282 = EDGE_LOOP('',(#2283));
#2283 = ORIENTED_EDGE('',*,*,#2269,.T.);
#2284 = FACE_BOUND('',#2285,.F.);
#2285 = EDGE_LOOP('',(#2286));
#2286 = ORIENTED_EDGE('',*,*,#2287,.T.);
#2287 = EDGE_CURVE('',#2288,#2288,#2290,.T.);
#2288 = VERTEX_POINT('',#2289);
#2289 = CARTESIAN_POINT('',(5.08421,-5.20921,1.51));
#2290 = CIRCLE('',#2291,0.125);
#2291 = AXIS2_PLACEMENT_3D('',#2292,#2293,#2294);
#2292 = CARTESIAN_POINT('',(5.08421,-5.08421,1.51));
#2293 = DIRECTION('',(-0.,0.,-1.));
#2294 = DIRECTION('',(-0.,-1.,0.));
#2295 = PLANE('',#2296);
#2296 = AXIS2_PLACEMENT_3D('',#2297,#2298,#2299);
#2297 = CARTESIAN_POINT('',(0.,0.,1.51));
#2298 = DIRECTION('',(0.,0.,1.));
#2299 = DIRECTION('',(1.,0.,-0.));
#2300 = ADVANCED_FACE('',(#2301,#2304),#2315,.T.);
#2301 = FACE_BOUND('',#2302,.T.);
#2302 = EDGE_LOOP('',(#2303));
#2303 = ORIENTED_EDGE('',*,*,#2261,.T.);
#2304 = FACE_BOUND('',#2305,.T.);
#2305 = EDGE_LOOP('',(#2306));
#2306 = ORIENTED_EDGE('',*,*,#2307,.T.);
#2307 = EDGE_CURVE('',#2308,#2308,#2310,.T.);
#2308 = VERTEX_POINT('',#2309);
#2309 = CARTESIAN_POINT('',(5.08421,-5.20921,1.55));
#2310 = CIRCLE('',#2311,0.125);
#2311 = AXIS2_PLACEMENT_3D('',#2312,#2313,#2314);
#2312 = CARTESIAN_POINT('',(5.08421,-5.08421,1.55));
#2313 = DIRECTION('',(-0.,0.,-1.));
#2314 = DIRECTION('',(-0.,-1.,0.));
#2315 = PLANE('',#2316);
#2316 = AXIS2_PLACEMENT_3D('',#2317,#2318,#2319);
#2317 = CARTESIAN_POINT('',(0.,0.,1.55));
#2318 = DIRECTION('',(0.,0.,1.));
#2319 = DIRECTION('',(1.,0.,-0.));
#2320 = ADVANCED_FACE('',(#2321),#2332,.F.);
#2321 = FACE_BOUND('',#2322,.T.);
#2322 = EDGE_LOOP('',(#2323,#2324,#2330,#2331));
#2323 = ORIENTED_EDGE('',*,*,#2287,.T.);
#2324 = ORIENTED_EDGE('',*,*,#2325,.T.);
#2325 = EDGE_CURVE('',#2288,#2308,#2326,.T.);
#2326 = LINE('',#2327,#2328);
#2327 = CARTESIAN_POINT('',(5.08421,-5.20921,-4.6E-02));
#2328 = VECTOR('',#2329,1.);
#2329 = DIRECTION('',(0.,0.,1.));
#2330 = ORIENTED_EDGE('',*,*,#2307,.F.);
#2331 = ORIENTED_EDGE('',*,*,#2325,.F.);
#2332 = CYLINDRICAL_SURFACE('',#2333,0.125);
#2333 = AXIS2_PLACEMENT_3D('',#2334,#2335,#2336);
#2334 = CARTESIAN_POINT('',(5.08421,-5.08421,-4.6E-02));
#2335 = DIRECTION('',(-0.,-0.,-1.));
#2336 = DIRECTION('',(-0.,-1.,0.));
#2337 = MANIFOLD_SOLID_BREP('',#2338);
#2338 = CLOSED_SHELL('',(#2339,#2372,#2392,#2412));
#2339 = ADVANCED_FACE('',(#2340),#2367,.T.);
#2340 = FACE_BOUND('',#2341,.T.);
#2341 = EDGE_LOOP('',(#2342,#2352,#2359,#2360));
#2342 = ORIENTED_EDGE('',*,*,#2343,.T.);
#2343 = EDGE_CURVE('',#2344,#2346,#2348,.T.);
#2344 = VERTEX_POINT('',#2345);
#2345 = CARTESIAN_POINT('',(5.38421,-5.08421,0.));
#2346 = VERTEX_POINT('',#2347);
#2347 = CARTESIAN_POINT('',(5.38421,-5.08421,-4.E-02));
#2348 = LINE('',#2349,#2350);
#2349 = CARTESIAN_POINT('',(5.38421,-5.08421,0.));
#2350 = VECTOR('',#2351,1.);
#2351 = DIRECTION('',(0.,0.,-1.));
#2352 = ORIENTED_EDGE('',*,*,#2353,.T.);
#2353 = EDGE_CURVE('',#2346,#2346,#2354,.T.);
#2354 = CIRCLE('',#2355,0.3);
#2355 = AXIS2_PLACEMENT_3D('',#2356,#2357,#2358);
#2356 = CARTESIAN_POINT('',(5.08421,-5.08421,-4.E-02));
#2357 = DIRECTION('',(0.,0.,1.));
#2358 = DIRECTION('',(1.,0.,-0.));
#2359 = ORIENTED_EDGE('',*,*,#2343,.F.);
#2360 = ORIENTED_EDGE('',*,*,#2361,.F.);
#2361 = EDGE_CURVE('',#2344,#2344,#2362,.T.);
#2362 = CIRCLE('',#2363,0.3);
#2363 = AXIS2_PLACEMENT_3D('',#2364,#2365,#2366);
#2364 = CARTESIAN_POINT('',(5.08421,-5.08421,0.));
#2365 = DIRECTION('',(0.,0.,1.));
#2366 = DIRECTION('',(1.,0.,-0.));
#2367 = CYLINDRICAL_SURFACE('',#2368,0.3);
#2368 = AXIS2_PLACEMENT_3D('',#2369,#2370,#2371);
#2369 = CARTESIAN_POINT('',(5.08421,-5.08421,0.));
#2370 = DIRECTION('',(0.,0.,1.));
#2371 = DIRECTION('',(1.,0.,-0.));
#2372 = ADVANCED_FACE('',(#2373,#2376),#2387,.F.);
#2373 = FACE_BOUND('',#2374,.F.);
#2374 = EDGE_LOOP('',(#2375));
#2375 = ORIENTED_EDGE('',*,*,#2361,.F.);
#2376 = FACE_BOUND('',#2377,.F.);
#2377 = EDGE_LOOP('',(#2378));
#2378 = ORIENTED_EDGE('',*,*,#2379,.F.);
#2379 = EDGE_CURVE('',#2380,#2380,#2382,.T.);
#2380 = VERTEX_POINT('',#2381);
#2381 = CARTESIAN_POINT('',(5.08421,-5.20921,0.));
#2382 = CIRCLE('',#2383,0.125);
#2383 = AXIS2_PLACEMENT_3D('',#2384,#2385,#2386);
#2384 = CARTESIAN_POINT('',(5.08421,-5.08421,0.));
#2385 = DIRECTION('',(-0.,0.,-1.));
#2386 = DIRECTION('',(-0.,-1.,0.));
#2387 = PLANE('',#2388);
#2388 = AXIS2_PLACEMENT_3D('',#2389,#2390,#2391);
#2389 = CARTESIAN_POINT('',(0.,0.,0.));
#2390 = DIRECTION('',(-0.,-0.,-1.));
#2391 = DIRECTION('',(-1.,0.,0.));
#2392 = ADVANCED_FACE('',(#2393,#2396),#2407,.T.);
#2393 = FACE_BOUND('',#2394,.T.);
#2394 = EDGE_LOOP('',(#2395));
#2395 = ORIENTED_EDGE('',*,*,#2353,.F.);
#2396 = FACE_BOUND('',#2397,.T.);
#2397 = EDGE_LOOP('',(#2398));
#2398 = ORIENTED_EDGE('',*,*,#2399,.F.);
#2399 = EDGE_CURVE('',#2400,#2400,#2402,.T.);
#2400 = VERTEX_POINT('',#2401);
#2401 = CARTESIAN_POINT('',(5.08421,-5.20921,-4.E-02));
#2402 = CIRCLE('',#2403,0.125);
#2403 = AXIS2_PLACEMENT_3D('',#2404,#2405,#2406);
#2404 = CARTESIAN_POINT('',(5.08421,-5.08421,-4.E-02));
#2405 = DIRECTION('',(-0.,0.,-1.));
#2406 = DIRECTION('',(-0.,-1.,0.));
#2407 = PLANE('',#2408);
#2408 = AXIS2_PLACEMENT_3D('',#2409,#2410,#2411);
#2409 = CARTESIAN_POINT('',(0.,0.,-4.E-02));
#2410 = DIRECTION('',(-0.,-0.,-1.));
#2411 = DIRECTION('',(-1.,0.,0.));
#2412 = ADVANCED_FACE('',(#2413),#2424,.F.);
#2413 = FACE_BOUND('',#2414,.T.);
#2414 = EDGE_LOOP('',(#2415,#2416,#2422,#2423));
#2415 = ORIENTED_EDGE('',*,*,#2399,.T.);
#2416 = ORIENTED_EDGE('',*,*,#2417,.T.);
#2417 = EDGE_CURVE('',#2400,#2380,#2418,.T.);
#2418 = LINE('',#2419,#2420);
#2419 = CARTESIAN_POINT('',(5.08421,-5.20921,-4.6E-02));
#2420 = VECTOR('',#2421,1.);
#2421 = DIRECTION('',(0.,0.,1.));
#2422 = ORIENTED_EDGE('',*,*,#2379,.F.);
#2423 = ORIENTED_EDGE('',*,*,#2417,.F.);
#2424 = CYLINDRICAL_SURFACE('',#2425,0.125);
#2425 = AXIS2_PLACEMENT_3D('',#2426,#2427,#2428);
#2426 = CARTESIAN_POINT('',(5.08421,-5.08421,-4.6E-02));
#2427 = DIRECTION('',(-0.,-0.,-1.));
#2428 = DIRECTION('',(-0.,-1.,0.));
#2429 = MANIFOLD_SOLID_BREP('',#2430);
#2430 = CLOSED_SHELL('',(#2431,#2464,#2484,#2504));
#2431 = ADVANCED_FACE('',(#2432),#2459,.T.);
#2432 = FACE_BOUND('',#2433,.F.);
#2433 = EDGE_LOOP('',(#2434,#2444,#2451,#2452));
#2434 = ORIENTED_EDGE('',*,*,#2435,.T.);
#2435 = EDGE_CURVE('',#2436,#2438,#2440,.T.);
#2436 = VERTEX_POINT('',#2437);
#2437 = CARTESIAN_POINT('',(5.08421,-5.23421,-4.E-02));
#2438 = VERTEX_POINT('',#2439);
#2439 = CARTESIAN_POINT('',(5.08421,-5.23421,1.55));
#2440 = LINE('',#2441,#2442);
#2441 = CARTESIAN_POINT('',(5.08421,-5.23421,-4.E-02));
#2442 = VECTOR('',#2443,1.);
#2443 = DIRECTION('',(0.,0.,1.));
#2444 = ORIENTED_EDGE('',*,*,#2445,.T.);
#2445 = EDGE_CURVE('',#2438,#2438,#2446,.T.);
#2446 = CIRCLE('',#2447,0.15);
#2447 = AXIS2_PLACEMENT_3D('',#2448,#2449,#2450);
#2448 = CARTESIAN_POINT('',(5.08421,-5.08421,1.55));
#2449 = DIRECTION('',(0.,0.,1.));
#2450 = DIRECTION('',(-5.921189464668E-15,-1.,0.));
#2451 = ORIENTED_EDGE('',*,*,#2435,.F.);
#2452 = ORIENTED_EDGE('',*,*,#2453,.F.);
#2453 = EDGE_CURVE('',#2436,#2436,#2454,.T.);
#2454 = CIRCLE('',#2455,0.15);
#2455 = AXIS2_PLACEMENT_3D('',#2456,#2457,#2458);
#2456 = CARTESIAN_POINT('',(5.08421,-5.08421,-4.E-02));
#2457 = DIRECTION('',(0.,0.,1.));
#2458 = DIRECTION('',(-5.921189464668E-15,-1.,0.));
#2459 = CYLINDRICAL_SURFACE('',#2460,0.15);
#2460 = AXIS2_PLACEMENT_3D('',#2461,#2462,#2463);
#2461 = CARTESIAN_POINT('',(5.08421,-5.08421,-4.E-02));
#2462 = DIRECTION('',(-0.,-0.,-1.));
#2463 = DIRECTION('',(-5.921189464668E-15,-1.,0.));
#2464 = ADVANCED_FACE('',(#2465,#2468),#2479,.F.);
#2465 = FACE_BOUND('',#2466,.F.);
#2466 = EDGE_LOOP('',(#2467));
#2467 = ORIENTED_EDGE('',*,*,#2453,.T.);
#2468 = FACE_BOUND('',#2469,.F.);
#2469 = EDGE_LOOP('',(#2470));
#2470 = ORIENTED_EDGE('',*,*,#2471,.T.);
#2471 = EDGE_CURVE('',#2472,#2472,#2474,.T.);
#2472 = VERTEX_POINT('',#2473);
#2473 = CARTESIAN_POINT('',(5.08421,-5.20921,-4.E-02));
#2474 = CIRCLE('',#2475,0.125);
#2475 = AXIS2_PLACEMENT_3D('',#2476,#2477,#2478);
#2476 = CARTESIAN_POINT('',(5.08421,-5.08421,-4.E-02));
#2477 = DIRECTION('',(-0.,0.,-1.));
#2478 = DIRECTION('',(-0.,-1.,0.));
#2479 = PLANE('',#2480);
#2480 = AXIS2_PLACEMENT_3D('',#2481,#2482,#2483);
#2481 = CARTESIAN_POINT('',(5.08421,-5.23421,-4.E-02));
#2482 = DIRECTION('',(0.,0.,1.));
#2483 = DIRECTION('',(1.,0.,-0.));
#2484 = ADVANCED_FACE('',(#2485,#2488),#2499,.T.);
#2485 = FACE_BOUND('',#2486,.T.);
#2486 = EDGE_LOOP('',(#2487));
#2487 = ORIENTED_EDGE('',*,*,#2445,.T.);
#2488 = FACE_BOUND('',#2489,.T.);
#2489 = EDGE_LOOP('',(#2490));
#2490 = ORIENTED_EDGE('',*,*,#2491,.T.);
#2491 = EDGE_CURVE('',#2492,#2492,#2494,.T.);
#2492 = VERTEX_POINT('',#2493);
#2493 = CARTESIAN_POINT('',(5.08421,-5.20921,1.55));
#2494 = CIRCLE('',#2495,0.125);
#2495 = AXIS2_PLACEMENT_3D('',#2496,#2497,#2498);
#2496 = CARTESIAN_POINT('',(5.08421,-5.08421,1.55));
#2497 = DIRECTION('',(-0.,0.,-1.));
#2498 = DIRECTION('',(-0.,-1.,0.));
#2499 = PLANE('',#2500);
#2500 = AXIS2_PLACEMENT_3D('',#2501,#2502,#2503);
#2501 = CARTESIAN_POINT('',(5.08421,-5.23421,1.55));
#2502 = DIRECTION('',(0.,0.,1.));
#2503 = DIRECTION('',(1.,0.,-0.));
#2504 = ADVANCED_FACE('',(#2505),#2516,.F.);
#2505 = FACE_BOUND('',#2506,.T.);
#2506 = EDGE_LOOP('',(#2507,#2508,#2514,#2515));
#2507 = ORIENTED_EDGE('',*,*,#2471,.T.);
#2508 = ORIENTED_EDGE('',*,*,#2509,.T.);
#2509 = EDGE_CURVE('',#2472,#2492,#2510,.T.);
#2510 = LINE('',#2511,#2512);
#2511 = CARTESIAN_POINT('',(5.08421,-5.20921,-4.6E-02));
#2512 = VECTOR('',#2513,1.);
#2513 = DIRECTION('',(0.,0.,1.));
#2514 = ORIENTED_EDGE('',*,*,#2491,.F.);
#2515 = ORIENTED_EDGE('',*,*,#2509,.F.);
#2516 = CYLINDRICAL_SURFACE('',#2517,0.125);
#2517 = AXIS2_PLACEMENT_3D('',#2518,#2519,#2520);
#2518 = CARTESIAN_POINT('',(5.08421,-5.08421,-4.6E-02));
#2519 = DIRECTION('',(-0.,-0.,-1.));
#2520 = DIRECTION('',(-0.,-1.,0.));
#2521 = MANIFOLD_SOLID_BREP('',#2522);
#2522 = CLOSED_SHELL('',(#2523,#2556,#2576,#2596));
#2523 = ADVANCED_FACE('',(#2524),#2551,.T.);
#2524 = FACE_BOUND('',#2525,.F.);
#2525 = EDGE_LOOP('',(#2526,#2536,#2543,#2544));
#2526 = ORIENTED_EDGE('',*,*,#2527,.T.);
#2527 = EDGE_CURVE('',#2528,#2530,#2532,.T.);
#2528 = VERTEX_POINT('',#2529);
#2529 = CARTESIAN_POINT('',(-20.375914,-20.675914,1.51));
#2530 = VERTEX_POINT('',#2531);
#2531 = CARTESIAN_POINT('',(-20.375914,-20.675914,1.55));
#2532 = LINE('',#2533,#2534);
#2533 = CARTESIAN_POINT('',(-20.375914,-20.675914,1.51));
#2534 = VECTOR('',#2535,1.);
#2535 = DIRECTION('',(0.,0.,1.));
#2536 = ORIENTED_EDGE('',*,*,#2537,.T.);
#2537 = EDGE_CURVE('',#2530,#2530,#2538,.T.);
#2538 = CIRCLE('',#2539,0.3);
#2539 = AXIS2_PLACEMENT_3D('',#2540,#2541,#2542);
#2540 = CARTESIAN_POINT('',(-20.675914,-20.675914,1.55));
#2541 = DIRECTION('',(0.,0.,1.));
#2542 = DIRECTION('',(1.,0.,-0.));
#2543 = ORIENTED_EDGE('',*,*,#2527,.F.);
#2544 = ORIENTED_EDGE('',*,*,#2545,.F.);
#2545 = EDGE_CURVE('',#2528,#2528,#2546,.T.);
#2546 = CIRCLE('',#2547,0.3);
#2547 = AXIS2_PLACEMENT_3D('',#2548,#2549,#2550);
#2548 = CARTESIAN_POINT('',(-20.675914,-20.675914,1.51));
#2549 = DIRECTION('',(0.,0.,1.));
#2550 = DIRECTION('',(1.,0.,-0.));
#2551 = CYLINDRICAL_SURFACE('',#2552,0.3);
#2552 = AXIS2_PLACEMENT_3D('',#2553,#2554,#2555);
#2553 = CARTESIAN_POINT('',(-20.675914,-20.675914,1.51));
#2554 = DIRECTION('',(-0.,-0.,-1.));
#2555 = DIRECTION('',(1.,0.,-0.));
#2556 = ADVANCED_FACE('',(#2557,#2560),#2571,.F.);
#2557 = FACE_BOUND('',#2558,.F.);
#2558 = EDGE_LOOP('',(#2559));
#2559 = ORIENTED_EDGE('',*,*,#2545,.T.);
#2560 = FACE_BOUND('',#2561,.F.);
#2561 = EDGE_LOOP('',(#2562));
#2562 = ORIENTED_EDGE('',*,*,#2563,.T.);
#2563 = EDGE_CURVE('',#2564,#2564,#2566,.T.);
#2564 = VERTEX_POINT('',#2565);
#2565 = CARTESIAN_POINT('',(-20.675914,-20.800914,1.51));
#2566 = CIRCLE('',#2567,0.125);
#2567 = AXIS2_PLACEMENT_3D('',#2568,#2569,#2570);
#2568 = CARTESIAN_POINT('',(-20.675914,-20.675914,1.51));
#2569 = DIRECTION('',(-0.,0.,-1.));
#2570 = DIRECTION('',(-0.,-1.,0.));
#2571 = PLANE('',#2572);
#2572 = AXIS2_PLACEMENT_3D('',#2573,#2574,#2575);
#2573 = CARTESIAN_POINT('',(0.,0.,1.51));
#2574 = DIRECTION('',(0.,0.,1.));
#2575 = DIRECTION('',(1.,0.,-0.));
#2576 = ADVANCED_FACE('',(#2577,#2580),#2591,.T.);
#2577 = FACE_BOUND('',#2578,.T.);
#2578 = EDGE_LOOP('',(#2579));
#2579 = ORIENTED_EDGE('',*,*,#2537,.T.);
#2580 = FACE_BOUND('',#2581,.T.);
#2581 = EDGE_LOOP('',(#2582));
#2582 = ORIENTED_EDGE('',*,*,#2583,.T.);
#2583 = EDGE_CURVE('',#2584,#2584,#2586,.T.);
#2584 = VERTEX_POINT('',#2585);
#2585 = CARTESIAN_POINT('',(-20.675914,-20.800914,1.55));
#2586 = CIRCLE('',#2587,0.125);
#2587 = AXIS2_PLACEMENT_3D('',#2588,#2589,#2590);
#2588 = CARTESIAN_POINT('',(-20.675914,-20.675914,1.55));
#2589 = DIRECTION('',(-0.,0.,-1.));
#2590 = DIRECTION('',(-0.,-1.,0.));
#2591 = PLANE('',#2592);
#2592 = AXIS2_PLACEMENT_3D('',#2593,#2594,#2595);
#2593 = CARTESIAN_POINT('',(0.,0.,1.55));
#2594 = DIRECTION('',(0.,0.,1.));
#2595 = DIRECTION('',(1.,0.,-0.));
#2596 = ADVANCED_FACE('',(#2597),#2608,.F.);
#2597 = FACE_BOUND('',#2598,.T.);
#2598 = EDGE_LOOP('',(#2599,#2600,#2606,#2607));
#2599 = ORIENTED_EDGE('',*,*,#2563,.T.);
#2600 = ORIENTED_EDGE('',*,*,#2601,.T.);
#2601 = EDGE_CURVE('',#2564,#2584,#2602,.T.);
#2602 = LINE('',#2603,#2604);
#2603 = CARTESIAN_POINT('',(-20.675914,-20.800914,-4.6E-02));
#2604 = VECTOR('',#2605,1.);
#2605 = DIRECTION('',(0.,0.,1.));
#2606 = ORIENTED_EDGE('',*,*,#2583,.F.);
#2607 = ORIENTED_EDGE('',*,*,#2601,.F.);
#2608 = CYLINDRICAL_SURFACE('',#2609,0.125);
#2609 = AXIS2_PLACEMENT_3D('',#2610,#2611,#2612);
#2610 = CARTESIAN_POINT('',(-20.675914,-20.675914,-4.6E-02));
#2611 = DIRECTION('',(-0.,-0.,-1.));
#2612 = DIRECTION('',(-0.,-1.,0.));
#2613 = MANIFOLD_SOLID_BREP('',#2614);
#2614 = CLOSED_SHELL('',(#2615,#2648,#2668,#2688));
#2615 = ADVANCED_FACE('',(#2616),#2643,.T.);
#2616 = FACE_BOUND('',#2617,.T.);
#2617 = EDGE_LOOP('',(#2618,#2628,#2635,#2636));
#2618 = ORIENTED_EDGE('',*,*,#2619,.T.);
#2619 = EDGE_CURVE('',#2620,#2622,#2624,.T.);
#2620 = VERTEX_POINT('',#2621);
#2621 = CARTESIAN_POINT('',(-20.375914,-20.675914,0.));
#2622 = VERTEX_POINT('',#2623);
#2623 = CARTESIAN_POINT('',(-20.375914,-20.675914,-4.E-02));
#2624 = LINE('',#2625,#2626);
#2625 = CARTESIAN_POINT('',(-20.375914,-20.675914,0.));
#2626 = VECTOR('',#2627,1.);
#2627 = DIRECTION('',(0.,0.,-1.));
#2628 = ORIENTED_EDGE('',*,*,#2629,.T.);
#2629 = EDGE_CURVE('',#2622,#2622,#2630,.T.);
#2630 = CIRCLE('',#2631,0.3);
#2631 = AXIS2_PLACEMENT_3D('',#2632,#2633,#2634);
#2632 = CARTESIAN_POINT('',(-20.675914,-20.675914,-4.E-02));
#2633 = DIRECTION('',(0.,0.,1.));
#2634 = DIRECTION('',(1.,0.,-0.));
#2635 = ORIENTED_EDGE('',*,*,#2619,.F.);
#2636 = ORIENTED_EDGE('',*,*,#2637,.F.);
#2637 = EDGE_CURVE('',#2620,#2620,#2638,.T.);
#2638 = CIRCLE('',#2639,0.3);
#2639 = AXIS2_PLACEMENT_3D('',#2640,#2641,#2642);
#2640 = CARTESIAN_POINT('',(-20.675914,-20.675914,0.));
#2641 = DIRECTION('',(0.,0.,1.));
#2642 = DIRECTION('',(1.,0.,-0.));
#2643 = CYLINDRICAL_SURFACE('',#2644,0.3);
#2644 = AXIS2_PLACEMENT_3D('',#2645,#2646,#2647);
#2645 = CARTESIAN_POINT('',(-20.675914,-20.675914,0.));
#2646 = DIRECTION('',(0.,0.,1.));
#2647 = DIRECTION('',(1.,0.,-0.));
#2648 = ADVANCED_FACE('',(#2649,#2652),#2663,.F.);
#2649 = FACE_BOUND('',#2650,.F.);
#2650 = EDGE_LOOP('',(#2651));
#2651 = ORIENTED_EDGE('',*,*,#2637,.F.);
#2652 = FACE_BOUND('',#2653,.F.);
#2653 = EDGE_LOOP('',(#2654));
#2654 = ORIENTED_EDGE('',*,*,#2655,.F.);
#2655 = EDGE_CURVE('',#2656,#2656,#2658,.T.);
#2656 = VERTEX_POINT('',#2657);
#2657 = CARTESIAN_POINT('',(-20.675914,-20.800914,0.));
#2658 = CIRCLE('',#2659,0.125);
#2659 = AXIS2_PLACEMENT_3D('',#2660,#2661,#2662);
#2660 = CARTESIAN_POINT('',(-20.675914,-20.675914,0.));
#2661 = DIRECTION('',(-0.,0.,-1.));
#2662 = DIRECTION('',(-0.,-1.,0.));
#2663 = PLANE('',#2664);
#2664 = AXIS2_PLACEMENT_3D('',#2665,#2666,#2667);
#2665 = CARTESIAN_POINT('',(0.,0.,0.));
#2666 = DIRECTION('',(-0.,-0.,-1.));
#2667 = DIRECTION('',(-1.,0.,0.));
#2668 = ADVANCED_FACE('',(#2669,#2672),#2683,.T.);
#2669 = FACE_BOUND('',#2670,.T.);
#2670 = EDGE_LOOP('',(#2671));
#2671 = ORIENTED_EDGE('',*,*,#2629,.F.);
#2672 = FACE_BOUND('',#2673,.T.);
#2673 = EDGE_LOOP('',(#2674));
#2674 = ORIENTED_EDGE('',*,*,#2675,.F.);
#2675 = EDGE_CURVE('',#2676,#2676,#2678,.T.);
#2676 = VERTEX_POINT('',#2677);
#2677 = CARTESIAN_POINT('',(-20.675914,-20.800914,-4.E-02));
#2678 = CIRCLE('',#2679,0.125);
#2679 = AXIS2_PLACEMENT_3D('',#2680,#2681,#2682);
#2680 = CARTESIAN_POINT('',(-20.675914,-20.675914,-4.E-02));
#2681 = DIRECTION('',(-0.,0.,-1.));
#2682 = DIRECTION('',(-0.,-1.,0.));
#2683 = PLANE('',#2684);
#2684 = AXIS2_PLACEMENT_3D('',#2685,#2686,#2687);
#2685 = CARTESIAN_POINT('',(0.,0.,-4.E-02));
#2686 = DIRECTION('',(-0.,-0.,-1.));
#2687 = DIRECTION('',(-1.,0.,0.));
#2688 = ADVANCED_FACE('',(#2689),#2700,.F.);
#2689 = FACE_BOUND('',#2690,.T.);
#2690 = EDGE_LOOP('',(#2691,#2692,#2698,#2699));
#2691 = ORIENTED_EDGE('',*,*,#2675,.T.);
#2692 = ORIENTED_EDGE('',*,*,#2693,.T.);
#2693 = EDGE_CURVE('',#2676,#2656,#2694,.T.);
#2694 = LINE('',#2695,#2696);
#2695 = CARTESIAN_POINT('',(-20.675914,-20.800914,-4.6E-02));
#2696 = VECTOR('',#2697,1.);
#2697 = DIRECTION('',(0.,0.,1.));
#2698 = ORIENTED_EDGE('',*,*,#2655,.F.);
#2699 = ORIENTED_EDGE('',*,*,#2693,.F.);
#2700 = CYLINDRICAL_SURFACE('',#2701,0.125);
#2701 = AXIS2_PLACEMENT_3D('',#2702,#2703,#2704);
#2702 = CARTESIAN_POINT('',(-20.675914,-20.675914,-4.6E-02));
#2703 = DIRECTION('',(-0.,-0.,-1.));
#2704 = DIRECTION('',(-0.,-1.,0.));
#2705 = MANIFOLD_SOLID_BREP('',#2706);
#2706 = CLOSED_SHELL('',(#2707,#2740,#2760,#2780));
#2707 = ADVANCED_FACE('',(#2708),#2735,.T.);
#2708 = FACE_BOUND('',#2709,.F.);
#2709 = EDGE_LOOP('',(#2710,#2720,#2727,#2728));
#2710 = ORIENTED_EDGE('',*,*,#2711,.T.);
#2711 = EDGE_CURVE('',#2712,#2714,#2716,.T.);
#2712 = VERTEX_POINT('',#2713);
#2713 = CARTESIAN_POINT('',(-20.675914,-20.825914,-4.E-02));
#2714 = VERTEX_POINT('',#2715);
#2715 = CARTESIAN_POINT('',(-20.675914,-20.825914,1.55));
#2716 = LINE('',#2717,#2718);
#2717 = CARTESIAN_POINT('',(-20.675914,-20.825914,-4.E-02));
#2718 = VECTOR('',#2719,1.);
#2719 = DIRECTION('',(0.,0.,1.));
#2720 = ORIENTED_EDGE('',*,*,#2721,.T.);
#2721 = EDGE_CURVE('',#2714,#2714,#2722,.T.);
#2722 = CIRCLE('',#2723,0.15);
#2723 = AXIS2_PLACEMENT_3D('',#2724,#2725,#2726);
#2724 = CARTESIAN_POINT('',(-20.675914,-20.675914,1.55));
#2725 = DIRECTION('',(0.,0.,1.));
#2726 = DIRECTION('',(-0.,-1.,0.));
#2727 = ORIENTED_EDGE('',*,*,#2711,.F.);
#2728 = ORIENTED_EDGE('',*,*,#2729,.F.);
#2729 = EDGE_CURVE('',#2712,#2712,#2730,.T.);
#2730 = CIRCLE('',#2731,0.15);
#2731 = AXIS2_PLACEMENT_3D('',#2732,#2733,#2734);
#2732 = CARTESIAN_POINT('',(-20.675914,-20.675914,-4.E-02));
#2733 = DIRECTION('',(0.,0.,1.));
#2734 = DIRECTION('',(-0.,-1.,0.));
#2735 = CYLINDRICAL_SURFACE('',#2736,0.15);
#2736 = AXIS2_PLACEMENT_3D('',#2737,#2738,#2739);
#2737 = CARTESIAN_POINT('',(-20.675914,-20.675914,-4.E-02));
#2738 = DIRECTION('',(-0.,-0.,-1.));
#2739 = DIRECTION('',(-0.,-1.,0.));
#2740 = ADVANCED_FACE('',(#2741,#2744),#2755,.F.);
#2741 = FACE_BOUND('',#2742,.F.);
#2742 = EDGE_LOOP('',(#2743));
#2743 = ORIENTED_EDGE('',*,*,#2729,.T.);
#2744 = FACE_BOUND('',#2745,.F.);
#2745 = EDGE_LOOP('',(#2746));
#2746 = ORIENTED_EDGE('',*,*,#2747,.T.);
#2747 = EDGE_CURVE('',#2748,#2748,#2750,.T.);
#2748 = VERTEX_POINT('',#2749);
#2749 = CARTESIAN_POINT('',(-20.675914,-20.800914,-4.E-02));
#2750 = CIRCLE('',#2751,0.125);
#2751 = AXIS2_PLACEMENT_3D('',#2752,#2753,#2754);
#2752 = CARTESIAN_POINT('',(-20.675914,-20.675914,-4.E-02));
#2753 = DIRECTION('',(-0.,0.,-1.));
#2754 = DIRECTION('',(-0.,-1.,0.));
#2755 = PLANE('',#2756);
#2756 = AXIS2_PLACEMENT_3D('',#2757,#2758,#2759);
#2757 = CARTESIAN_POINT('',(-20.675914,-20.825914,-4.E-02));
#2758 = DIRECTION('',(0.,0.,1.));
#2759 = DIRECTION('',(1.,0.,-0.));
#2760 = ADVANCED_FACE('',(#2761,#2764),#2775,.T.);
#2761 = FACE_BOUND('',#2762,.T.);
#2762 = EDGE_LOOP('',(#2763));
#2763 = ORIENTED_EDGE('',*,*,#2721,.T.);
#2764 = FACE_BOUND('',#2765,.T.);
#2765 = EDGE_LOOP('',(#2766));
#2766 = ORIENTED_EDGE('',*,*,#2767,.T.);
#2767 = EDGE_CURVE('',#2768,#2768,#2770,.T.);
#2768 = VERTEX_POINT('',#2769);
#2769 = CARTESIAN_POINT('',(-20.675914,-20.800914,1.55));
#2770 = CIRCLE('',#2771,0.125);
#2771 = AXIS2_PLACEMENT_3D('',#2772,#2773,#2774);
#2772 = CARTESIAN_POINT('',(-20.675914,-20.675914,1.55));
#2773 = DIRECTION('',(-0.,0.,-1.));
#2774 = DIRECTION('',(-0.,-1.,0.));
#2775 = PLANE('',#2776);
#2776 = AXIS2_PLACEMENT_3D('',#2777,#2778,#2779);
#2777 = CARTESIAN_POINT('',(-20.675914,-20.825914,1.55));
#2778 = DIRECTION('',(0.,0.,1.));
#2779 = DIRECTION('',(1.,0.,-0.));
#2780 = ADVANCED_FACE('',(#2781),#2792,.F.);
#2781 = FACE_BOUND('',#2782,.T.);
#2782 = EDGE_LOOP('',(#2783,#2784,#2790,#2791));
#2783 = ORIENTED_EDGE('',*,*,#2747,.T.);
#2784 = ORIENTED_EDGE('',*,*,#2785,.T.);
#2785 = EDGE_CURVE('',#2748,#2768,#2786,.T.);
#2786 = LINE('',#2787,#2788);
#2787 = CARTESIAN_POINT('',(-20.675914,-20.800914,-4.6E-02));
#2788 = VECTOR('',#2789,1.);
#2789 = DIRECTION('',(0.,0.,1.));
#2790 = ORIENTED_EDGE('',*,*,#2767,.F.);
#2791 = ORIENTED_EDGE('',*,*,#2785,.F.);
#2792 = CYLINDRICAL_SURFACE('',#2793,0.125);
#2793 = AXIS2_PLACEMENT_3D('',#2794,#2795,#2796);
#2794 = CARTESIAN_POINT('',(-20.675914,-20.675914,-4.6E-02));
#2795 = DIRECTION('',(-0.,-0.,-1.));
#2796 = DIRECTION('',(-0.,-1.,0.));
#2797 = MANIFOLD_SOLID_BREP('',#2798);
#2798 = CLOSED_SHELL('',(#2799,#2832,#2852,#2872));
#2799 = ADVANCED_FACE('',(#2800),#2827,.T.);
#2800 = FACE_BOUND('',#2801,.F.);
#2801 = EDGE_LOOP('',(#2802,#2812,#2819,#2820));
#2802 = ORIENTED_EDGE('',*,*,#2803,.T.);
#2803 = EDGE_CURVE('',#2804,#2806,#2808,.T.);
#2804 = VERTEX_POINT('',#2805);
#2805 = CARTESIAN_POINT('',(-14.224086,-14.524086,1.51));
#2806 = VERTEX_POINT('',#2807);
#2807 = CARTESIAN_POINT('',(-14.224086,-14.524086,1.55));
#2808 = LINE('',#2809,#2810);
#2809 = CARTESIAN_POINT('',(-14.224086,-14.524086,1.51));
#2810 = VECTOR('',#2811,1.);
#2811 = DIRECTION('',(0.,0.,1.));
#2812 = ORIENTED_EDGE('',*,*,#2813,.T.);
#2813 = EDGE_CURVE('',#2806,#2806,#2814,.T.);
#2814 = CIRCLE('',#2815,0.3);
#2815 = AXIS2_PLACEMENT_3D('',#2816,#2817,#2818);
#2816 = CARTESIAN_POINT('',(-14.524086,-14.524086,1.55));
#2817 = DIRECTION('',(0.,0.,1.));
#2818 = DIRECTION('',(1.,0.,-0.));
#2819 = ORIENTED_EDGE('',*,*,#2803,.F.);
#2820 = ORIENTED_EDGE('',*,*,#2821,.F.);
#2821 = EDGE_CURVE('',#2804,#2804,#2822,.T.);
#2822 = CIRCLE('',#2823,0.3);
#2823 = AXIS2_PLACEMENT_3D('',#2824,#2825,#2826);
#2824 = CARTESIAN_POINT('',(-14.524086,-14.524086,1.51));
#2825 = DIRECTION('',(0.,0.,1.));
#2826 = DIRECTION('',(1.,0.,-0.));
#2827 = CYLINDRICAL_SURFACE('',#2828,0.3);
#2828 = AXIS2_PLACEMENT_3D('',#2829,#2830,#2831);
#2829 = CARTESIAN_POINT('',(-14.524086,-14.524086,1.51));
#2830 = DIRECTION('',(-0.,-0.,-1.));
#2831 = DIRECTION('',(1.,0.,-0.));
#2832 = ADVANCED_FACE('',(#2833,#2836),#2847,.F.);
#2833 = FACE_BOUND('',#2834,.F.);
#2834 = EDGE_LOOP('',(#2835));
#2835 = ORIENTED_EDGE('',*,*,#2821,.T.);
#2836 = FACE_BOUND('',#2837,.F.);
#2837 = EDGE_LOOP('',(#2838));
#2838 = ORIENTED_EDGE('',*,*,#2839,.T.);
#2839 = EDGE_CURVE('',#2840,#2840,#2842,.T.);
#2840 = VERTEX_POINT('',#2841);
#2841 = CARTESIAN_POINT('',(-14.524086,-14.649086,1.51));
#2842 = CIRCLE('',#2843,0.125);
#2843 = AXIS2_PLACEMENT_3D('',#2844,#2845,#2846);
#2844 = CARTESIAN_POINT('',(-14.524086,-14.524086,1.51));
#2845 = DIRECTION('',(-0.,0.,-1.));
#2846 = DIRECTION('',(-0.,-1.,0.));
#2847 = PLANE('',#2848);
#2848 = AXIS2_PLACEMENT_3D('',#2849,#2850,#2851);
#2849 = CARTESIAN_POINT('',(0.,0.,1.51));
#2850 = DIRECTION('',(0.,0.,1.));
#2851 = DIRECTION('',(1.,0.,-0.));
#2852 = ADVANCED_FACE('',(#2853,#2856),#2867,.T.);
#2853 = FACE_BOUND('',#2854,.T.);
#2854 = EDGE_LOOP('',(#2855));
#2855 = ORIENTED_EDGE('',*,*,#2813,.T.);
#2856 = FACE_BOUND('',#2857,.T.);
#2857 = EDGE_LOOP('',(#2858));
#2858 = ORIENTED_EDGE('',*,*,#2859,.T.);
#2859 = EDGE_CURVE('',#2860,#2860,#2862,.T.);
#2860 = VERTEX_POINT('',#2861);
#2861 = CARTESIAN_POINT('',(-14.524086,-14.649086,1.55));
#2862 = CIRCLE('',#2863,0.125);
#2863 = AXIS2_PLACEMENT_3D('',#2864,#2865,#2866);
#2864 = CARTESIAN_POINT('',(-14.524086,-14.524086,1.55));
#2865 = DIRECTION('',(-0.,0.,-1.));
#2866 = DIRECTION('',(-0.,-1.,0.));
#2867 = PLANE('',#2868);
#2868 = AXIS2_PLACEMENT_3D('',#2869,#2870,#2871);
#2869 = CARTESIAN_POINT('',(0.,0.,1.55));
#2870 = DIRECTION('',(0.,0.,1.));
#2871 = DIRECTION('',(1.,0.,-0.));
#2872 = ADVANCED_FACE('',(#2873),#2884,.F.);
#2873 = FACE_BOUND('',#2874,.T.);
#2874 = EDGE_LOOP('',(#2875,#2876,#2882,#2883));
#2875 = ORIENTED_EDGE('',*,*,#2839,.T.);
#2876 = ORIENTED_EDGE('',*,*,#2877,.T.);
#2877 = EDGE_CURVE('',#2840,#2860,#2878,.T.);
#2878 = LINE('',#2879,#2880);
#2879 = CARTESIAN_POINT('',(-14.524086,-14.649086,-4.6E-02));
#2880 = VECTOR('',#2881,1.);
#2881 = DIRECTION('',(0.,0.,1.));
#2882 = ORIENTED_EDGE('',*,*,#2859,.F.);
#2883 = ORIENTED_EDGE('',*,*,#2877,.F.);
#2884 = CYLINDRICAL_SURFACE('',#2885,0.125);
#2885 = AXIS2_PLACEMENT_3D('',#2886,#2887,#2888);
#2886 = CARTESIAN_POINT('',(-14.524086,-14.524086,-4.6E-02));
#2887 = DIRECTION('',(-0.,-0.,-1.));
#2888 = DIRECTION('',(-0.,-1.,0.));
#2889 = MANIFOLD_SOLID_BREP('',#2890);
#2890 = CLOSED_SHELL('',(#2891,#2924,#2944,#2964));
#2891 = ADVANCED_FACE('',(#2892),#2919,.T.);
#2892 = FACE_BOUND('',#2893,.T.);
#2893 = EDGE_LOOP('',(#2894,#2904,#2911,#2912));
#2894 = ORIENTED_EDGE('',*,*,#2895,.T.);
#2895 = EDGE_CURVE('',#2896,#2898,#2900,.T.);
#2896 = VERTEX_POINT('',#2897);
#2897 = CARTESIAN_POINT('',(-14.224086,-14.524086,0.));
#2898 = VERTEX_POINT('',#2899);
#2899 = CARTESIAN_POINT('',(-14.224086,-14.524086,-4.E-02));
#2900 = LINE('',#2901,#2902);
#2901 = CARTESIAN_POINT('',(-14.224086,-14.524086,0.));
#2902 = VECTOR('',#2903,1.);
#2903 = DIRECTION('',(0.,0.,-1.));
#2904 = ORIENTED_EDGE('',*,*,#2905,.T.);
#2905 = EDGE_CURVE('',#2898,#2898,#2906,.T.);
#2906 = CIRCLE('',#2907,0.3);
#2907 = AXIS2_PLACEMENT_3D('',#2908,#2909,#2910);
#2908 = CARTESIAN_POINT('',(-14.524086,-14.524086,-4.E-02));
#2909 = DIRECTION('',(0.,0.,1.));
#2910 = DIRECTION('',(1.,0.,-0.));
#2911 = ORIENTED_EDGE('',*,*,#2895,.F.);
#2912 = ORIENTED_EDGE('',*,*,#2913,.F.);
#2913 = EDGE_CURVE('',#2896,#2896,#2914,.T.);
#2914 = CIRCLE('',#2915,0.3);
#2915 = AXIS2_PLACEMENT_3D('',#2916,#2917,#2918);
#2916 = CARTESIAN_POINT('',(-14.524086,-14.524086,0.));
#2917 = DIRECTION('',(0.,0.,1.));
#2918 = DIRECTION('',(1.,0.,-0.));
#2919 = CYLINDRICAL_SURFACE('',#2920,0.3);
#2920 = AXIS2_PLACEMENT_3D('',#2921,#2922,#2923);
#2921 = CARTESIAN_POINT('',(-14.524086,-14.524086,0.));
#2922 = DIRECTION('',(0.,0.,1.));
#2923 = DIRECTION('',(1.,0.,-0.));
#2924 = ADVANCED_FACE('',(#2925,#2928),#2939,.F.);
#2925 = FACE_BOUND('',#2926,.F.);
#2926 = EDGE_LOOP('',(#2927));
#2927 = ORIENTED_EDGE('',*,*,#2913,.F.);
#2928 = FACE_BOUND('',#2929,.F.);
#2929 = EDGE_LOOP('',(#2930));
#2930 = ORIENTED_EDGE('',*,*,#2931,.F.);
#2931 = EDGE_CURVE('',#2932,#2932,#2934,.T.);
#2932 = VERTEX_POINT('',#2933);
#2933 = CARTESIAN_POINT('',(-14.524086,-14.649086,0.));
#2934 = CIRCLE('',#2935,0.125);
#2935 = AXIS2_PLACEMENT_3D('',#2936,#2937,#2938);
#2936 = CARTESIAN_POINT('',(-14.524086,-14.524086,0.));
#2937 = DIRECTION('',(-0.,0.,-1.));
#2938 = DIRECTION('',(-0.,-1.,0.));
#2939 = PLANE('',#2940);
#2940 = AXIS2_PLACEMENT_3D('',#2941,#2942,#2943);
#2941 = CARTESIAN_POINT('',(0.,0.,0.));
#2942 = DIRECTION('',(-0.,-0.,-1.));
#2943 = DIRECTION('',(-1.,0.,0.));
#2944 = ADVANCED_FACE('',(#2945,#2948),#2959,.T.);
#2945 = FACE_BOUND('',#2946,.T.);
#2946 = EDGE_LOOP('',(#2947));
#2947 = ORIENTED_EDGE('',*,*,#2905,.F.);
#2948 = FACE_BOUND('',#2949,.T.);
#2949 = EDGE_LOOP('',(#2950));
#2950 = ORIENTED_EDGE('',*,*,#2951,.F.);
#2951 = EDGE_CURVE('',#2952,#2952,#2954,.T.);
#2952 = VERTEX_POINT('',#2953);
#2953 = CARTESIAN_POINT('',(-14.524086,-14.649086,-4.E-02));
#2954 = CIRCLE('',#2955,0.125);
#2955 = AXIS2_PLACEMENT_3D('',#2956,#2957,#2958);
#2956 = CARTESIAN_POINT('',(-14.524086,-14.524086,-4.E-02));
#2957 = DIRECTION('',(-0.,0.,-1.));
#2958 = DIRECTION('',(-0.,-1.,0.));
#2959 = PLANE('',#2960);
#2960 = AXIS2_PLACEMENT_3D('',#2961,#2962,#2963);
#2961 = CARTESIAN_POINT('',(0.,0.,-4.E-02));
#2962 = DIRECTION('',(-0.,-0.,-1.));
#2963 = DIRECTION('',(-1.,0.,0.));
#2964 = ADVANCED_FACE('',(#2965),#2976,.F.);
#2965 = FACE_BOUND('',#2966,.T.);
#2966 = EDGE_LOOP('',(#2967,#2968,#2974,#2975));
#2967 = ORIENTED_EDGE('',*,*,#2951,.T.);
#2968 = ORIENTED_EDGE('',*,*,#2969,.T.);
#2969 = EDGE_CURVE('',#2952,#2932,#2970,.T.);
#2970 = LINE('',#2971,#2972);
#2971 = CARTESIAN_POINT('',(-14.524086,-14.649086,-4.6E-02));
#2972 = VECTOR('',#2973,1.);
#2973 = DIRECTION('',(0.,0.,1.));
#2974 = ORIENTED_EDGE('',*,*,#2931,.F.);
#2975 = ORIENTED_EDGE('',*,*,#2969,.F.);
#2976 = CYLINDRICAL_SURFACE('',#2977,0.125);
#2977 = AXIS2_PLACEMENT_3D('',#2978,#2979,#2980);
#2978 = CARTESIAN_POINT('',(-14.524086,-14.524086,-4.6E-02));
#2979 = DIRECTION('',(-0.,-0.,-1.));
#2980 = DIRECTION('',(-0.,-1.,0.));
#2981 = MANIFOLD_SOLID_BREP('',#2982);
#2982 = CLOSED_SHELL('',(#2983,#3016,#3036,#3056));
#2983 = ADVANCED_FACE('',(#2984),#3011,.T.);
#2984 = FACE_BOUND('',#2985,.F.);
#2985 = EDGE_LOOP('',(#2986,#2996,#3003,#3004));
#2986 = ORIENTED_EDGE('',*,*,#2987,.T.);
#2987 = EDGE_CURVE('',#2988,#2990,#2992,.T.);
#2988 = VERTEX_POINT('',#2989);
#2989 = CARTESIAN_POINT('',(-14.524086,-14.674086,-4.E-02));
#2990 = VERTEX_POINT('',#2991);
#2991 = CARTESIAN_POINT('',(-14.524086,-14.674086,1.55));
#2992 = LINE('',#2993,#2994);
#2993 = CARTESIAN_POINT('',(-14.524086,-14.674086,-4.E-02));
#2994 = VECTOR('',#2995,1.);
#2995 = DIRECTION('',(0.,0.,1.));
#2996 = ORIENTED_EDGE('',*,*,#2997,.T.);
#2997 = EDGE_CURVE('',#2990,#2990,#2998,.T.);
#2998 = CIRCLE('',#2999,0.15);
#2999 = AXIS2_PLACEMENT_3D('',#3000,#3001,#3002);
#3000 = CARTESIAN_POINT('',(-14.524086,-14.524086,1.55));
#3001 = DIRECTION('',(0.,0.,1.));
#3002 = DIRECTION('',(-0.,-1.,0.));
#3003 = ORIENTED_EDGE('',*,*,#2987,.F.);
#3004 = ORIENTED_EDGE('',*,*,#3005,.F.);
#3005 = EDGE_CURVE('',#2988,#2988,#3006,.T.);
#3006 = CIRCLE('',#3007,0.15);
#3007 = AXIS2_PLACEMENT_3D('',#3008,#3009,#3010);
#3008 = CARTESIAN_POINT('',(-14.524086,-14.524086,-4.E-02));
#3009 = DIRECTION('',(0.,0.,1.));
#3010 = DIRECTION('',(-0.,-1.,0.));
#3011 = CYLINDRICAL_SURFACE('',#3012,0.15);
#3012 = AXIS2_PLACEMENT_3D('',#3013,#3014,#3015);
#3013 = CARTESIAN_POINT('',(-14.524086,-14.524086,-4.E-02));
#3014 = DIRECTION('',(-0.,-0.,-1.));
#3015 = DIRECTION('',(-0.,-1.,0.));
#3016 = ADVANCED_FACE('',(#3017,#3020),#3031,.F.);
#3017 = FACE_BOUND('',#3018,.F.);
#3018 = EDGE_LOOP('',(#3019));
#3019 = ORIENTED_EDGE('',*,*,#3005,.T.);
#3020 = FACE_BOUND('',#3021,.F.);
#3021 = EDGE_LOOP('',(#3022));
#3022 = ORIENTED_EDGE('',*,*,#3023,.T.);
#3023 = EDGE_CURVE('',#3024,#3024,#3026,.T.);
#3024 = VERTEX_POINT('',#3025);
#3025 = CARTESIAN_POINT('',(-14.524086,-14.649086,-4.E-02));
#3026 = CIRCLE('',#3027,0.125);
#3027 = AXIS2_PLACEMENT_3D('',#3028,#3029,#3030);
#3028 = CARTESIAN_POINT('',(-14.524086,-14.524086,-4.E-02));
#3029 = DIRECTION('',(-0.,0.,-1.));
#3030 = DIRECTION('',(-0.,-1.,0.));
#3031 = PLANE('',#3032);
#3032 = AXIS2_PLACEMENT_3D('',#3033,#3034,#3035);
#3033 = CARTESIAN_POINT('',(-14.524086,-14.674086,-4.E-02));
#3034 = DIRECTION('',(0.,0.,1.));
#3035 = DIRECTION('',(1.,0.,-0.));
#3036 = ADVANCED_FACE('',(#3037,#3040),#3051,.T.);
#3037 = FACE_BOUND('',#3038,.T.);
#3038 = EDGE_LOOP('',(#3039));
#3039 = ORIENTED_EDGE('',*,*,#2997,.T.);
#3040 = FACE_BOUND('',#3041,.T.);
#3041 = EDGE_LOOP('',(#3042));
#3042 = ORIENTED_EDGE('',*,*,#3043,.T.);
#3043 = EDGE_CURVE('',#3044,#3044,#3046,.T.);
#3044 = VERTEX_POINT('',#3045);
#3045 = CARTESIAN_POINT('',(-14.524086,-14.649086,1.55));
#3046 = CIRCLE('',#3047,0.125);
#3047 = AXIS2_PLACEMENT_3D('',#3048,#3049,#3050);
#3048 = CARTESIAN_POINT('',(-14.524086,-14.524086,1.55));
#3049 = DIRECTION('',(-0.,0.,-1.));
#3050 = DIRECTION('',(-0.,-1.,0.));
#3051 = PLANE('',#3052);
#3052 = AXIS2_PLACEMENT_3D('',#3053,#3054,#3055);
#3053 = CARTESIAN_POINT('',(-14.524086,-14.674086,1.55));
#3054 = DIRECTION('',(0.,0.,1.));
#3055 = DIRECTION('',(1.,0.,-0.));
#3056 = ADVANCED_FACE('',(#3057),#3068,.F.);
#3057 = FACE_BOUND('',#3058,.T.);
#3058 = EDGE_LOOP('',(#3059,#3060,#3066,#3067));
#3059 = ORIENTED_EDGE('',*,*,#3023,.T.);
#3060 = ORIENTED_EDGE('',*,*,#3061,.T.);
#3061 = EDGE_CURVE('',#3024,#3044,#3062,.T.);
#3062 = LINE('',#3063,#3064);
#3063 = CARTESIAN_POINT('',(-14.524086,-14.649086,-4.6E-02));
#3064 = VECTOR('',#3065,1.);
#3065 = DIRECTION('',(0.,0.,1.));
#3066 = ORIENTED_EDGE('',*,*,#3043,.F.);
#3067 = ORIENTED_EDGE('',*,*,#3061,.F.);
#3068 = CYLINDRICAL_SURFACE('',#3069,0.125);
#3069 = AXIS2_PLACEMENT_3D('',#3070,#3071,#3072);
#3070 = CARTESIAN_POINT('',(-14.524086,-14.524086,-4.6E-02));
#3071 = DIRECTION('',(-0.,-0.,-1.));
#3072 = DIRECTION('',(-0.,-1.,0.));
#3073 = MANIFOLD_SOLID_BREP('',#3074);
#3074 = CLOSED_SHELL('',(#3075,#3108,#3128,#3148));
#3075 = ADVANCED_FACE('',(#3076),#3103,.T.);
#3076 = FACE_BOUND('',#3077,.F.);
#3077 = EDGE_LOOP('',(#3078,#3088,#3095,#3096));
#3078 = ORIENTED_EDGE('',*,*,#3079,.T.);
#3079 = EDGE_CURVE('',#3080,#3082,#3084,.T.);
#3080 = VERTEX_POINT('',#3081);
#3081 = CARTESIAN_POINT('',(-4.78421,-5.08421,1.51));
#3082 = VERTEX_POINT('',#3083);
#3083 = CARTESIAN_POINT('',(-4.78421,-5.08421,1.55));
#3084 = LINE('',#3085,#3086);
#3085 = CARTESIAN_POINT('',(-4.78421,-5.08421,1.51));
#3086 = VECTOR('',#3087,1.);
#3087 = DIRECTION('',(0.,0.,1.));
#3088 = ORIENTED_EDGE('',*,*,#3089,.T.);
#3089 = EDGE_CURVE('',#3082,#3082,#3090,.T.);
#3090 = CIRCLE('',#3091,0.3);
#3091 = AXIS2_PLACEMENT_3D('',#3092,#3093,#3094);
#3092 = CARTESIAN_POINT('',(-5.08421,-5.08421,1.55));
#3093 = DIRECTION('',(0.,0.,1.));
#3094 = DIRECTION('',(1.,0.,-0.));
#3095 = ORIENTED_EDGE('',*,*,#3079,.F.);
#3096 = ORIENTED_EDGE('',*,*,#3097,.F.);
#3097 = EDGE_CURVE('',#3080,#3080,#3098,.T.);
#3098 = CIRCLE('',#3099,0.3);
#3099 = AXIS2_PLACEMENT_3D('',#3100,#3101,#3102);
#3100 = CARTESIAN_POINT('',(-5.08421,-5.08421,1.51));
#3101 = DIRECTION('',(0.,0.,1.));
#3102 = DIRECTION('',(1.,0.,-0.));
#3103 = CYLINDRICAL_SURFACE('',#3104,0.3);
#3104 = AXIS2_PLACEMENT_3D('',#3105,#3106,#3107);
#3105 = CARTESIAN_POINT('',(-5.08421,-5.08421,1.51));
#3106 = DIRECTION('',(-0.,-0.,-1.));
#3107 = DIRECTION('',(1.,0.,-0.));
#3108 = ADVANCED_FACE('',(#3109,#3112),#3123,.F.);
#3109 = FACE_BOUND('',#3110,.F.);
#3110 = EDGE_LOOP('',(#3111));
#3111 = ORIENTED_EDGE('',*,*,#3097,.T.);
#3112 = FACE_BOUND('',#3113,.F.);
#3113 = EDGE_LOOP('',(#3114));
#3114 = ORIENTED_EDGE('',*,*,#3115,.T.);
#3115 = EDGE_CURVE('',#3116,#3116,#3118,.T.);
#3116 = VERTEX_POINT('',#3117);
#3117 = CARTESIAN_POINT('',(-5.08421,-5.20921,1.51));
#3118 = CIRCLE('',#3119,0.125);
#3119 = AXIS2_PLACEMENT_3D('',#3120,#3121,#3122);
#3120 = CARTESIAN_POINT('',(-5.08421,-5.08421,1.51));
#3121 = DIRECTION('',(-0.,0.,-1.));
#3122 = DIRECTION('',(-0.,-1.,0.));
#3123 = PLANE('',#3124);
#3124 = AXIS2_PLACEMENT_3D('',#3125,#3126,#3127);
#3125 = CARTESIAN_POINT('',(0.,0.,1.51));
#3126 = DIRECTION('',(0.,0.,1.));
#3127 = DIRECTION('',(1.,0.,-0.));
#3128 = ADVANCED_FACE('',(#3129,#3132),#3143,.T.);
#3129 = FACE_BOUND('',#3130,.T.);
#3130 = EDGE_LOOP('',(#3131));
#3131 = ORIENTED_EDGE('',*,*,#3089,.T.);
#3132 = FACE_BOUND('',#3133,.T.);
#3133 = EDGE_LOOP('',(#3134));
#3134 = ORIENTED_EDGE('',*,*,#3135,.T.);
#3135 = EDGE_CURVE('',#3136,#3136,#3138,.T.);
#3136 = VERTEX_POINT('',#3137);
#3137 = CARTESIAN_POINT('',(-5.08421,-5.20921,1.55));
#3138 = CIRCLE('',#3139,0.125);
#3139 = AXIS2_PLACEMENT_3D('',#3140,#3141,#3142);
#3140 = CARTESIAN_POINT('',(-5.08421,-5.08421,1.55));
#3141 = DIRECTION('',(-0.,0.,-1.));
#3142 = DIRECTION('',(-0.,-1.,0.));
#3143 = PLANE('',#3144);
#3144 = AXIS2_PLACEMENT_3D('',#3145,#3146,#3147);
#3145 = CARTESIAN_POINT('',(0.,0.,1.55));
#3146 = DIRECTION('',(0.,0.,1.));
#3147 = DIRECTION('',(1.,0.,-0.));
#3148 = ADVANCED_FACE('',(#3149),#3160,.F.);
#3149 = FACE_BOUND('',#3150,.T.);
#3150 = EDGE_LOOP('',(#3151,#3152,#3158,#3159));
#3151 = ORIENTED_EDGE('',*,*,#3115,.T.);
#3152 = ORIENTED_EDGE('',*,*,#3153,.T.);
#3153 = EDGE_CURVE('',#3116,#3136,#3154,.T.);
#3154 = LINE('',#3155,#3156);
#3155 = CARTESIAN_POINT('',(-5.08421,-5.20921,-4.6E-02));
#3156 = VECTOR('',#3157,1.);
#3157 = DIRECTION('',(0.,0.,1.));
#3158 = ORIENTED_EDGE('',*,*,#3135,.F.);
#3159 = ORIENTED_EDGE('',*,*,#3153,.F.);
#3160 = CYLINDRICAL_SURFACE('',#3161,0.125);
#3161 = AXIS2_PLACEMENT_3D('',#3162,#3163,#3164);
#3162 = CARTESIAN_POINT('',(-5.08421,-5.08421,-4.6E-02));
#3163 = DIRECTION('',(-0.,-0.,-1.));
#3164 = DIRECTION('',(-0.,-1.,0.));
#3165 = MANIFOLD_SOLID_BREP('',#3166);
#3166 = CLOSED_SHELL('',(#3167,#3200,#3220,#3240));
#3167 = ADVANCED_FACE('',(#3168),#3195,.T.);
#3168 = FACE_BOUND('',#3169,.T.);
#3169 = EDGE_LOOP('',(#3170,#3180,#3187,#3188));
#3170 = ORIENTED_EDGE('',*,*,#3171,.T.);
#3171 = EDGE_CURVE('',#3172,#3174,#3176,.T.);
#3172 = VERTEX_POINT('',#3173);
#3173 = CARTESIAN_POINT('',(-4.78421,-5.08421,0.));
#3174 = VERTEX_POINT('',#3175);
#3175 = CARTESIAN_POINT('',(-4.78421,-5.08421,-4.E-02));
#3176 = LINE('',#3177,#3178);
#3177 = CARTESIAN_POINT('',(-4.78421,-5.08421,0.));
#3178 = VECTOR('',#3179,1.);
#3179 = DIRECTION('',(0.,0.,-1.));
#3180 = ORIENTED_EDGE('',*,*,#3181,.T.);
#3181 = EDGE_CURVE('',#3174,#3174,#3182,.T.);
#3182 = CIRCLE('',#3183,0.3);
#3183 = AXIS2_PLACEMENT_3D('',#3184,#3185,#3186);
#3184 = CARTESIAN_POINT('',(-5.08421,-5.08421,-4.E-02));
#3185 = DIRECTION('',(0.,0.,1.));
#3186 = DIRECTION('',(1.,0.,-0.));
#3187 = ORIENTED_EDGE('',*,*,#3171,.F.);
#3188 = ORIENTED_EDGE('',*,*,#3189,.F.);
#3189 = EDGE_CURVE('',#3172,#3172,#3190,.T.);
#3190 = CIRCLE('',#3191,0.3);
#3191 = AXIS2_PLACEMENT_3D('',#3192,#3193,#3194);
#3192 = CARTESIAN_POINT('',(-5.08421,-5.08421,0.));
#3193 = DIRECTION('',(0.,0.,1.));
#3194 = DIRECTION('',(1.,0.,-0.));
#3195 = CYLINDRICAL_SURFACE('',#3196,0.3);
#3196 = AXIS2_PLACEMENT_3D('',#3197,#3198,#3199);
#3197 = CARTESIAN_POINT('',(-5.08421,-5.08421,0.));
#3198 = DIRECTION('',(0.,0.,1.));
#3199 = DIRECTION('',(1.,0.,-0.));
#3200 = ADVANCED_FACE('',(#3201,#3204),#3215,.F.);
#3201 = FACE_BOUND('',#3202,.F.);
#3202 = EDGE_LOOP('',(#3203));
#3203 = ORIENTED_EDGE('',*,*,#3189,.F.);
#3204 = FACE_BOUND('',#3205,.F.);
#3205 = EDGE_LOOP('',(#3206));
#3206 = ORIENTED_EDGE('',*,*,#3207,.F.);
#3207 = EDGE_CURVE('',#3208,#3208,#3210,.T.);
#3208 = VERTEX_POINT('',#3209);
#3209 = CARTESIAN_POINT('',(-5.08421,-5.20921,0.));
#3210 = CIRCLE('',#3211,0.125);
#3211 = AXIS2_PLACEMENT_3D('',#3212,#3213,#3214);
#3212 = CARTESIAN_POINT('',(-5.08421,-5.08421,0.));
#3213 = DIRECTION('',(-0.,0.,-1.));
#3214 = DIRECTION('',(-0.,-1.,0.));
#3215 = PLANE('',#3216);
#3216 = AXIS2_PLACEMENT_3D('',#3217,#3218,#3219);
#3217 = CARTESIAN_POINT('',(0.,0.,0.));
#3218 = DIRECTION('',(-0.,-0.,-1.));
#3219 = DIRECTION('',(-1.,0.,0.));
#3220 = ADVANCED_FACE('',(#3221,#3224),#3235,.T.);
#3221 = FACE_BOUND('',#3222,.T.);
#3222 = EDGE_LOOP('',(#3223));
#3223 = ORIENTED_EDGE('',*,*,#3181,.F.);
#3224 = FACE_BOUND('',#3225,.T.);
#3225 = EDGE_LOOP('',(#3226));
#3226 = ORIENTED_EDGE('',*,*,#3227,.F.);
#3227 = EDGE_CURVE('',#3228,#3228,#3230,.T.);
#3228 = VERTEX_POINT('',#3229);
#3229 = CARTESIAN_POINT('',(-5.08421,-5.20921,-4.E-02));
#3230 = CIRCLE('',#3231,0.125);
#3231 = AXIS2_PLACEMENT_3D('',#3232,#3233,#3234);
#3232 = CARTESIAN_POINT('',(-5.08421,-5.08421,-4.E-02));
#3233 = DIRECTION('',(-0.,0.,-1.));
#3234 = DIRECTION('',(-0.,-1.,0.));
#3235 = PLANE('',#3236);
#3236 = AXIS2_PLACEMENT_3D('',#3237,#3238,#3239);
#3237 = CARTESIAN_POINT('',(0.,0.,-4.E-02));
#3238 = DIRECTION('',(-0.,-0.,-1.));
#3239 = DIRECTION('',(-1.,0.,0.));
#3240 = ADVANCED_FACE('',(#3241),#3252,.F.);
#3241 = FACE_BOUND('',#3242,.T.);
#3242 = EDGE_LOOP('',(#3243,#3244,#3250,#3251));
#3243 = ORIENTED_EDGE('',*,*,#3227,.T.);
#3244 = ORIENTED_EDGE('',*,*,#3245,.T.);
#3245 = EDGE_CURVE('',#3228,#3208,#3246,.T.);
#3246 = LINE('',#3247,#3248);
#3247 = CARTESIAN_POINT('',(-5.08421,-5.20921,-4.6E-02));
#3248 = VECTOR('',#3249,1.);
#3249 = DIRECTION('',(0.,0.,1.));
#3250 = ORIENTED_EDGE('',*,*,#3207,.F.);
#3251 = ORIENTED_EDGE('',*,*,#3245,.F.);
#3252 = CYLINDRICAL_SURFACE('',#3253,0.125);
#3253 = AXIS2_PLACEMENT_3D('',#3254,#3255,#3256);
#3254 = CARTESIAN_POINT('',(-5.08421,-5.08421,-4.6E-02));
#3255 = DIRECTION('',(-0.,-0.,-1.));
#3256 = DIRECTION('',(-0.,-1.,0.));
#3257 = MANIFOLD_SOLID_BREP('',#3258);
#3258 = CLOSED_SHELL('',(#3259,#3292,#3312,#3332));
#3259 = ADVANCED_FACE('',(#3260),#3287,.T.);
#3260 = FACE_BOUND('',#3261,.F.);
#3261 = EDGE_LOOP('',(#3262,#3272,#3279,#3280));
#3262 = ORIENTED_EDGE('',*,*,#3263,.T.);
#3263 = EDGE_CURVE('',#3264,#3266,#3268,.T.);
#3264 = VERTEX_POINT('',#3265);
#3265 = CARTESIAN_POINT('',(-5.08421,-5.23421,-4.E-02));
#3266 = VERTEX_POINT('',#3267);
#3267 = CARTESIAN_POINT('',(-5.08421,-5.23421,1.55));
#3268 = LINE('',#3269,#3270);
#3269 = CARTESIAN_POINT('',(-5.08421,-5.23421,-4.E-02));
#3270 = VECTOR('',#3271,1.);
#3271 = DIRECTION('',(0.,0.,1.));
#3272 = ORIENTED_EDGE('',*,*,#3273,.T.);
#3273 = EDGE_CURVE('',#3266,#3266,#3274,.T.);
#3274 = CIRCLE('',#3275,0.15);
#3275 = AXIS2_PLACEMENT_3D('',#3276,#3277,#3278);
#3276 = CARTESIAN_POINT('',(-5.08421,-5.08421,1.55));
#3277 = DIRECTION('',(0.,-0.,1.));
#3278 = DIRECTION('',(5.921189464667E-15,-1.,-0.));
#3279 = ORIENTED_EDGE('',*,*,#3263,.F.);
#3280 = ORIENTED_EDGE('',*,*,#3281,.F.);
#3281 = EDGE_CURVE('',#3264,#3264,#3282,.T.);
#3282 = CIRCLE('',#3283,0.15);
#3283 = AXIS2_PLACEMENT_3D('',#3284,#3285,#3286);
#3284 = CARTESIAN_POINT('',(-5.08421,-5.08421,-4.E-02));
#3285 = DIRECTION('',(0.,-0.,1.));
#3286 = DIRECTION('',(5.921189464667E-15,-1.,-0.));
#3287 = CYLINDRICAL_SURFACE('',#3288,0.15);
#3288 = AXIS2_PLACEMENT_3D('',#3289,#3290,#3291);
#3289 = CARTESIAN_POINT('',(-5.08421,-5.08421,-4.E-02));
#3290 = DIRECTION('',(-0.,0.,-1.));
#3291 = DIRECTION('',(5.921189464667E-15,-1.,-0.));
#3292 = ADVANCED_FACE('',(#3293,#3296),#3307,.F.);
#3293 = FACE_BOUND('',#3294,.F.);
#3294 = EDGE_LOOP('',(#3295));
#3295 = ORIENTED_EDGE('',*,*,#3281,.T.);
#3296 = FACE_BOUND('',#3297,.F.);
#3297 = EDGE_LOOP('',(#3298));
#3298 = ORIENTED_EDGE('',*,*,#3299,.T.);
#3299 = EDGE_CURVE('',#3300,#3300,#3302,.T.);
#3300 = VERTEX_POINT('',#3301);
#3301 = CARTESIAN_POINT('',(-5.08421,-5.20921,-4.E-02));
#3302 = CIRCLE('',#3303,0.125);
#3303 = AXIS2_PLACEMENT_3D('',#3304,#3305,#3306);
#3304 = CARTESIAN_POINT('',(-5.08421,-5.08421,-4.E-02));
#3305 = DIRECTION('',(-0.,0.,-1.));
#3306 = DIRECTION('',(-0.,-1.,0.));
#3307 = PLANE('',#3308);
#3308 = AXIS2_PLACEMENT_3D('',#3309,#3310,#3311);
#3309 = CARTESIAN_POINT('',(-5.08421,-5.23421,-4.E-02));
#3310 = DIRECTION('',(0.,0.,1.));
#3311 = DIRECTION('',(1.,0.,-0.));
#3312 = ADVANCED_FACE('',(#3313,#3316),#3327,.T.);
#3313 = FACE_BOUND('',#3314,.T.);
#3314 = EDGE_LOOP('',(#3315));
#3315 = ORIENTED_EDGE('',*,*,#3273,.T.);
#3316 = FACE_BOUND('',#3317,.T.);
#3317 = EDGE_LOOP('',(#3318));
#3318 = ORIENTED_EDGE('',*,*,#3319,.T.);
#3319 = EDGE_CURVE('',#3320,#3320,#3322,.T.);
#3320 = VERTEX_POINT('',#3321);
#3321 = CARTESIAN_POINT('',(-5.08421,-5.20921,1.55));
#3322 = CIRCLE('',#3323,0.125);
#3323 = AXIS2_PLACEMENT_3D('',#3324,#3325,#3326);
#3324 = CARTESIAN_POINT('',(-5.08421,-5.08421,1.55));
#3325 = DIRECTION('',(-0.,0.,-1.));
#3326 = DIRECTION('',(-0.,-1.,0.));
#3327 = PLANE('',#3328);
#3328 = AXIS2_PLACEMENT_3D('',#3329,#3330,#3331);
#3329 = CARTESIAN_POINT('',(-5.08421,-5.23421,1.55));
#3330 = DIRECTION('',(0.,0.,1.));
#3331 = DIRECTION('',(1.,0.,-0.));
#3332 = ADVANCED_FACE('',(#3333),#3344,.F.);
#3333 = FACE_BOUND('',#3334,.T.);
#3334 = EDGE_LOOP('',(#3335,#3336,#3342,#3343));
#3335 = ORIENTED_EDGE('',*,*,#3299,.T.);
#3336 = ORIENTED_EDGE('',*,*,#3337,.T.);
#3337 = EDGE_CURVE('',#3300,#3320,#3338,.T.);
#3338 = LINE('',#3339,#3340);
#3339 = CARTESIAN_POINT('',(-5.08421,-5.20921,-4.6E-02));
#3340 = VECTOR('',#3341,1.);
#3341 = DIRECTION('',(0.,0.,1.));
#3342 = ORIENTED_EDGE('',*,*,#3319,.F.);
#3343 = ORIENTED_EDGE('',*,*,#3337,.F.);
#3344 = CYLINDRICAL_SURFACE('',#3345,0.125);
#3345 = AXIS2_PLACEMENT_3D('',#3346,#3347,#3348);
#3346 = CARTESIAN_POINT('',(-5.08421,-5.08421,-4.6E-02));
#3347 = DIRECTION('',(-0.,-0.,-1.));
#3348 = DIRECTION('',(-0.,-1.,0.));
#3349 = MANIFOLD_SOLID_BREP('',#3350);
#3350 = CLOSED_SHELL('',(#3351,#3391,#3422,#3453,#3475,#3487));
#3351 = ADVANCED_FACE('',(#3352),#3386,.T.);
#3352 = FACE_BOUND('',#3353,.T.);
#3353 = EDGE_LOOP('',(#3354,#3364,#3372,#3380));
#3354 = ORIENTED_EDGE('',*,*,#3355,.T.);
#3355 = EDGE_CURVE('',#3356,#3358,#3360,.T.);
#3356 = VERTEX_POINT('',#3357);
#3357 = CARTESIAN_POINT('',(-32.725,-2.75,1.51));
#3358 = VERTEX_POINT('',#3359);
#3359 = CARTESIAN_POINT('',(-32.725,-2.75,1.55));
#3360 = LINE('',#3361,#3362);
#3361 = CARTESIAN_POINT('',(-32.725,-2.75,1.51));
#3362 = VECTOR('',#3363,1.);
#3363 = DIRECTION('',(0.,0.,1.));
#3364 = ORIENTED_EDGE('',*,*,#3365,.T.);
#3365 = EDGE_CURVE('',#3358,#3366,#3368,.T.);
#3366 = VERTEX_POINT('',#3367);
#3367 = CARTESIAN_POINT('',(-32.725,-1.25,1.55));
#3368 = LINE('',#3369,#3370);
#3369 = CARTESIAN_POINT('',(-32.725,-2.75,1.55));
#3370 = VECTOR('',#3371,1.);
#3371 = DIRECTION('',(0.,1.,0.));
#3372 = ORIENTED_EDGE('',*,*,#3373,.F.);
#3373 = EDGE_CURVE('',#3374,#3366,#3376,.T.);
#3374 = VERTEX_POINT('',#3375);
#3375 = CARTESIAN_POINT('',(-32.725,-1.25,1.51));
#3376 = LINE('',#3377,#3378);
#3377 = CARTESIAN_POINT('',(-32.725,-1.25,1.51));
#3378 = VECTOR('',#3379,1.);
#3379 = DIRECTION('',(0.,0.,1.));
#3380 = ORIENTED_EDGE('',*,*,#3381,.F.);
#3381 = EDGE_CURVE('',#3356,#3374,#3382,.T.);
#3382 = LINE('',#3383,#3384);
#3383 = CARTESIAN_POINT('',(-32.725,-2.75,1.51));
#3384 = VECTOR('',#3385,1.);
#3385 = DIRECTION('',(0.,1.,0.));
#3386 = PLANE('',#3387);
#3387 = AXIS2_PLACEMENT_3D('',#3388,#3389,#3390);
#3388 = CARTESIAN_POINT('',(-32.725,-2.75,1.51));
#3389 = DIRECTION('',(-1.,0.,0.));
#3390 = DIRECTION('',(0.,1.,0.));
#3391 = ADVANCED_FACE('',(#3392),#3417,.T.);
#3392 = FACE_BOUND('',#3393,.T.);
#3393 = EDGE_LOOP('',(#3394,#3395,#3403,#3411));
#3394 = ORIENTED_EDGE('',*,*,#3373,.T.);
#3395 = ORIENTED_EDGE('',*,*,#3396,.T.);
#3396 = EDGE_CURVE('',#3366,#3397,#3399,.T.);
#3397 = VERTEX_POINT('',#3398);
#3398 = CARTESIAN_POINT('',(-31.225,-1.25,1.55));
#3399 = LINE('',#3400,#3401);
#3400 = CARTESIAN_POINT('',(-32.725,-1.25,1.55));
#3401 = VECTOR('',#3402,1.);
#3402 = DIRECTION('',(1.,0.,0.));
#3403 = ORIENTED_EDGE('',*,*,#3404,.F.);
#3404 = EDGE_CURVE('',#3405,#3397,#3407,.T.);
#3405 = VERTEX_POINT('',#3406);
#3406 = CARTESIAN_POINT('',(-31.225,-1.25,1.51));
#3407 = LINE('',#3408,#3409);
#3408 = CARTESIAN_POINT('',(-31.225,-1.25,1.51));
#3409 = VECTOR('',#3410,1.);
#3410 = DIRECTION('',(0.,0.,1.));
#3411 = ORIENTED_EDGE('',*,*,#3412,.F.);
#3412 = EDGE_CURVE('',#3374,#3405,#3413,.T.);
#3413 = LINE('',#3414,#3415);
#3414 = CARTESIAN_POINT('',(-32.725,-1.25,1.51));
#3415 = VECTOR('',#3416,1.);
#3416 = DIRECTION('',(1.,0.,0.));
#3417 = PLANE('',#3418);
#3418 = AXIS2_PLACEMENT_3D('',#3419,#3420,#3421);
#3419 = CARTESIAN_POINT('',(-32.725,-1.25,1.51));
#3420 = DIRECTION('',(0.,1.,0.));
#3421 = DIRECTION('',(1.,0.,0.));
#3422 = ADVANCED_FACE('',(#3423),#3448,.T.);
#3423 = FACE_BOUND('',#3424,.T.);
#3424 = EDGE_LOOP('',(#3425,#3426,#3434,#3442));
#3425 = ORIENTED_EDGE('',*,*,#3404,.T.);
#3426 = ORIENTED_EDGE('',*,*,#3427,.T.);
#3427 = EDGE_CURVE('',#3397,#3428,#3430,.T.);
#3428 = VERTEX_POINT('',#3429);
#3429 = CARTESIAN_POINT('',(-31.225,-2.75,1.55));
#3430 = LINE('',#3431,#3432);
#3431 = CARTESIAN_POINT('',(-31.225,-1.25,1.55));
#3432 = VECTOR('',#3433,1.);
#3433 = DIRECTION('',(0.,-1.,0.));
#3434 = ORIENTED_EDGE('',*,*,#3435,.F.);
#3435 = EDGE_CURVE('',#3436,#3428,#3438,.T.);
#3436 = VERTEX_POINT('',#3437);
#3437 = CARTESIAN_POINT('',(-31.225,-2.75,1.51));
#3438 = LINE('',#3439,#3440);
#3439 = CARTESIAN_POINT('',(-31.225,-2.75,1.51));
#3440 = VECTOR('',#3441,1.);
#3441 = DIRECTION('',(0.,0.,1.));
#3442 = ORIENTED_EDGE('',*,*,#3443,.F.);
#3443 = EDGE_CURVE('',#3405,#3436,#3444,.T.);
#3444 = LINE('',#3445,#3446);
#3445 = CARTESIAN_POINT('',(-31.225,-1.25,1.51));
#3446 = VECTOR('',#3447,1.);
#3447 = DIRECTION('',(0.,-1.,0.));
#3448 = PLANE('',#3449);
#3449 = AXIS2_PLACEMENT_3D('',#3450,#3451,#3452);
#3450 = CARTESIAN_POINT('',(-31.225,-1.25,1.51));
#3451 = DIRECTION('',(1.,0.,-0.));
#3452 = DIRECTION('',(0.,-1.,0.));
#3453 = ADVANCED_FACE('',(#3454),#3470,.T.);
#3454 = FACE_BOUND('',#3455,.T.);
#3455 = EDGE_LOOP('',(#3456,#3457,#3463,#3464));
#3456 = ORIENTED_EDGE('',*,*,#3435,.T.);
#3457 = ORIENTED_EDGE('',*,*,#3458,.T.);
#3458 = EDGE_CURVE('',#3428,#3358,#3459,.T.);
#3459 = LINE('',#3460,#3461);
#3460 = CARTESIAN_POINT('',(-31.225,-2.75,1.55));
#3461 = VECTOR('',#3462,1.);
#3462 = DIRECTION('',(-1.,0.,0.));
#3463 = ORIENTED_EDGE('',*,*,#3355,.F.);
#3464 = ORIENTED_EDGE('',*,*,#3465,.F.);
#3465 = EDGE_CURVE('',#3436,#3356,#3466,.T.);
#3466 = LINE('',#3467,#3468);
#3467 = CARTESIAN_POINT('',(-31.225,-2.75,1.51));
#3468 = VECTOR('',#3469,1.);
#3469 = DIRECTION('',(-1.,0.,0.));
#3470 = PLANE('',#3471);
#3471 = AXIS2_PLACEMENT_3D('',#3472,#3473,#3474);
#3472 = CARTESIAN_POINT('',(-31.225,-2.75,1.51));
#3473 = DIRECTION('',(0.,-1.,0.));
#3474 = DIRECTION('',(-1.,0.,0.));
#3475 = ADVANCED_FACE('',(#3476),#3482,.F.);
#3476 = FACE_BOUND('',#3477,.T.);
#3477 = EDGE_LOOP('',(#3478,#3479,#3480,#3481));
#3478 = ORIENTED_EDGE('',*,*,#3381,.T.);
#3479 = ORIENTED_EDGE('',*,*,#3412,.T.);
#3480 = ORIENTED_EDGE('',*,*,#3443,.T.);
#3481 = ORIENTED_EDGE('',*,*,#3465,.T.);
#3482 = PLANE('',#3483);
#3483 = AXIS2_PLACEMENT_3D('',#3484,#3485,#3486);
#3484 = CARTESIAN_POINT('',(0.,0.,1.51));
#3485 = DIRECTION('',(0.,0.,1.));
#3486 = DIRECTION('',(1.,0.,-0.));
#3487 = ADVANCED_FACE('',(#3488),#3494,.T.);
#3488 = FACE_BOUND('',#3489,.F.);
#3489 = EDGE_LOOP('',(#3490,#3491,#3492,#3493));
#3490 = ORIENTED_EDGE('',*,*,#3365,.T.);
#3491 = ORIENTED_EDGE('',*,*,#3396,.T.);
#3492 = ORIENTED_EDGE('',*,*,#3427,.T.);
#3493 = ORIENTED_EDGE('',*,*,#3458,.T.);
#3494 = PLANE('',#3495);
#3495 = AXIS2_PLACEMENT_3D('',#3496,#3497,#3498);
#3496 = CARTESIAN_POINT('',(0.,0.,1.55));
#3497 = DIRECTION('',(0.,0.,1.));
#3498 = DIRECTION('',(1.,0.,-0.));
#3499 = MANIFOLD_SOLID_BREP('',#3500);
#3500 = CLOSED_SHELL('',(#3501,#3534,#3554,#3574));
#3501 = ADVANCED_FACE('',(#3502),#3529,.T.);
#3502 = FACE_BOUND('',#3503,.F.);
#3503 = EDGE_LOOP('',(#3504,#3514,#3521,#3522));
#3504 = ORIENTED_EDGE('',*,*,#3505,.T.);
#3505 = EDGE_CURVE('',#3506,#3508,#3510,.T.);
#3506 = VERTEX_POINT('',#3507);
#3507 = CARTESIAN_POINT('',(-26.289877,-1.230478,1.51));
#3508 = VERTEX_POINT('',#3509);
#3509 = CARTESIAN_POINT('',(-26.289877,-1.230478,1.55));
#3510 = LINE('',#3511,#3512);
#3511 = CARTESIAN_POINT('',(-26.289877,-1.230478,1.51));
#3512 = VECTOR('',#3513,1.);
#3513 = DIRECTION('',(0.,0.,1.));
#3514 = ORIENTED_EDGE('',*,*,#3515,.T.);
#3515 = EDGE_CURVE('',#3508,#3508,#3516,.T.);
#3516 = CIRCLE('',#3517,0.749999);
#3517 = AXIS2_PLACEMENT_3D('',#3518,#3519,#3520);
#3518 = CARTESIAN_POINT('',(-27.039876,-1.230478,1.55));
#3519 = DIRECTION('',(0.,0.,1.));
#3520 = DIRECTION('',(1.,0.,-0.));
#3521 = ORIENTED_EDGE('',*,*,#3505,.F.);
#3522 = ORIENTED_EDGE('',*,*,#3523,.F.);
#3523 = EDGE_CURVE('',#3506,#3506,#3524,.T.);
#3524 = CIRCLE('',#3525,0.749999);
#3525 = AXIS2_PLACEMENT_3D('',#3526,#3527,#3528);
#3526 = CARTESIAN_POINT('',(-27.039876,-1.230478,1.51));
#3527 = DIRECTION('',(0.,0.,1.));
#3528 = DIRECTION('',(1.,0.,-0.));
#3529 = CYLINDRICAL_SURFACE('',#3530,0.749999);
#3530 = AXIS2_PLACEMENT_3D('',#3531,#3532,#3533);
#3531 = CARTESIAN_POINT('',(-27.039876,-1.230478,1.51));
#3532 = DIRECTION('',(-0.,-0.,-1.));
#3533 = DIRECTION('',(1.,0.,-0.));
#3534 = ADVANCED_FACE('',(#3535,#3538),#3549,.F.);
#3535 = FACE_BOUND('',#3536,.F.);
#3536 = EDGE_LOOP('',(#3537));
#3537 = ORIENTED_EDGE('',*,*,#3523,.T.);
#3538 = FACE_BOUND('',#3539,.F.);
#3539 = EDGE_LOOP('',(#3540));
#3540 = ORIENTED_EDGE('',*,*,#3541,.T.);
#3541 = EDGE_CURVE('',#3542,#3542,#3544,.T.);
#3542 = VERTEX_POINT('',#3543);
#3543 = CARTESIAN_POINT('',(-27.039876,-1.455478,1.51));
#3544 = CIRCLE('',#3545,0.225);
#3545 = AXIS2_PLACEMENT_3D('',#3546,#3547,#3548);
#3546 = CARTESIAN_POINT('',(-27.039876,-1.230478,1.51));
#3547 = DIRECTION('',(-0.,0.,-1.));
#3548 = DIRECTION('',(-0.,-1.,0.));
#3549 = PLANE('',#3550);
#3550 = AXIS2_PLACEMENT_3D('',#3551,#3552,#3553);
#3551 = CARTESIAN_POINT('',(0.,0.,1.51));
#3552 = DIRECTION('',(0.,0.,1.));
#3553 = DIRECTION('',(1.,0.,-0.));
#3554 = ADVANCED_FACE('',(#3555,#3558),#3569,.T.);
#3555 = FACE_BOUND('',#3556,.T.);
#3556 = EDGE_LOOP('',(#3557));
#3557 = ORIENTED_EDGE('',*,*,#3515,.T.);
#3558 = FACE_BOUND('',#3559,.T.);
#3559 = EDGE_LOOP('',(#3560));
#3560 = ORIENTED_EDGE('',*,*,#3561,.T.);
#3561 = EDGE_CURVE('',#3562,#3562,#3564,.T.);
#3562 = VERTEX_POINT('',#3563);
#3563 = CARTESIAN_POINT('',(-27.039876,-1.455478,1.55));
#3564 = CIRCLE('',#3565,0.225);
#3565 = AXIS2_PLACEMENT_3D('',#3566,#3567,#3568);
#3566 = CARTESIAN_POINT('',(-27.039876,-1.230478,1.55));
#3567 = DIRECTION('',(-0.,0.,-1.));
#3568 = DIRECTION('',(-0.,-1.,0.));
#3569 = PLANE('',#3570);
#3570 = AXIS2_PLACEMENT_3D('',#3571,#3572,#3573);
#3571 = CARTESIAN_POINT('',(0.,0.,1.55));
#3572 = DIRECTION('',(0.,0.,1.));
#3573 = DIRECTION('',(1.,0.,-0.));
#3574 = ADVANCED_FACE('',(#3575),#3586,.F.);
#3575 = FACE_BOUND('',#3576,.T.);
#3576 = EDGE_LOOP('',(#3577,#3578,#3584,#3585));
#3577 = ORIENTED_EDGE('',*,*,#3541,.T.);
#3578 = ORIENTED_EDGE('',*,*,#3579,.T.);
#3579 = EDGE_CURVE('',#3542,#3562,#3580,.T.);
#3580 = LINE('',#3581,#3582);
#3581 = CARTESIAN_POINT('',(-27.039876,-1.455478,-4.6E-02));
#3582 = VECTOR('',#3583,1.);
#3583 = DIRECTION('',(0.,0.,1.));
#3584 = ORIENTED_EDGE('',*,*,#3561,.F.);
#3585 = ORIENTED_EDGE('',*,*,#3579,.F.);
#3586 = CYLINDRICAL_SURFACE('',#3587,0.225);
#3587 = AXIS2_PLACEMENT_3D('',#3588,#3589,#3590);
#3588 = CARTESIAN_POINT('',(-27.039876,-1.230478,-4.6E-02));
#3589 = DIRECTION('',(-0.,-0.,-1.));
#3590 = DIRECTION('',(-0.,-1.,0.));
#3591 = MANIFOLD_SOLID_BREP('',#3592);
#3592 = CLOSED_SHELL('',(#3593,#3626,#3646,#3666));
#3593 = ADVANCED_FACE('',(#3594),#3621,.T.);
#3594 = FACE_BOUND('',#3595,.T.);
#3595 = EDGE_LOOP('',(#3596,#3606,#3613,#3614));
#3596 = ORIENTED_EDGE('',*,*,#3597,.T.);
#3597 = EDGE_CURVE('',#3598,#3600,#3602,.T.);
#3598 = VERTEX_POINT('',#3599);
#3599 = CARTESIAN_POINT('',(-26.289877,-1.230478,0.));
#3600 = VERTEX_POINT('',#3601);
#3601 = CARTESIAN_POINT('',(-26.289877,-1.230478,-4.E-02));
#3602 = LINE('',#3603,#3604);
#3603 = CARTESIAN_POINT('',(-26.289877,-1.230478,0.));
#3604 = VECTOR('',#3605,1.);
#3605 = DIRECTION('',(0.,0.,-1.));
#3606 = ORIENTED_EDGE('',*,*,#3607,.T.);
#3607 = EDGE_CURVE('',#3600,#3600,#3608,.T.);
#3608 = CIRCLE('',#3609,0.749999);
#3609 = AXIS2_PLACEMENT_3D('',#3610,#3611,#3612);
#3610 = CARTESIAN_POINT('',(-27.039876,-1.230478,-4.E-02));
#3611 = DIRECTION('',(0.,0.,1.));
#3612 = DIRECTION('',(1.,0.,-0.));
#3613 = ORIENTED_EDGE('',*,*,#3597,.F.);
#3614 = ORIENTED_EDGE('',*,*,#3615,.F.);
#3615 = EDGE_CURVE('',#3598,#3598,#3616,.T.);
#3616 = CIRCLE('',#3617,0.749999);
#3617 = AXIS2_PLACEMENT_3D('',#3618,#3619,#3620);
#3618 = CARTESIAN_POINT('',(-27.039876,-1.230478,0.));
#3619 = DIRECTION('',(0.,0.,1.));
#3620 = DIRECTION('',(1.,0.,-0.));
#3621 = CYLINDRICAL_SURFACE('',#3622,0.749999);
#3622 = AXIS2_PLACEMENT_3D('',#3623,#3624,#3625);
#3623 = CARTESIAN_POINT('',(-27.039876,-1.230478,0.));
#3624 = DIRECTION('',(0.,0.,1.));
#3625 = DIRECTION('',(1.,0.,-0.));
#3626 = ADVANCED_FACE('',(#3627,#3630),#3641,.F.);
#3627 = FACE_BOUND('',#3628,.F.);
#3628 = EDGE_LOOP('',(#3629));
#3629 = ORIENTED_EDGE('',*,*,#3615,.F.);
#3630 = FACE_BOUND('',#3631,.F.);
#3631 = EDGE_LOOP('',(#3632));
#3632 = ORIENTED_EDGE('',*,*,#3633,.F.);
#3633 = EDGE_CURVE('',#3634,#3634,#3636,.T.);
#3634 = VERTEX_POINT('',#3635);
#3635 = CARTESIAN_POINT('',(-27.039876,-1.455478,0.));
#3636 = CIRCLE('',#3637,0.225);
#3637 = AXIS2_PLACEMENT_3D('',#3638,#3639,#3640);
#3638 = CARTESIAN_POINT('',(-27.039876,-1.230478,0.));
#3639 = DIRECTION('',(-0.,0.,-1.));
#3640 = DIRECTION('',(-0.,-1.,0.));
#3641 = PLANE('',#3642);
#3642 = AXIS2_PLACEMENT_3D('',#3643,#3644,#3645);
#3643 = CARTESIAN_POINT('',(0.,0.,0.));
#3644 = DIRECTION('',(-0.,-0.,-1.));
#3645 = DIRECTION('',(-1.,0.,0.));
#3646 = ADVANCED_FACE('',(#3647,#3650),#3661,.T.);
#3647 = FACE_BOUND('',#3648,.T.);
#3648 = EDGE_LOOP('',(#3649));
#3649 = ORIENTED_EDGE('',*,*,#3607,.F.);
#3650 = FACE_BOUND('',#3651,.T.);
#3651 = EDGE_LOOP('',(#3652));
#3652 = ORIENTED_EDGE('',*,*,#3653,.F.);
#3653 = EDGE_CURVE('',#3654,#3654,#3656,.T.);
#3654 = VERTEX_POINT('',#3655);
#3655 = CARTESIAN_POINT('',(-27.039876,-1.455478,-4.E-02));
#3656 = CIRCLE('',#3657,0.225);
#3657 = AXIS2_PLACEMENT_3D('',#3658,#3659,#3660);
#3658 = CARTESIAN_POINT('',(-27.039876,-1.230478,-4.E-02));
#3659 = DIRECTION('',(-0.,0.,-1.));
#3660 = DIRECTION('',(-0.,-1.,0.));
#3661 = PLANE('',#3662);
#3662 = AXIS2_PLACEMENT_3D('',#3663,#3664,#3665);
#3663 = CARTESIAN_POINT('',(0.,0.,-4.E-02));
#3664 = DIRECTION('',(-0.,-0.,-1.));
#3665 = DIRECTION('',(-1.,0.,0.));
#3666 = ADVANCED_FACE('',(#3667),#3678,.F.);
#3667 = FACE_BOUND('',#3668,.T.);
#3668 = EDGE_LOOP('',(#3669,#3670,#3676,#3677));
#3669 = ORIENTED_EDGE('',*,*,#3653,.T.);
#3670 = ORIENTED_EDGE('',*,*,#3671,.T.);
#3671 = EDGE_CURVE('',#3654,#3634,#3672,.T.);
#3672 = LINE('',#3673,#3674);
#3673 = CARTESIAN_POINT('',(-27.039876,-1.455478,-4.6E-02));
#3674 = VECTOR('',#3675,1.);
#3675 = DIRECTION('',(0.,0.,1.));
#3676 = ORIENTED_EDGE('',*,*,#3633,.F.);
#3677 = ORIENTED_EDGE('',*,*,#3671,.F.);
#3678 = CYLINDRICAL_SURFACE('',#3679,0.225);
#3679 = AXIS2_PLACEMENT_3D('',#3680,#3681,#3682);
#3680 = CARTESIAN_POINT('',(-27.039876,-1.230478,-4.6E-02));
#3681 = DIRECTION('',(-0.,-0.,-1.));
#3682 = DIRECTION('',(-0.,-1.,0.));
#3683 = MANIFOLD_SOLID_BREP('',#3684);
#3684 = CLOSED_SHELL('',(#3685,#3718,#3738,#3758));
#3685 = ADVANCED_FACE('',(#3686),#3713,.T.);
#3686 = FACE_BOUND('',#3687,.F.);
#3687 = EDGE_LOOP('',(#3688,#3698,#3705,#3706));
#3688 = ORIENTED_EDGE('',*,*,#3689,.T.);
#3689 = EDGE_CURVE('',#3690,#3692,#3694,.T.);
#3690 = VERTEX_POINT('',#3691);
#3691 = CARTESIAN_POINT('',(-27.039876,-1.480478,-4.E-02));
#3692 = VERTEX_POINT('',#3693);
#3693 = CARTESIAN_POINT('',(-27.039876,-1.480478,1.55));
#3694 = LINE('',#3695,#3696);
#3695 = CARTESIAN_POINT('',(-27.039876,-1.480478,-4.E-02));
#3696 = VECTOR('',#3697,1.);
#3697 = DIRECTION('',(0.,0.,1.));
#3698 = ORIENTED_EDGE('',*,*,#3699,.T.);
#3699 = EDGE_CURVE('',#3692,#3692,#3700,.T.);
#3700 = CIRCLE('',#3701,0.25);
#3701 = AXIS2_PLACEMENT_3D('',#3702,#3703,#3704);
#3702 = CARTESIAN_POINT('',(-27.039876,-1.230478,1.55));
#3703 = DIRECTION('',(0.,0.,1.));
#3704 = DIRECTION('',(-0.,-1.,0.));
#3705 = ORIENTED_EDGE('',*,*,#3689,.F.);
#3706 = ORIENTED_EDGE('',*,*,#3707,.F.);
#3707 = EDGE_CURVE('',#3690,#3690,#3708,.T.);
#3708 = CIRCLE('',#3709,0.25);
#3709 = AXIS2_PLACEMENT_3D('',#3710,#3711,#3712);
#3710 = CARTESIAN_POINT('',(-27.039876,-1.230478,-4.E-02));
#3711 = DIRECTION('',(0.,0.,1.));
#3712 = DIRECTION('',(-0.,-1.,0.));
#3713 = CYLINDRICAL_SURFACE('',#3714,0.25);
#3714 = AXIS2_PLACEMENT_3D('',#3715,#3716,#3717);
#3715 = CARTESIAN_POINT('',(-27.039876,-1.230478,-4.E-02));
#3716 = DIRECTION('',(-0.,-0.,-1.));
#3717 = DIRECTION('',(-0.,-1.,0.));
#3718 = ADVANCED_FACE('',(#3719,#3722),#3733,.F.);
#3719 = FACE_BOUND('',#3720,.F.);
#3720 = EDGE_LOOP('',(#3721));
#3721 = ORIENTED_EDGE('',*,*,#3707,.T.);
#3722 = FACE_BOUND('',#3723,.F.);
#3723 = EDGE_LOOP('',(#3724));
#3724 = ORIENTED_EDGE('',*,*,#3725,.T.);
#3725 = EDGE_CURVE('',#3726,#3726,#3728,.T.);
#3726 = VERTEX_POINT('',#3727);
#3727 = CARTESIAN_POINT('',(-27.039876,-1.455478,-4.E-02));
#3728 = CIRCLE('',#3729,0.225);
#3729 = AXIS2_PLACEMENT_3D('',#3730,#3731,#3732);
#3730 = CARTESIAN_POINT('',(-27.039876,-1.230478,-4.E-02));
#3731 = DIRECTION('',(-0.,0.,-1.));
#3732 = DIRECTION('',(-0.,-1.,0.));
#3733 = PLANE('',#3734);
#3734 = AXIS2_PLACEMENT_3D('',#3735,#3736,#3737);
#3735 = CARTESIAN_POINT('',(-27.039876,-1.480478,-4.E-02));
#3736 = DIRECTION('',(0.,0.,1.));
#3737 = DIRECTION('',(1.,0.,-0.));
#3738 = ADVANCED_FACE('',(#3739,#3742),#3753,.T.);
#3739 = FACE_BOUND('',#3740,.T.);
#3740 = EDGE_LOOP('',(#3741));
#3741 = ORIENTED_EDGE('',*,*,#3699,.T.);
#3742 = FACE_BOUND('',#3743,.T.);
#3743 = EDGE_LOOP('',(#3744));
#3744 = ORIENTED_EDGE('',*,*,#3745,.T.);
#3745 = EDGE_CURVE('',#3746,#3746,#3748,.T.);
#3746 = VERTEX_POINT('',#3747);
#3747 = CARTESIAN_POINT('',(-27.039876,-1.455478,1.55));
#3748 = CIRCLE('',#3749,0.225);
#3749 = AXIS2_PLACEMENT_3D('',#3750,#3751,#3752);
#3750 = CARTESIAN_POINT('',(-27.039876,-1.230478,1.55));
#3751 = DIRECTION('',(-0.,0.,-1.));
#3752 = DIRECTION('',(-0.,-1.,0.));
#3753 = PLANE('',#3754);
#3754 = AXIS2_PLACEMENT_3D('',#3755,#3756,#3757);
#3755 = CARTESIAN_POINT('',(-27.039876,-1.480478,1.55));
#3756 = DIRECTION('',(0.,0.,1.));
#3757 = DIRECTION('',(1.,0.,-0.));
#3758 = ADVANCED_FACE('',(#3759),#3770,.F.);
#3759 = FACE_BOUND('',#3760,.T.);
#3760 = EDGE_LOOP('',(#3761,#3762,#3768,#3769));
#3761 = ORIENTED_EDGE('',*,*,#3725,.T.);
#3762 = ORIENTED_EDGE('',*,*,#3763,.T.);
#3763 = EDGE_CURVE('',#3726,#3746,#3764,.T.);
#3764 = LINE('',#3765,#3766);
#3765 = CARTESIAN_POINT('',(-27.039876,-1.455478,-4.6E-02));
#3766 = VECTOR('',#3767,1.);
#3767 = DIRECTION('',(0.,0.,1.));
#3768 = ORIENTED_EDGE('',*,*,#3745,.F.);
#3769 = ORIENTED_EDGE('',*,*,#3763,.F.);
#3770 = CYLINDRICAL_SURFACE('',#3771,0.225);
#3771 = AXIS2_PLACEMENT_3D('',#3772,#3773,#3774);
#3772 = CARTESIAN_POINT('',(-27.039876,-1.230478,-4.6E-02));
#3773 = DIRECTION('',(-0.,-0.,-1.));
#3774 = DIRECTION('',(-0.,-1.,0.));
#3775 = MANIFOLD_SOLID_BREP('',#3776);
#3776 = CLOSED_SHELL('',(#3777,#3817,#3848,#3879,#3901,#3913));
#3777 = ADVANCED_FACE('',(#3778),#3812,.T.);
#3778 = FACE_BOUND('',#3779,.T.);
#3779 = EDGE_LOOP('',(#3780,#3790,#3798,#3806));
#3780 = ORIENTED_EDGE('',*,*,#3781,.T.);
#3781 = EDGE_CURVE('',#3782,#3784,#3786,.T.);
#3782 = VERTEX_POINT('',#3783);
#3783 = CARTESIAN_POINT('',(-32.725,1.25,1.51));
#3784 = VERTEX_POINT('',#3785);
#3785 = CARTESIAN_POINT('',(-32.725,1.25,1.55));
#3786 = LINE('',#3787,#3788);
#3787 = CARTESIAN_POINT('',(-32.725,1.25,1.51));
#3788 = VECTOR('',#3789,1.);
#3789 = DIRECTION('',(0.,0.,1.));
#3790 = ORIENTED_EDGE('',*,*,#3791,.T.);
#3791 = EDGE_CURVE('',#3784,#3792,#3794,.T.);
#3792 = VERTEX_POINT('',#3793);
#3793 = CARTESIAN_POINT('',(-32.725,2.75,1.55));
#3794 = LINE('',#3795,#3796);
#3795 = CARTESIAN_POINT('',(-32.725,1.25,1.55));
#3796 = VECTOR('',#3797,1.);
#3797 = DIRECTION('',(0.,1.,0.));
#3798 = ORIENTED_EDGE('',*,*,#3799,.F.);
#3799 = EDGE_CURVE('',#3800,#3792,#3802,.T.);
#3800 = VERTEX_POINT('',#3801);
#3801 = CARTESIAN_POINT('',(-32.725,2.75,1.51));
#3802 = LINE('',#3803,#3804);
#3803 = CARTESIAN_POINT('',(-32.725,2.75,1.51));
#3804 = VECTOR('',#3805,1.);
#3805 = DIRECTION('',(0.,0.,1.));
#3806 = ORIENTED_EDGE('',*,*,#3807,.F.);
#3807 = EDGE_CURVE('',#3782,#3800,#3808,.T.);
#3808 = LINE('',#3809,#3810);
#3809 = CARTESIAN_POINT('',(-32.725,1.25,1.51));
#3810 = VECTOR('',#3811,1.);
#3811 = DIRECTION('',(0.,1.,0.));
#3812 = PLANE('',#3813);
#3813 = AXIS2_PLACEMENT_3D('',#3814,#3815,#3816);
#3814 = CARTESIAN_POINT('',(-32.725,1.25,1.51));
#3815 = DIRECTION('',(-1.,0.,0.));
#3816 = DIRECTION('',(0.,1.,0.));
#3817 = ADVANCED_FACE('',(#3818),#3843,.T.);
#3818 = FACE_BOUND('',#3819,.T.);
#3819 = EDGE_LOOP('',(#3820,#3821,#3829,#3837));
#3820 = ORIENTED_EDGE('',*,*,#3799,.T.);
#3821 = ORIENTED_EDGE('',*,*,#3822,.T.);
#3822 = EDGE_CURVE('',#3792,#3823,#3825,.T.);
#3823 = VERTEX_POINT('',#3824);
#3824 = CARTESIAN_POINT('',(-31.225,2.75,1.55));
#3825 = LINE('',#3826,#3827);
#3826 = CARTESIAN_POINT('',(-32.725,2.75,1.55));
#3827 = VECTOR('',#3828,1.);
#3828 = DIRECTION('',(1.,0.,0.));
#3829 = ORIENTED_EDGE('',*,*,#3830,.F.);
#3830 = EDGE_CURVE('',#3831,#3823,#3833,.T.);
#3831 = VERTEX_POINT('',#3832);
#3832 = CARTESIAN_POINT('',(-31.225,2.75,1.51));
#3833 = LINE('',#3834,#3835);
#3834 = CARTESIAN_POINT('',(-31.225,2.75,1.51));
#3835 = VECTOR('',#3836,1.);
#3836 = DIRECTION('',(0.,0.,1.));
#3837 = ORIENTED_EDGE('',*,*,#3838,.F.);
#3838 = EDGE_CURVE('',#3800,#3831,#3839,.T.);
#3839 = LINE('',#3840,#3841);
#3840 = CARTESIAN_POINT('',(-32.725,2.75,1.51));
#3841 = VECTOR('',#3842,1.);
#3842 = DIRECTION('',(1.,0.,0.));
#3843 = PLANE('',#3844);
#3844 = AXIS2_PLACEMENT_3D('',#3845,#3846,#3847);
#3845 = CARTESIAN_POINT('',(-32.725,2.75,1.51));
#3846 = DIRECTION('',(0.,1.,0.));
#3847 = DIRECTION('',(1.,0.,0.));
#3848 = ADVANCED_FACE('',(#3849),#3874,.T.);
#3849 = FACE_BOUND('',#3850,.T.);
#3850 = EDGE_LOOP('',(#3851,#3852,#3860,#3868));
#3851 = ORIENTED_EDGE('',*,*,#3830,.T.);
#3852 = ORIENTED_EDGE('',*,*,#3853,.T.);
#3853 = EDGE_CURVE('',#3823,#3854,#3856,.T.);
#3854 = VERTEX_POINT('',#3855);
#3855 = CARTESIAN_POINT('',(-31.225,1.25,1.55));
#3856 = LINE('',#3857,#3858);
#3857 = CARTESIAN_POINT('',(-31.225,2.75,1.55));
#3858 = VECTOR('',#3859,1.);
#3859 = DIRECTION('',(0.,-1.,0.));
#3860 = ORIENTED_EDGE('',*,*,#3861,.F.);
#3861 = EDGE_CURVE('',#3862,#3854,#3864,.T.);
#3862 = VERTEX_POINT('',#3863);
#3863 = CARTESIAN_POINT('',(-31.225,1.25,1.51));
#3864 = LINE('',#3865,#3866);
#3865 = CARTESIAN_POINT('',(-31.225,1.25,1.51));
#3866 = VECTOR('',#3867,1.);
#3867 = DIRECTION('',(0.,0.,1.));
#3868 = ORIENTED_EDGE('',*,*,#3869,.F.);
#3869 = EDGE_CURVE('',#3831,#3862,#3870,.T.);
#3870 = LINE('',#3871,#3872);
#3871 = CARTESIAN_POINT('',(-31.225,2.75,1.51));
#3872 = VECTOR('',#3873,1.);
#3873 = DIRECTION('',(0.,-1.,0.));
#3874 = PLANE('',#3875);
#3875 = AXIS2_PLACEMENT_3D('',#3876,#3877,#3878);
#3876 = CARTESIAN_POINT('',(-31.225,2.75,1.51));
#3877 = DIRECTION('',(1.,0.,-0.));
#3878 = DIRECTION('',(0.,-1.,0.));
#3879 = ADVANCED_FACE('',(#3880),#3896,.T.);
#3880 = FACE_BOUND('',#3881,.T.);
#3881 = EDGE_LOOP('',(#3882,#3883,#3889,#3890));
#3882 = ORIENTED_EDGE('',*,*,#3861,.T.);
#3883 = ORIENTED_EDGE('',*,*,#3884,.T.);
#3884 = EDGE_CURVE('',#3854,#3784,#3885,.T.);
#3885 = LINE('',#3886,#3887);
#3886 = CARTESIAN_POINT('',(-31.225,1.25,1.55));
#3887 = VECTOR('',#3888,1.);
#3888 = DIRECTION('',(-1.,0.,0.));
#3889 = ORIENTED_EDGE('',*,*,#3781,.F.);
#3890 = ORIENTED_EDGE('',*,*,#3891,.F.);
#3891 = EDGE_CURVE('',#3862,#3782,#3892,.T.);
#3892 = LINE('',#3893,#3894);
#3893 = CARTESIAN_POINT('',(-31.225,1.25,1.51));
#3894 = VECTOR('',#3895,1.);
#3895 = DIRECTION('',(-1.,0.,0.));
#3896 = PLANE('',#3897);
#3897 = AXIS2_PLACEMENT_3D('',#3898,#3899,#3900);
#3898 = CARTESIAN_POINT('',(-31.225,1.25,1.51));
#3899 = DIRECTION('',(0.,-1.,0.));
#3900 = DIRECTION('',(-1.,0.,0.));
#3901 = ADVANCED_FACE('',(#3902),#3908,.F.);
#3902 = FACE_BOUND('',#3903,.T.);
#3903 = EDGE_LOOP('',(#3904,#3905,#3906,#3907));
#3904 = ORIENTED_EDGE('',*,*,#3807,.T.);
#3905 = ORIENTED_EDGE('',*,*,#3838,.T.);
#3906 = ORIENTED_EDGE('',*,*,#3869,.T.);
#3907 = ORIENTED_EDGE('',*,*,#3891,.T.);
#3908 = PLANE('',#3909);
#3909 = AXIS2_PLACEMENT_3D('',#3910,#3911,#3912);
#3910 = CARTESIAN_POINT('',(0.,0.,1.51));
#3911 = DIRECTION('',(0.,0.,1.));
#3912 = DIRECTION('',(1.,0.,-0.));
#3913 = ADVANCED_FACE('',(#3914),#3920,.T.);
#3914 = FACE_BOUND('',#3915,.F.);
#3915 = EDGE_LOOP('',(#3916,#3917,#3918,#3919));
#3916 = ORIENTED_EDGE('',*,*,#3791,.T.);
#3917 = ORIENTED_EDGE('',*,*,#3822,.T.);
#3918 = ORIENTED_EDGE('',*,*,#3853,.T.);
#3919 = ORIENTED_EDGE('',*,*,#3884,.T.);
#3920 = PLANE('',#3921);
#3921 = AXIS2_PLACEMENT_3D('',#3922,#3923,#3924);
#3922 = CARTESIAN_POINT('',(0.,0.,1.55));
#3923 = DIRECTION('',(0.,0.,1.));
#3924 = DIRECTION('',(1.,0.,-0.));
#3925 = MANIFOLD_SOLID_BREP('',#3926);
#3926 = CLOSED_SHELL('',(#3927,#3960,#3980,#4000));
#3927 = ADVANCED_FACE('',(#3928),#3955,.T.);
#3928 = FACE_BOUND('',#3929,.F.);
#3929 = EDGE_LOOP('',(#3930,#3940,#3947,#3948));
#3930 = ORIENTED_EDGE('',*,*,#3931,.T.);
#3931 = EDGE_CURVE('',#3932,#3934,#3936,.T.);
#3932 = VERTEX_POINT('',#3933);
#3933 = CARTESIAN_POINT('',(-7.425,-1.27542,1.51));
#3934 = VERTEX_POINT('',#3935);
#3935 = CARTESIAN_POINT('',(-7.425,-1.27542,1.55));
#3936 = LINE('',#3937,#3938);
#3937 = CARTESIAN_POINT('',(-7.425,-1.27542,1.51));
#3938 = VECTOR('',#3939,1.);
#3939 = DIRECTION('',(0.,0.,1.));
#3940 = ORIENTED_EDGE('',*,*,#3941,.T.);
#3941 = EDGE_CURVE('',#3934,#3934,#3942,.T.);
#3942 = CIRCLE('',#3943,0.749999);
#3943 = AXIS2_PLACEMENT_3D('',#3944,#3945,#3946);
#3944 = CARTESIAN_POINT('',(-8.174999,-1.27542,1.55));
#3945 = DIRECTION('',(0.,0.,1.));
#3946 = DIRECTION('',(1.,0.,-0.));
#3947 = ORIENTED_EDGE('',*,*,#3931,.F.);
#3948 = ORIENTED_EDGE('',*,*,#3949,.F.);
#3949 = EDGE_CURVE('',#3932,#3932,#3950,.T.);
#3950 = CIRCLE('',#3951,0.749999);
#3951 = AXIS2_PLACEMENT_3D('',#3952,#3953,#3954);
#3952 = CARTESIAN_POINT('',(-8.174999,-1.27542,1.51));
#3953 = DIRECTION('',(0.,0.,1.));
#3954 = DIRECTION('',(1.,0.,-0.));
#3955 = CYLINDRICAL_SURFACE('',#3956,0.749999);
#3956 = AXIS2_PLACEMENT_3D('',#3957,#3958,#3959);
#3957 = CARTESIAN_POINT('',(-8.174999,-1.27542,1.51));
#3958 = DIRECTION('',(-0.,-0.,-1.));
#3959 = DIRECTION('',(1.,0.,-0.));
#3960 = ADVANCED_FACE('',(#3961,#3964),#3975,.F.);
#3961 = FACE_BOUND('',#3962,.F.);
#3962 = EDGE_LOOP('',(#3963));
#3963 = ORIENTED_EDGE('',*,*,#3949,.T.);
#3964 = FACE_BOUND('',#3965,.F.);
#3965 = EDGE_LOOP('',(#3966));
#3966 = ORIENTED_EDGE('',*,*,#3967,.T.);
#3967 = EDGE_CURVE('',#3968,#3968,#3970,.T.);
#3968 = VERTEX_POINT('',#3969);
#3969 = CARTESIAN_POINT('',(-8.174999,-1.50042,1.51));
#3970 = CIRCLE('',#3971,0.225);
#3971 = AXIS2_PLACEMENT_3D('',#3972,#3973,#3974);
#3972 = CARTESIAN_POINT('',(-8.174999,-1.27542,1.51));
#3973 = DIRECTION('',(-0.,0.,-1.));
#3974 = DIRECTION('',(-0.,-1.,0.));
#3975 = PLANE('',#3976);
#3976 = AXIS2_PLACEMENT_3D('',#3977,#3978,#3979);
#3977 = CARTESIAN_POINT('',(0.,0.,1.51));
#3978 = DIRECTION('',(0.,0.,1.));
#3979 = DIRECTION('',(1.,0.,-0.));
#3980 = ADVANCED_FACE('',(#3981,#3984),#3995,.T.);
#3981 = FACE_BOUND('',#3982,.T.);
#3982 = EDGE_LOOP('',(#3983));
#3983 = ORIENTED_EDGE('',*,*,#3941,.T.);
#3984 = FACE_BOUND('',#3985,.T.);
#3985 = EDGE_LOOP('',(#3986));
#3986 = ORIENTED_EDGE('',*,*,#3987,.T.);
#3987 = EDGE_CURVE('',#3988,#3988,#3990,.T.);
#3988 = VERTEX_POINT('',#3989);
#3989 = CARTESIAN_POINT('',(-8.174999,-1.50042,1.55));
#3990 = CIRCLE('',#3991,0.225);
#3991 = AXIS2_PLACEMENT_3D('',#3992,#3993,#3994);
#3992 = CARTESIAN_POINT('',(-8.174999,-1.27542,1.55));
#3993 = DIRECTION('',(-0.,0.,-1.));
#3994 = DIRECTION('',(-0.,-1.,0.));
#3995 = PLANE('',#3996);
#3996 = AXIS2_PLACEMENT_3D('',#3997,#3998,#3999);
#3997 = CARTESIAN_POINT('',(0.,0.,1.55));
#3998 = DIRECTION('',(0.,0.,1.));
#3999 = DIRECTION('',(1.,0.,-0.));
#4000 = ADVANCED_FACE('',(#4001),#4012,.F.);
#4001 = FACE_BOUND('',#4002,.T.);
#4002 = EDGE_LOOP('',(#4003,#4004,#4010,#4011));
#4003 = ORIENTED_EDGE('',*,*,#3967,.T.);
#4004 = ORIENTED_EDGE('',*,*,#4005,.T.);
#4005 = EDGE_CURVE('',#3968,#3988,#4006,.T.);
#4006 = LINE('',#4007,#4008);
#4007 = CARTESIAN_POINT('',(-8.174999,-1.50042,-4.6E-02));
#4008 = VECTOR('',#4009,1.);
#4009 = DIRECTION('',(0.,0.,1.));
#4010 = ORIENTED_EDGE('',*,*,#3987,.F.);
#4011 = ORIENTED_EDGE('',*,*,#4005,.F.);
#4012 = CYLINDRICAL_SURFACE('',#4013,0.225);
#4013 = AXIS2_PLACEMENT_3D('',#4014,#4015,#4016);
#4014 = CARTESIAN_POINT('',(-8.174999,-1.27542,-4.6E-02));
#4015 = DIRECTION('',(-0.,-0.,-1.));
#4016 = DIRECTION('',(-0.,-1.,0.));
#4017 = MANIFOLD_SOLID_BREP('',#4018);
#4018 = CLOSED_SHELL('',(#4019,#4052,#4072,#4092));
#4019 = ADVANCED_FACE('',(#4020),#4047,.T.);
#4020 = FACE_BOUND('',#4021,.T.);
#4021 = EDGE_LOOP('',(#4022,#4032,#4039,#4040));
#4022 = ORIENTED_EDGE('',*,*,#4023,.T.);
#4023 = EDGE_CURVE('',#4024,#4026,#4028,.T.);
#4024 = VERTEX_POINT('',#4025);
#4025 = CARTESIAN_POINT('',(-7.425,-1.27542,0.));
#4026 = VERTEX_POINT('',#4027);
#4027 = CARTESIAN_POINT('',(-7.425,-1.27542,-4.E-02));
#4028 = LINE('',#4029,#4030);
#4029 = CARTESIAN_POINT('',(-7.425,-1.27542,0.));
#4030 = VECTOR('',#4031,1.);
#4031 = DIRECTION('',(0.,0.,-1.));
#4032 = ORIENTED_EDGE('',*,*,#4033,.T.);
#4033 = EDGE_CURVE('',#4026,#4026,#4034,.T.);
#4034 = CIRCLE('',#4035,0.749999);
#4035 = AXIS2_PLACEMENT_3D('',#4036,#4037,#4038);
#4036 = CARTESIAN_POINT('',(-8.174999,-1.27542,-4.E-02));
#4037 = DIRECTION('',(0.,0.,1.));
#4038 = DIRECTION('',(1.,0.,-0.));
#4039 = ORIENTED_EDGE('',*,*,#4023,.F.);
#4040 = ORIENTED_EDGE('',*,*,#4041,.F.);
#4041 = EDGE_CURVE('',#4024,#4024,#4042,.T.);
#4042 = CIRCLE('',#4043,0.749999);
#4043 = AXIS2_PLACEMENT_3D('',#4044,#4045,#4046);
#4044 = CARTESIAN_POINT('',(-8.174999,-1.27542,0.));
#4045 = DIRECTION('',(0.,0.,1.));
#4046 = DIRECTION('',(1.,0.,-0.));
#4047 = CYLINDRICAL_SURFACE('',#4048,0.749999);
#4048 = AXIS2_PLACEMENT_3D('',#4049,#4050,#4051);
#4049 = CARTESIAN_POINT('',(-8.174999,-1.27542,0.));
#4050 = DIRECTION('',(0.,0.,1.));
#4051 = DIRECTION('',(1.,0.,-0.));
#4052 = ADVANCED_FACE('',(#4053,#4056),#4067,.F.);
#4053 = FACE_BOUND('',#4054,.F.);
#4054 = EDGE_LOOP('',(#4055));
#4055 = ORIENTED_EDGE('',*,*,#4041,.F.);
#4056 = FACE_BOUND('',#4057,.F.);
#4057 = EDGE_LOOP('',(#4058));
#4058 = ORIENTED_EDGE('',*,*,#4059,.F.);
#4059 = EDGE_CURVE('',#4060,#4060,#4062,.T.);
#4060 = VERTEX_POINT('',#4061);
#4061 = CARTESIAN_POINT('',(-8.174999,-1.50042,0.));
#4062 = CIRCLE('',#4063,0.225);
#4063 = AXIS2_PLACEMENT_3D('',#4064,#4065,#4066);
#4064 = CARTESIAN_POINT('',(-8.174999,-1.27542,0.));
#4065 = DIRECTION('',(-0.,0.,-1.));
#4066 = DIRECTION('',(-0.,-1.,0.));
#4067 = PLANE('',#4068);
#4068 = AXIS2_PLACEMENT_3D('',#4069,#4070,#4071);
#4069 = CARTESIAN_POINT('',(0.,0.,0.));
#4070 = DIRECTION('',(-0.,-0.,-1.));
#4071 = DIRECTION('',(-1.,0.,0.));
#4072 = ADVANCED_FACE('',(#4073,#4076),#4087,.T.);
#4073 = FACE_BOUND('',#4074,.T.);
#4074 = EDGE_LOOP('',(#4075));
#4075 = ORIENTED_EDGE('',*,*,#4033,.F.);
#4076 = FACE_BOUND('',#4077,.T.);
#4077 = EDGE_LOOP('',(#4078));
#4078 = ORIENTED_EDGE('',*,*,#4079,.F.);
#4079 = EDGE_CURVE('',#4080,#4080,#4082,.T.);
#4080 = VERTEX_POINT('',#4081);
#4081 = CARTESIAN_POINT('',(-8.174999,-1.50042,-4.E-02));
#4082 = CIRCLE('',#4083,0.225);
#4083 = AXIS2_PLACEMENT_3D('',#4084,#4085,#4086);
#4084 = CARTESIAN_POINT('',(-8.174999,-1.27542,-4.E-02));
#4085 = DIRECTION('',(-0.,0.,-1.));
#4086 = DIRECTION('',(-0.,-1.,0.));
#4087 = PLANE('',#4088);
#4088 = AXIS2_PLACEMENT_3D('',#4089,#4090,#4091);
#4089 = CARTESIAN_POINT('',(0.,0.,-4.E-02));
#4090 = DIRECTION('',(-0.,-0.,-1.));
#4091 = DIRECTION('',(-1.,0.,0.));
#4092 = ADVANCED_FACE('',(#4093),#4104,.F.);
#4093 = FACE_BOUND('',#4094,.T.);
#4094 = EDGE_LOOP('',(#4095,#4096,#4102,#4103));
#4095 = ORIENTED_EDGE('',*,*,#4079,.T.);
#4096 = ORIENTED_EDGE('',*,*,#4097,.T.);
#4097 = EDGE_CURVE('',#4080,#4060,#4098,.T.);
#4098 = LINE('',#4099,#4100);
#4099 = CARTESIAN_POINT('',(-8.174999,-1.50042,-4.6E-02));
#4100 = VECTOR('',#4101,1.);
#4101 = DIRECTION('',(0.,0.,1.));
#4102 = ORIENTED_EDGE('',*,*,#4059,.F.);
#4103 = ORIENTED_EDGE('',*,*,#4097,.F.);
#4104 = CYLINDRICAL_SURFACE('',#4105,0.225);
#4105 = AXIS2_PLACEMENT_3D('',#4106,#4107,#4108);
#4106 = CARTESIAN_POINT('',(-8.174999,-1.27542,-4.6E-02));
#4107 = DIRECTION('',(-0.,-0.,-1.));
#4108 = DIRECTION('',(-0.,-1.,0.));
#4109 = MANIFOLD_SOLID_BREP('',#4110);
#4110 = CLOSED_SHELL('',(#4111,#4144,#4164,#4184));
#4111 = ADVANCED_FACE('',(#4112),#4139,.T.);
#4112 = FACE_BOUND('',#4113,.F.);
#4113 = EDGE_LOOP('',(#4114,#4124,#4131,#4132));
#4114 = ORIENTED_EDGE('',*,*,#4115,.T.);
#4115 = EDGE_CURVE('',#4116,#4118,#4120,.T.);
#4116 = VERTEX_POINT('',#4117);
#4117 = CARTESIAN_POINT('',(-8.174999,-1.52542,-4.E-02));
#4118 = VERTEX_POINT('',#4119);
#4119 = CARTESIAN_POINT('',(-8.174999,-1.52542,1.55));
#4120 = LINE('',#4121,#4122);
#4121 = CARTESIAN_POINT('',(-8.174999,-1.52542,-4.E-02));
#4122 = VECTOR('',#4123,1.);
#4123 = DIRECTION('',(0.,0.,1.));
#4124 = ORIENTED_EDGE('',*,*,#4125,.T.);
#4125 = EDGE_CURVE('',#4118,#4118,#4126,.T.);
#4126 = CIRCLE('',#4127,0.25);
#4127 = AXIS2_PLACEMENT_3D('',#4128,#4129,#4130);
#4128 = CARTESIAN_POINT('',(-8.174999,-1.27542,1.55));
#4129 = DIRECTION('',(0.,0.,1.));
#4130 = DIRECTION('',(-0.,-1.,0.));
#4131 = ORIENTED_EDGE('',*,*,#4115,.F.);
#4132 = ORIENTED_EDGE('',*,*,#4133,.F.);
#4133 = EDGE_CURVE('',#4116,#4116,#4134,.T.);
#4134 = CIRCLE('',#4135,0.25);
#4135 = AXIS2_PLACEMENT_3D('',#4136,#4137,#4138);
#4136 = CARTESIAN_POINT('',(-8.174999,-1.27542,-4.E-02));
#4137 = DIRECTION('',(0.,0.,1.));
#4138 = DIRECTION('',(-0.,-1.,0.));
#4139 = CYLINDRICAL_SURFACE('',#4140,0.25);
#4140 = AXIS2_PLACEMENT_3D('',#4141,#4142,#4143);
#4141 = CARTESIAN_POINT('',(-8.174999,-1.27542,-4.E-02));
#4142 = DIRECTION('',(-0.,-0.,-1.));
#4143 = DIRECTION('',(-0.,-1.,0.));
#4144 = ADVANCED_FACE('',(#4145,#4148),#4159,.F.);
#4145 = FACE_BOUND('',#4146,.F.);
#4146 = EDGE_LOOP('',(#4147));
#4147 = ORIENTED_EDGE('',*,*,#4133,.T.);
#4148 = FACE_BOUND('',#4149,.F.);
#4149 = EDGE_LOOP('',(#4150));
#4150 = ORIENTED_EDGE('',*,*,#4151,.T.);
#4151 = EDGE_CURVE('',#4152,#4152,#4154,.T.);
#4152 = VERTEX_POINT('',#4153);
#4153 = CARTESIAN_POINT('',(-8.174999,-1.50042,-4.E-02));
#4154 = CIRCLE('',#4155,0.225);
#4155 = AXIS2_PLACEMENT_3D('',#4156,#4157,#4158);
#4156 = CARTESIAN_POINT('',(-8.174999,-1.27542,-4.E-02));
#4157 = DIRECTION('',(-0.,0.,-1.));
#4158 = DIRECTION('',(-0.,-1.,0.));
#4159 = PLANE('',#4160);
#4160 = AXIS2_PLACEMENT_3D('',#4161,#4162,#4163);
#4161 = CARTESIAN_POINT('',(-8.174999,-1.52542,-4.E-02));
#4162 = DIRECTION('',(0.,0.,1.));
#4163 = DIRECTION('',(1.,0.,-0.));
#4164 = ADVANCED_FACE('',(#4165,#4168),#4179,.T.);
#4165 = FACE_BOUND('',#4166,.T.);
#4166 = EDGE_LOOP('',(#4167));
#4167 = ORIENTED_EDGE('',*,*,#4125,.T.);
#4168 = FACE_BOUND('',#4169,.T.);
#4169 = EDGE_LOOP('',(#4170));
#4170 = ORIENTED_EDGE('',*,*,#4171,.T.);
#4171 = EDGE_CURVE('',#4172,#4172,#4174,.T.);
#4172 = VERTEX_POINT('',#4173);
#4173 = CARTESIAN_POINT('',(-8.174999,-1.50042,1.55));
#4174 = CIRCLE('',#4175,0.225);
#4175 = AXIS2_PLACEMENT_3D('',#4176,#4177,#4178);
#4176 = CARTESIAN_POINT('',(-8.174999,-1.27542,1.55));
#4177 = DIRECTION('',(-0.,0.,-1.));
#4178 = DIRECTION('',(-0.,-1.,0.));
#4179 = PLANE('',#4180);
#4180 = AXIS2_PLACEMENT_3D('',#4181,#4182,#4183);
#4181 = CARTESIAN_POINT('',(-8.174999,-1.52542,1.55));
#4182 = DIRECTION('',(0.,0.,1.));
#4183 = DIRECTION('',(1.,0.,-0.));
#4184 = ADVANCED_FACE('',(#4185),#4196,.F.);
#4185 = FACE_BOUND('',#4186,.T.);
#4186 = EDGE_LOOP('',(#4187,#4188,#4194,#4195));
#4187 = ORIENTED_EDGE('',*,*,#4151,.T.);
#4188 = ORIENTED_EDGE('',*,*,#4189,.T.);
#4189 = EDGE_CURVE('',#4152,#4172,#4190,.T.);
#4190 = LINE('',#4191,#4192);
#4191 = CARTESIAN_POINT('',(-8.174999,-1.50042,-4.6E-02));
#4192 = VECTOR('',#4193,1.);
#4193 = DIRECTION('',(0.,0.,1.));
#4194 = ORIENTED_EDGE('',*,*,#4171,.F.);
#4195 = ORIENTED_EDGE('',*,*,#4189,.F.);
#4196 = CYLINDRICAL_SURFACE('',#4197,0.225);
#4197 = AXIS2_PLACEMENT_3D('',#4198,#4199,#4200);
#4198 = CARTESIAN_POINT('',(-8.174999,-1.27542,-4.6E-02));
#4199 = DIRECTION('',(-0.,-0.,-1.));
#4200 = DIRECTION('',(-0.,-1.,0.));
#4201 = MANIFOLD_SOLID_BREP('',#4202);
#4202 = CLOSED_SHELL('',(#4203,#4236,#4256,#4276));
#4203 = ADVANCED_FACE('',(#4204),#4231,.T.);
#4204 = FACE_BOUND('',#4205,.F.);
#4205 = EDGE_LOOP('',(#4206,#4216,#4223,#4224));
#4206 = ORIENTED_EDGE('',*,*,#4207,.T.);
#4207 = EDGE_CURVE('',#4208,#4210,#4212,.T.);
#4208 = VERTEX_POINT('',#4209);
#4209 = CARTESIAN_POINT('',(-0.480479,27.039876,1.51));
#4210 = VERTEX_POINT('',#4211);
#4211 = CARTESIAN_POINT('',(-0.480479,27.039876,1.55));
#4212 = LINE('',#4213,#4214);
#4213 = CARTESIAN_POINT('',(-0.480479,27.039876,1.51));
#4214 = VECTOR('',#4215,1.);
#4215 = DIRECTION('',(0.,0.,1.));
#4216 = ORIENTED_EDGE('',*,*,#4217,.T.);
#4217 = EDGE_CURVE('',#4210,#4210,#4218,.T.);
#4218 = CIRCLE('',#4219,0.749999);
#4219 = AXIS2_PLACEMENT_3D('',#4220,#4221,#4222);
#4220 = CARTESIAN_POINT('',(-1.230478,27.039876,1.55));
#4221 = DIRECTION('',(0.,0.,1.));
#4222 = DIRECTION('',(1.,0.,-0.));
#4223 = ORIENTED_EDGE('',*,*,#4207,.F.);
#4224 = ORIENTED_EDGE('',*,*,#4225,.F.);
#4225 = EDGE_CURVE('',#4208,#4208,#4226,.T.);
#4226 = CIRCLE('',#4227,0.749999);
#4227 = AXIS2_PLACEMENT_3D('',#4228,#4229,#4230);
#4228 = CARTESIAN_POINT('',(-1.230478,27.039876,1.51));
#4229 = DIRECTION('',(0.,0.,1.));
#4230 = DIRECTION('',(1.,0.,-0.));
#4231 = CYLINDRICAL_SURFACE('',#4232,0.749999);
#4232 = AXIS2_PLACEMENT_3D('',#4233,#4234,#4235);
#4233 = CARTESIAN_POINT('',(-1.230478,27.039876,1.51));
#4234 = DIRECTION('',(-0.,-0.,-1.));
#4235 = DIRECTION('',(1.,0.,-0.));
#4236 = ADVANCED_FACE('',(#4237,#4240),#4251,.F.);
#4237 = FACE_BOUND('',#4238,.F.);
#4238 = EDGE_LOOP('',(#4239));
#4239 = ORIENTED_EDGE('',*,*,#4225,.T.);
#4240 = FACE_BOUND('',#4241,.F.);
#4241 = EDGE_LOOP('',(#4242));
#4242 = ORIENTED_EDGE('',*,*,#4243,.T.);
#4243 = EDGE_CURVE('',#4244,#4244,#4246,.T.);
#4244 = VERTEX_POINT('',#4245);
#4245 = CARTESIAN_POINT('',(-1.230478,26.814876,1.51));
#4246 = CIRCLE('',#4247,0.225);
#4247 = AXIS2_PLACEMENT_3D('',#4248,#4249,#4250);
#4248 = CARTESIAN_POINT('',(-1.230478,27.039876,1.51));
#4249 = DIRECTION('',(-0.,0.,-1.));
#4250 = DIRECTION('',(9.868649107779E-16,-1.,-0.));
#4251 = PLANE('',#4252);
#4252 = AXIS2_PLACEMENT_3D('',#4253,#4254,#4255);
#4253 = CARTESIAN_POINT('',(0.,0.,1.51));
#4254 = DIRECTION('',(0.,0.,1.));
#4255 = DIRECTION('',(1.,0.,-0.));
#4256 = ADVANCED_FACE('',(#4257,#4260),#4271,.T.);
#4257 = FACE_BOUND('',#4258,.T.);
#4258 = EDGE_LOOP('',(#4259));
#4259 = ORIENTED_EDGE('',*,*,#4217,.T.);
#4260 = FACE_BOUND('',#4261,.T.);
#4261 = EDGE_LOOP('',(#4262));
#4262 = ORIENTED_EDGE('',*,*,#4263,.T.);
#4263 = EDGE_CURVE('',#4264,#4264,#4266,.T.);
#4264 = VERTEX_POINT('',#4265);
#4265 = CARTESIAN_POINT('',(-1.230478,26.814876,1.55));
#4266 = CIRCLE('',#4267,0.225);
#4267 = AXIS2_PLACEMENT_3D('',#4268,#4269,#4270);
#4268 = CARTESIAN_POINT('',(-1.230478,27.039876,1.55));
#4269 = DIRECTION('',(-0.,0.,-1.));
#4270 = DIRECTION('',(9.868649107779E-16,-1.,-0.));
#4271 = PLANE('',#4272);
#4272 = AXIS2_PLACEMENT_3D('',#4273,#4274,#4275);
#4273 = CARTESIAN_POINT('',(0.,0.,1.55));
#4274 = DIRECTION('',(0.,0.,1.));
#4275 = DIRECTION('',(1.,0.,-0.));
#4276 = ADVANCED_FACE('',(#4277),#4288,.F.);
#4277 = FACE_BOUND('',#4278,.T.);
#4278 = EDGE_LOOP('',(#4279,#4280,#4286,#4287));
#4279 = ORIENTED_EDGE('',*,*,#4243,.T.);
#4280 = ORIENTED_EDGE('',*,*,#4281,.T.);
#4281 = EDGE_CURVE('',#4244,#4264,#4282,.T.);
#4282 = LINE('',#4283,#4284);
#4283 = CARTESIAN_POINT('',(-1.230478,26.814876,-4.6E-02));
#4284 = VECTOR('',#4285,1.);
#4285 = DIRECTION('',(0.,0.,1.));
#4286 = ORIENTED_EDGE('',*,*,#4263,.F.);
#4287 = ORIENTED_EDGE('',*,*,#4281,.F.);
#4288 = CYLINDRICAL_SURFACE('',#4289,0.225);
#4289 = AXIS2_PLACEMENT_3D('',#4290,#4291,#4292);
#4290 = CARTESIAN_POINT('',(-1.230478,27.039876,-4.6E-02));
#4291 = DIRECTION('',(-0.,0.,-1.));
#4292 = DIRECTION('',(9.868649107779E-16,-1.,-0.));
#4293 = MANIFOLD_SOLID_BREP('',#4294);
#4294 = CLOSED_SHELL('',(#4295,#4328,#4348,#4368));
#4295 = ADVANCED_FACE('',(#4296),#4323,.T.);
#4296 = FACE_BOUND('',#4297,.T.);
#4297 = EDGE_LOOP('',(#4298,#4308,#4315,#4316));
#4298 = ORIENTED_EDGE('',*,*,#4299,.T.);
#4299 = EDGE_CURVE('',#4300,#4302,#4304,.T.);
#4300 = VERTEX_POINT('',#4301);
#4301 = CARTESIAN_POINT('',(-0.480479,27.039876,0.));
#4302 = VERTEX_POINT('',#4303);
#4303 = CARTESIAN_POINT('',(-0.480479,27.039876,-4.E-02));
#4304 = LINE('',#4305,#4306);
#4305 = CARTESIAN_POINT('',(-0.480479,27.039876,0.));
#4306 = VECTOR('',#4307,1.);
#4307 = DIRECTION('',(0.,0.,-1.));
#4308 = ORIENTED_EDGE('',*,*,#4309,.T.);
#4309 = EDGE_CURVE('',#4302,#4302,#4310,.T.);
#4310 = CIRCLE('',#4311,0.749999);
#4311 = AXIS2_PLACEMENT_3D('',#4312,#4313,#4314);
#4312 = CARTESIAN_POINT('',(-1.230478,27.039876,-4.E-02));
#4313 = DIRECTION('',(0.,0.,1.));
#4314 = DIRECTION('',(1.,0.,-0.));
#4315 = ORIENTED_EDGE('',*,*,#4299,.F.);
#4316 = ORIENTED_EDGE('',*,*,#4317,.F.);
#4317 = EDGE_CURVE('',#4300,#4300,#4318,.T.);
#4318 = CIRCLE('',#4319,0.749999);
#4319 = AXIS2_PLACEMENT_3D('',#4320,#4321,#4322);
#4320 = CARTESIAN_POINT('',(-1.230478,27.039876,0.));
#4321 = DIRECTION('',(0.,0.,1.));
#4322 = DIRECTION('',(1.,0.,-0.));
#4323 = CYLINDRICAL_SURFACE('',#4324,0.749999);
#4324 = AXIS2_PLACEMENT_3D('',#4325,#4326,#4327);
#4325 = CARTESIAN_POINT('',(-1.230478,27.039876,0.));
#4326 = DIRECTION('',(0.,0.,1.));
#4327 = DIRECTION('',(1.,0.,-0.));
#4328 = ADVANCED_FACE('',(#4329,#4332),#4343,.F.);
#4329 = FACE_BOUND('',#4330,.F.);
#4330 = EDGE_LOOP('',(#4331));
#4331 = ORIENTED_EDGE('',*,*,#4317,.F.);
#4332 = FACE_BOUND('',#4333,.F.);
#4333 = EDGE_LOOP('',(#4334));
#4334 = ORIENTED_EDGE('',*,*,#4335,.F.);
#4335 = EDGE_CURVE('',#4336,#4336,#4338,.T.);
#4336 = VERTEX_POINT('',#4337);
#4337 = CARTESIAN_POINT('',(-1.230478,26.814876,0.));
#4338 = CIRCLE('',#4339,0.225);
#4339 = AXIS2_PLACEMENT_3D('',#4340,#4341,#4342);
#4340 = CARTESIAN_POINT('',(-1.230478,27.039876,0.));
#4341 = DIRECTION('',(-0.,0.,-1.));
#4342 = DIRECTION('',(9.868649107779E-16,-1.,-0.));
#4343 = PLANE('',#4344);
#4344 = AXIS2_PLACEMENT_3D('',#4345,#4346,#4347);
#4345 = CARTESIAN_POINT('',(0.,0.,0.));
#4346 = DIRECTION('',(-0.,-0.,-1.));
#4347 = DIRECTION('',(-1.,0.,0.));
#4348 = ADVANCED_FACE('',(#4349,#4352),#4363,.T.);
#4349 = FACE_BOUND('',#4350,.T.);
#4350 = EDGE_LOOP('',(#4351));
#4351 = ORIENTED_EDGE('',*,*,#4309,.F.);
#4352 = FACE_BOUND('',#4353,.T.);
#4353 = EDGE_LOOP('',(#4354));
#4354 = ORIENTED_EDGE('',*,*,#4355,.F.);
#4355 = EDGE_CURVE('',#4356,#4356,#4358,.T.);
#4356 = VERTEX_POINT('',#4357);
#4357 = CARTESIAN_POINT('',(-1.230478,26.814876,-4.E-02));
#4358 = CIRCLE('',#4359,0.225);
#4359 = AXIS2_PLACEMENT_3D('',#4360,#4361,#4362);
#4360 = CARTESIAN_POINT('',(-1.230478,27.039876,-4.E-02));
#4361 = DIRECTION('',(-0.,0.,-1.));
#4362 = DIRECTION('',(9.868649107779E-16,-1.,-0.));
#4363 = PLANE('',#4364);
#4364 = AXIS2_PLACEMENT_3D('',#4365,#4366,#4367);
#4365 = CARTESIAN_POINT('',(0.,0.,-4.E-02));
#4366 = DIRECTION('',(-0.,-0.,-1.));
#4367 = DIRECTION('',(-1.,0.,0.));
#4368 = ADVANCED_FACE('',(#4369),#4380,.F.);
#4369 = FACE_BOUND('',#4370,.T.);
#4370 = EDGE_LOOP('',(#4371,#4372,#4378,#4379));
#4371 = ORIENTED_EDGE('',*,*,#4355,.T.);
#4372 = ORIENTED_EDGE('',*,*,#4373,.T.);
#4373 = EDGE_CURVE('',#4356,#4336,#4374,.T.);
#4374 = LINE('',#4375,#4376);
#4375 = CARTESIAN_POINT('',(-1.230478,26.814876,-4.6E-02));
#4376 = VECTOR('',#4377,1.);
#4377 = DIRECTION('',(0.,0.,1.));
#4378 = ORIENTED_EDGE('',*,*,#4335,.F.);
#4379 = ORIENTED_EDGE('',*,*,#4373,.F.);
#4380 = CYLINDRICAL_SURFACE('',#4381,0.225);
#4381 = AXIS2_PLACEMENT_3D('',#4382,#4383,#4384);
#4382 = CARTESIAN_POINT('',(-1.230478,27.039876,-4.6E-02));
#4383 = DIRECTION('',(-0.,0.,-1.));
#4384 = DIRECTION('',(9.868649107779E-16,-1.,-0.));
#4385 = MANIFOLD_SOLID_BREP('',#4386);
#4386 = CLOSED_SHELL('',(#4387,#4420,#4440,#4460));
#4387 = ADVANCED_FACE('',(#4388),#4415,.T.);
#4388 = FACE_BOUND('',#4389,.F.);
#4389 = EDGE_LOOP('',(#4390,#4400,#4407,#4408));
#4390 = ORIENTED_EDGE('',*,*,#4391,.T.);
#4391 = EDGE_CURVE('',#4392,#4394,#4396,.T.);
#4392 = VERTEX_POINT('',#4393);
#4393 = CARTESIAN_POINT('',(-1.230478,26.789876,-4.E-02));
#4394 = VERTEX_POINT('',#4395);
#4395 = CARTESIAN_POINT('',(-1.230478,26.789876,1.55));
#4396 = LINE('',#4397,#4398);
#4397 = CARTESIAN_POINT('',(-1.230478,26.789876,-4.E-02));
#4398 = VECTOR('',#4399,1.);
#4399 = DIRECTION('',(0.,0.,1.));
#4400 = ORIENTED_EDGE('',*,*,#4401,.T.);
#4401 = EDGE_CURVE('',#4394,#4394,#4402,.T.);
#4402 = CIRCLE('',#4403,0.25);
#4403 = AXIS2_PLACEMENT_3D('',#4404,#4405,#4406);
#4404 = CARTESIAN_POINT('',(-1.230478,27.039876,1.55));
#4405 = DIRECTION('',(0.,0.,1.));
#4406 = DIRECTION('',(-0.,-1.,0.));
#4407 = ORIENTED_EDGE('',*,*,#4391,.F.);
#4408 = ORIENTED_EDGE('',*,*,#4409,.F.);
#4409 = EDGE_CURVE('',#4392,#4392,#4410,.T.);
#4410 = CIRCLE('',#4411,0.25);
#4411 = AXIS2_PLACEMENT_3D('',#4412,#4413,#4414);
#4412 = CARTESIAN_POINT('',(-1.230478,27.039876,-4.E-02));
#4413 = DIRECTION('',(0.,0.,1.));
#4414 = DIRECTION('',(-0.,-1.,0.));
#4415 = CYLINDRICAL_SURFACE('',#4416,0.25);
#4416 = AXIS2_PLACEMENT_3D('',#4417,#4418,#4419);
#4417 = CARTESIAN_POINT('',(-1.230478,27.039876,-4.E-02));
#4418 = DIRECTION('',(-0.,-0.,-1.));
#4419 = DIRECTION('',(-0.,-1.,0.));
#4420 = ADVANCED_FACE('',(#4421,#4424),#4435,.F.);
#4421 = FACE_BOUND('',#4422,.F.);
#4422 = EDGE_LOOP('',(#4423));
#4423 = ORIENTED_EDGE('',*,*,#4409,.T.);
#4424 = FACE_BOUND('',#4425,.F.);
#4425 = EDGE_LOOP('',(#4426));
#4426 = ORIENTED_EDGE('',*,*,#4427,.T.);
#4427 = EDGE_CURVE('',#4428,#4428,#4430,.T.);
#4428 = VERTEX_POINT('',#4429);
#4429 = CARTESIAN_POINT('',(-1.230478,26.814876,-4.E-02));
#4430 = CIRCLE('',#4431,0.225);
#4431 = AXIS2_PLACEMENT_3D('',#4432,#4433,#4434);
#4432 = CARTESIAN_POINT('',(-1.230478,27.039876,-4.E-02));
#4433 = DIRECTION('',(-0.,0.,-1.));
#4434 = DIRECTION('',(9.868649107779E-16,-1.,-0.));
#4435 = PLANE('',#4436);
#4436 = AXIS2_PLACEMENT_3D('',#4437,#4438,#4439);
#4437 = CARTESIAN_POINT('',(-1.230478,26.789876,-4.E-02));
#4438 = DIRECTION('',(0.,0.,1.));
#4439 = DIRECTION('',(1.,0.,-0.));
#4440 = ADVANCED_FACE('',(#4441,#4444),#4455,.T.);
#4441 = FACE_BOUND('',#4442,.T.);
#4442 = EDGE_LOOP('',(#4443));
#4443 = ORIENTED_EDGE('',*,*,#4401,.T.);
#4444 = FACE_BOUND('',#4445,.T.);
#4445 = EDGE_LOOP('',(#4446));
#4446 = ORIENTED_EDGE('',*,*,#4447,.T.);
#4447 = EDGE_CURVE('',#4448,#4448,#4450,.T.);
#4448 = VERTEX_POINT('',#4449);
#4449 = CARTESIAN_POINT('',(-1.230478,26.814876,1.55));
#4450 = CIRCLE('',#4451,0.225);
#4451 = AXIS2_PLACEMENT_3D('',#4452,#4453,#4454);
#4452 = CARTESIAN_POINT('',(-1.230478,27.039876,1.55));
#4453 = DIRECTION('',(-0.,0.,-1.));
#4454 = DIRECTION('',(9.868649107779E-16,-1.,-0.));
#4455 = PLANE('',#4456);
#4456 = AXIS2_PLACEMENT_3D('',#4457,#4458,#4459);
#4457 = CARTESIAN_POINT('',(-1.230478,26.789876,1.55));
#4458 = DIRECTION('',(0.,0.,1.));
#4459 = DIRECTION('',(1.,0.,-0.));
#4460 = ADVANCED_FACE('',(#4461),#4472,.F.);
#4461 = FACE_BOUND('',#4462,.T.);
#4462 = EDGE_LOOP('',(#4463,#4464,#4470,#4471));
#4463 = ORIENTED_EDGE('',*,*,#4427,.T.);
#4464 = ORIENTED_EDGE('',*,*,#4465,.T.);
#4465 = EDGE_CURVE('',#4428,#4448,#4466,.T.);
#4466 = LINE('',#4467,#4468);
#4467 = CARTESIAN_POINT('',(-1.230478,26.814876,-4.6E-02));
#4468 = VECTOR('',#4469,1.);
#4469 = DIRECTION('',(0.,0.,1.));
#4470 = ORIENTED_EDGE('',*,*,#4447,.F.);
#4471 = ORIENTED_EDGE('',*,*,#4465,.F.);
#4472 = CYLINDRICAL_SURFACE('',#4473,0.225);
#4473 = AXIS2_PLACEMENT_3D('',#4474,#4475,#4476);
#4474 = CARTESIAN_POINT('',(-1.230478,27.039876,-4.6E-02));
#4475 = DIRECTION('',(-0.,0.,-1.));
#4476 = DIRECTION('',(9.868649107779E-16,-1.,-0.));
#4477 = MANIFOLD_SOLID_BREP('',#4478);
#4478 = CLOSED_SHELL('',(#4479,#4519,#4550,#4581,#4603,#4615));
#4479 = ADVANCED_FACE('',(#4480),#4514,.T.);
#4480 = FACE_BOUND('',#4481,.T.);
#4481 = EDGE_LOOP('',(#4482,#4492,#4500,#4508));
#4482 = ORIENTED_EDGE('',*,*,#4483,.T.);
#4483 = EDGE_CURVE('',#4484,#4486,#4488,.T.);
#4484 = VERTEX_POINT('',#4485);
#4485 = CARTESIAN_POINT('',(-2.75,31.225,1.51));
#4486 = VERTEX_POINT('',#4487);
#4487 = CARTESIAN_POINT('',(-2.75,31.225,1.55));
#4488 = LINE('',#4489,#4490);
#4489 = CARTESIAN_POINT('',(-2.75,31.225,1.51));
#4490 = VECTOR('',#4491,1.);
#4491 = DIRECTION('',(0.,0.,1.));
#4492 = ORIENTED_EDGE('',*,*,#4493,.T.);
#4493 = EDGE_CURVE('',#4486,#4494,#4496,.T.);
#4494 = VERTEX_POINT('',#4495);
#4495 = CARTESIAN_POINT('',(-2.75,32.725,1.55));
#4496 = LINE('',#4497,#4498);
#4497 = CARTESIAN_POINT('',(-2.75,31.225,1.55));
#4498 = VECTOR('',#4499,1.);
#4499 = DIRECTION('',(0.,1.,0.));
#4500 = ORIENTED_EDGE('',*,*,#4501,.F.);
#4501 = EDGE_CURVE('',#4502,#4494,#4504,.T.);
#4502 = VERTEX_POINT('',#4503);
#4503 = CARTESIAN_POINT('',(-2.75,32.725,1.51));
#4504 = LINE('',#4505,#4506);
#4505 = CARTESIAN_POINT('',(-2.75,32.725,1.51));
#4506 = VECTOR('',#4507,1.);
#4507 = DIRECTION('',(0.,0.,1.));
#4508 = ORIENTED_EDGE('',*,*,#4509,.F.);
#4509 = EDGE_CURVE('',#4484,#4502,#4510,.T.);
#4510 = LINE('',#4511,#4512);
#4511 = CARTESIAN_POINT('',(-2.75,31.225,1.51));
#4512 = VECTOR('',#4513,1.);
#4513 = DIRECTION('',(0.,1.,0.));
#4514 = PLANE('',#4515);
#4515 = AXIS2_PLACEMENT_3D('',#4516,#4517,#4518);
#4516 = CARTESIAN_POINT('',(-2.75,31.225,1.51));
#4517 = DIRECTION('',(-1.,0.,0.));
#4518 = DIRECTION('',(0.,1.,0.));
#4519 = ADVANCED_FACE('',(#4520),#4545,.T.);
#4520 = FACE_BOUND('',#4521,.T.);
#4521 = EDGE_LOOP('',(#4522,#4523,#4531,#4539));
#4522 = ORIENTED_EDGE('',*,*,#4501,.T.);
#4523 = ORIENTED_EDGE('',*,*,#4524,.T.);
#4524 = EDGE_CURVE('',#4494,#4525,#4527,.T.);
#4525 = VERTEX_POINT('',#4526);
#4526 = CARTESIAN_POINT('',(-1.25,32.725,1.55));
#4527 = LINE('',#4528,#4529);
#4528 = CARTESIAN_POINT('',(-2.75,32.725,1.55));
#4529 = VECTOR('',#4530,1.);
#4530 = DIRECTION('',(1.,0.,0.));
#4531 = ORIENTED_EDGE('',*,*,#4532,.F.);
#4532 = EDGE_CURVE('',#4533,#4525,#4535,.T.);
#4533 = VERTEX_POINT('',#4534);
#4534 = CARTESIAN_POINT('',(-1.25,32.725,1.51));
#4535 = LINE('',#4536,#4537);
#4536 = CARTESIAN_POINT('',(-1.25,32.725,1.51));
#4537 = VECTOR('',#4538,1.);
#4538 = DIRECTION('',(0.,0.,1.));
#4539 = ORIENTED_EDGE('',*,*,#4540,.F.);
#4540 = EDGE_CURVE('',#4502,#4533,#4541,.T.);
#4541 = LINE('',#4542,#4543);
#4542 = CARTESIAN_POINT('',(-2.75,32.725,1.51));
#4543 = VECTOR('',#4544,1.);
#4544 = DIRECTION('',(1.,0.,0.));
#4545 = PLANE('',#4546);
#4546 = AXIS2_PLACEMENT_3D('',#4547,#4548,#4549);
#4547 = CARTESIAN_POINT('',(-2.75,32.725,1.51));
#4548 = DIRECTION('',(0.,1.,0.));
#4549 = DIRECTION('',(1.,0.,0.));
#4550 = ADVANCED_FACE('',(#4551),#4576,.T.);
#4551 = FACE_BOUND('',#4552,.T.);
#4552 = EDGE_LOOP('',(#4553,#4554,#4562,#4570));
#4553 = ORIENTED_EDGE('',*,*,#4532,.T.);
#4554 = ORIENTED_EDGE('',*,*,#4555,.T.);
#4555 = EDGE_CURVE('',#4525,#4556,#4558,.T.);
#4556 = VERTEX_POINT('',#4557);
#4557 = CARTESIAN_POINT('',(-1.25,31.225,1.55));
#4558 = LINE('',#4559,#4560);
#4559 = CARTESIAN_POINT('',(-1.25,32.725,1.55));
#4560 = VECTOR('',#4561,1.);
#4561 = DIRECTION('',(0.,-1.,0.));
#4562 = ORIENTED_EDGE('',*,*,#4563,.F.);
#4563 = EDGE_CURVE('',#4564,#4556,#4566,.T.);
#4564 = VERTEX_POINT('',#4565);
#4565 = CARTESIAN_POINT('',(-1.25,31.225,1.51));
#4566 = LINE('',#4567,#4568);
#4567 = CARTESIAN_POINT('',(-1.25,31.225,1.51));
#4568 = VECTOR('',#4569,1.);
#4569 = DIRECTION('',(0.,0.,1.));
#4570 = ORIENTED_EDGE('',*,*,#4571,.F.);
#4571 = EDGE_CURVE('',#4533,#4564,#4572,.T.);
#4572 = LINE('',#4573,#4574);
#4573 = CARTESIAN_POINT('',(-1.25,32.725,1.51));
#4574 = VECTOR('',#4575,1.);
#4575 = DIRECTION('',(0.,-1.,0.));
#4576 = PLANE('',#4577);
#4577 = AXIS2_PLACEMENT_3D('',#4578,#4579,#4580);
#4578 = CARTESIAN_POINT('',(-1.25,32.725,1.51));
#4579 = DIRECTION('',(1.,0.,-0.));
#4580 = DIRECTION('',(0.,-1.,0.));
#4581 = ADVANCED_FACE('',(#4582),#4598,.T.);
#4582 = FACE_BOUND('',#4583,.T.);
#4583 = EDGE_LOOP('',(#4584,#4585,#4591,#4592));
#4584 = ORIENTED_EDGE('',*,*,#4563,.T.);
#4585 = ORIENTED_EDGE('',*,*,#4586,.T.);
#4586 = EDGE_CURVE('',#4556,#4486,#4587,.T.);
#4587 = LINE('',#4588,#4589);
#4588 = CARTESIAN_POINT('',(-1.25,31.225,1.55));
#4589 = VECTOR('',#4590,1.);
#4590 = DIRECTION('',(-1.,0.,0.));
#4591 = ORIENTED_EDGE('',*,*,#4483,.F.);
#4592 = ORIENTED_EDGE('',*,*,#4593,.F.);
#4593 = EDGE_CURVE('',#4564,#4484,#4594,.T.);
#4594 = LINE('',#4595,#4596);
#4595 = CARTESIAN_POINT('',(-1.25,31.225,1.51));
#4596 = VECTOR('',#4597,1.);
#4597 = DIRECTION('',(-1.,0.,0.));
#4598 = PLANE('',#4599);
#4599 = AXIS2_PLACEMENT_3D('',#4600,#4601,#4602);
#4600 = CARTESIAN_POINT('',(-1.25,31.225,1.51));
#4601 = DIRECTION('',(0.,-1.,0.));
#4602 = DIRECTION('',(-1.,0.,0.));
#4603 = ADVANCED_FACE('',(#4604),#4610,.F.);
#4604 = FACE_BOUND('',#4605,.T.);
#4605 = EDGE_LOOP('',(#4606,#4607,#4608,#4609));
#4606 = ORIENTED_EDGE('',*,*,#4509,.T.);
#4607 = ORIENTED_EDGE('',*,*,#4540,.T.);
#4608 = ORIENTED_EDGE('',*,*,#4571,.T.);
#4609 = ORIENTED_EDGE('',*,*,#4593,.T.);
#4610 = PLANE('',#4611);
#4611 = AXIS2_PLACEMENT_3D('',#4612,#4613,#4614);
#4612 = CARTESIAN_POINT('',(0.,0.,1.51));
#4613 = DIRECTION('',(0.,0.,1.));
#4614 = DIRECTION('',(1.,0.,-0.));
#4615 = ADVANCED_FACE('',(#4616),#4622,.T.);
#4616 = FACE_BOUND('',#4617,.F.);
#4617 = EDGE_LOOP('',(#4618,#4619,#4620,#4621));
#4618 = ORIENTED_EDGE('',*,*,#4493,.T.);
#4619 = ORIENTED_EDGE('',*,*,#4524,.T.);
#4620 = ORIENTED_EDGE('',*,*,#4555,.T.);
#4621 = ORIENTED_EDGE('',*,*,#4586,.T.);
#4622 = PLANE('',#4623);
#4623 = AXIS2_PLACEMENT_3D('',#4624,#4625,#4626);
#4624 = CARTESIAN_POINT('',(0.,0.,1.55));
#4625 = DIRECTION('',(0.,0.,1.));
#4626 = DIRECTION('',(1.,0.,-0.));
#4627 = MANIFOLD_SOLID_BREP('',#4628);
#4628 = CLOSED_SHELL('',(#4629,#4662,#4682,#4702));
#4629 = ADVANCED_FACE('',(#4630),#4657,.T.);
#4630 = FACE_BOUND('',#4631,.F.);
#4631 = EDGE_LOOP('',(#4632,#4642,#4649,#4650));
#4632 = ORIENTED_EDGE('',*,*,#4633,.T.);
#4633 = EDGE_CURVE('',#4634,#4636,#4638,.T.);
#4634 = VERTEX_POINT('',#4635);
#4635 = CARTESIAN_POINT('',(-0.525421,8.174999,1.51));
#4636 = VERTEX_POINT('',#4637);
#4637 = CARTESIAN_POINT('',(-0.525421,8.174999,1.55));
#4638 = LINE('',#4639,#4640);
#4639 = CARTESIAN_POINT('',(-0.525421,8.174999,1.51));
#4640 = VECTOR('',#4641,1.);
#4641 = DIRECTION('',(0.,0.,1.));
#4642 = ORIENTED_EDGE('',*,*,#4643,.T.);
#4643 = EDGE_CURVE('',#4636,#4636,#4644,.T.);
#4644 = CIRCLE('',#4645,0.749999);
#4645 = AXIS2_PLACEMENT_3D('',#4646,#4647,#4648);
#4646 = CARTESIAN_POINT('',(-1.27542,8.174999,1.55));
#4647 = DIRECTION('',(0.,0.,1.));
#4648 = DIRECTION('',(1.,0.,-0.));
#4649 = ORIENTED_EDGE('',*,*,#4633,.F.);
#4650 = ORIENTED_EDGE('',*,*,#4651,.F.);
#4651 = EDGE_CURVE('',#4634,#4634,#4652,.T.);
#4652 = CIRCLE('',#4653,0.749999);
#4653 = AXIS2_PLACEMENT_3D('',#4654,#4655,#4656);
#4654 = CARTESIAN_POINT('',(-1.27542,8.174999,1.51));
#4655 = DIRECTION('',(0.,0.,1.));
#4656 = DIRECTION('',(1.,0.,-0.));
#4657 = CYLINDRICAL_SURFACE('',#4658,0.749999);
#4658 = AXIS2_PLACEMENT_3D('',#4659,#4660,#4661);
#4659 = CARTESIAN_POINT('',(-1.27542,8.174999,1.51));
#4660 = DIRECTION('',(-0.,-0.,-1.));
#4661 = DIRECTION('',(1.,0.,-0.));
#4662 = ADVANCED_FACE('',(#4663,#4666),#4677,.F.);
#4663 = FACE_BOUND('',#4664,.F.);
#4664 = EDGE_LOOP('',(#4665));
#4665 = ORIENTED_EDGE('',*,*,#4651,.T.);
#4666 = FACE_BOUND('',#4667,.F.);
#4667 = EDGE_LOOP('',(#4668));
#4668 = ORIENTED_EDGE('',*,*,#4669,.T.);
#4669 = EDGE_CURVE('',#4670,#4670,#4672,.T.);
#4670 = VERTEX_POINT('',#4671);
#4671 = CARTESIAN_POINT('',(-1.27542,7.949999,1.51));
#4672 = CIRCLE('',#4673,0.225);
#4673 = AXIS2_PLACEMENT_3D('',#4674,#4675,#4676);
#4674 = CARTESIAN_POINT('',(-1.27542,8.174999,1.51));
#4675 = DIRECTION('',(-0.,0.,-1.));
#4676 = DIRECTION('',(-0.,-1.,0.));
#4677 = PLANE('',#4678);
#4678 = AXIS2_PLACEMENT_3D('',#4679,#4680,#4681);
#4679 = CARTESIAN_POINT('',(0.,0.,1.51));
#4680 = DIRECTION('',(0.,0.,1.));
#4681 = DIRECTION('',(1.,0.,-0.));
#4682 = ADVANCED_FACE('',(#4683,#4686),#4697,.T.);
#4683 = FACE_BOUND('',#4684,.T.);
#4684 = EDGE_LOOP('',(#4685));
#4685 = ORIENTED_EDGE('',*,*,#4643,.T.);
#4686 = FACE_BOUND('',#4687,.T.);
#4687 = EDGE_LOOP('',(#4688));
#4688 = ORIENTED_EDGE('',*,*,#4689,.T.);
#4689 = EDGE_CURVE('',#4690,#4690,#4692,.T.);
#4690 = VERTEX_POINT('',#4691);
#4691 = CARTESIAN_POINT('',(-1.27542,7.949999,1.55));
#4692 = CIRCLE('',#4693,0.225);
#4693 = AXIS2_PLACEMENT_3D('',#4694,#4695,#4696);
#4694 = CARTESIAN_POINT('',(-1.27542,8.174999,1.55));
#4695 = DIRECTION('',(-0.,0.,-1.));
#4696 = DIRECTION('',(-0.,-1.,0.));
#4697 = PLANE('',#4698);
#4698 = AXIS2_PLACEMENT_3D('',#4699,#4700,#4701);
#4699 = CARTESIAN_POINT('',(0.,0.,1.55));
#4700 = DIRECTION('',(0.,0.,1.));
#4701 = DIRECTION('',(1.,0.,-0.));
#4702 = ADVANCED_FACE('',(#4703),#4714,.F.);
#4703 = FACE_BOUND('',#4704,.T.);
#4704 = EDGE_LOOP('',(#4705,#4706,#4712,#4713));
#4705 = ORIENTED_EDGE('',*,*,#4669,.T.);
#4706 = ORIENTED_EDGE('',*,*,#4707,.T.);
#4707 = EDGE_CURVE('',#4670,#4690,#4708,.T.);
#4708 = LINE('',#4709,#4710);
#4709 = CARTESIAN_POINT('',(-1.27542,7.949999,-4.6E-02));
#4710 = VECTOR('',#4711,1.);
#4711 = DIRECTION('',(0.,0.,1.));
#4712 = ORIENTED_EDGE('',*,*,#4689,.F.);
#4713 = ORIENTED_EDGE('',*,*,#4707,.F.);
#4714 = CYLINDRICAL_SURFACE('',#4715,0.225);
#4715 = AXIS2_PLACEMENT_3D('',#4716,#4717,#4718);
#4716 = CARTESIAN_POINT('',(-1.27542,8.174999,-4.6E-02));
#4717 = DIRECTION('',(-0.,-0.,-1.));
#4718 = DIRECTION('',(-0.,-1.,0.));
#4719 = MANIFOLD_SOLID_BREP('',#4720);
#4720 = CLOSED_SHELL('',(#4721,#4754,#4774,#4794));
#4721 = ADVANCED_FACE('',(#4722),#4749,.T.);
#4722 = FACE_BOUND('',#4723,.T.);
#4723 = EDGE_LOOP('',(#4724,#4734,#4741,#4742));
#4724 = ORIENTED_EDGE('',*,*,#4725,.T.);
#4725 = EDGE_CURVE('',#4726,#4728,#4730,.T.);
#4726 = VERTEX_POINT('',#4727);
#4727 = CARTESIAN_POINT('',(-0.525421,8.174999,0.));
#4728 = VERTEX_POINT('',#4729);
#4729 = CARTESIAN_POINT('',(-0.525421,8.174999,-4.E-02));
#4730 = LINE('',#4731,#4732);
#4731 = CARTESIAN_POINT('',(-0.525421,8.174999,0.));
#4732 = VECTOR('',#4733,1.);
#4733 = DIRECTION('',(0.,0.,-1.));
#4734 = ORIENTED_EDGE('',*,*,#4735,.T.);
#4735 = EDGE_CURVE('',#4728,#4728,#4736,.T.);
#4736 = CIRCLE('',#4737,0.749999);
#4737 = AXIS2_PLACEMENT_3D('',#4738,#4739,#4740);
#4738 = CARTESIAN_POINT('',(-1.27542,8.174999,-4.E-02));
#4739 = DIRECTION('',(0.,0.,1.));
#4740 = DIRECTION('',(1.,0.,-0.));
#4741 = ORIENTED_EDGE('',*,*,#4725,.F.);
#4742 = ORIENTED_EDGE('',*,*,#4743,.F.);
#4743 = EDGE_CURVE('',#4726,#4726,#4744,.T.);
#4744 = CIRCLE('',#4745,0.749999);
#4745 = AXIS2_PLACEMENT_3D('',#4746,#4747,#4748);
#4746 = CARTESIAN_POINT('',(-1.27542,8.174999,0.));
#4747 = DIRECTION('',(0.,0.,1.));
#4748 = DIRECTION('',(1.,0.,-0.));
#4749 = CYLINDRICAL_SURFACE('',#4750,0.749999);
#4750 = AXIS2_PLACEMENT_3D('',#4751,#4752,#4753);
#4751 = CARTESIAN_POINT('',(-1.27542,8.174999,0.));
#4752 = DIRECTION('',(0.,0.,1.));
#4753 = DIRECTION('',(1.,0.,-0.));
#4754 = ADVANCED_FACE('',(#4755,#4758),#4769,.F.);
#4755 = FACE_BOUND('',#4756,.F.);
#4756 = EDGE_LOOP('',(#4757));
#4757 = ORIENTED_EDGE('',*,*,#4743,.F.);
#4758 = FACE_BOUND('',#4759,.F.);
#4759 = EDGE_LOOP('',(#4760));
#4760 = ORIENTED_EDGE('',*,*,#4761,.F.);
#4761 = EDGE_CURVE('',#4762,#4762,#4764,.T.);
#4762 = VERTEX_POINT('',#4763);
#4763 = CARTESIAN_POINT('',(-1.27542,7.949999,0.));
#4764 = CIRCLE('',#4765,0.225);
#4765 = AXIS2_PLACEMENT_3D('',#4766,#4767,#4768);
#4766 = CARTESIAN_POINT('',(-1.27542,8.174999,0.));
#4767 = DIRECTION('',(-0.,0.,-1.));
#4768 = DIRECTION('',(-0.,-1.,0.));
#4769 = PLANE('',#4770);
#4770 = AXIS2_PLACEMENT_3D('',#4771,#4772,#4773);
#4771 = CARTESIAN_POINT('',(0.,0.,0.));
#4772 = DIRECTION('',(-0.,-0.,-1.));
#4773 = DIRECTION('',(-1.,0.,0.));
#4774 = ADVANCED_FACE('',(#4775,#4778),#4789,.T.);
#4775 = FACE_BOUND('',#4776,.T.);
#4776 = EDGE_LOOP('',(#4777));
#4777 = ORIENTED_EDGE('',*,*,#4735,.F.);
#4778 = FACE_BOUND('',#4779,.T.);
#4779 = EDGE_LOOP('',(#4780));
#4780 = ORIENTED_EDGE('',*,*,#4781,.F.);
#4781 = EDGE_CURVE('',#4782,#4782,#4784,.T.);
#4782 = VERTEX_POINT('',#4783);
#4783 = CARTESIAN_POINT('',(-1.27542,7.949999,-4.E-02));
#4784 = CIRCLE('',#4785,0.225);
#4785 = AXIS2_PLACEMENT_3D('',#4786,#4787,#4788);
#4786 = CARTESIAN_POINT('',(-1.27542,8.174999,-4.E-02));
#4787 = DIRECTION('',(-0.,0.,-1.));
#4788 = DIRECTION('',(-0.,-1.,0.));
#4789 = PLANE('',#4790);
#4790 = AXIS2_PLACEMENT_3D('',#4791,#4792,#4793);
#4791 = CARTESIAN_POINT('',(0.,0.,-4.E-02));
#4792 = DIRECTION('',(-0.,-0.,-1.));
#4793 = DIRECTION('',(-1.,0.,0.));
#4794 = ADVANCED_FACE('',(#4795),#4806,.F.);
#4795 = FACE_BOUND('',#4796,.T.);
#4796 = EDGE_LOOP('',(#4797,#4798,#4804,#4805));
#4797 = ORIENTED_EDGE('',*,*,#4781,.T.);
#4798 = ORIENTED_EDGE('',*,*,#4799,.T.);
#4799 = EDGE_CURVE('',#4782,#4762,#4800,.T.);
#4800 = LINE('',#4801,#4802);
#4801 = CARTESIAN_POINT('',(-1.27542,7.949999,-4.6E-02));
#4802 = VECTOR('',#4803,1.);
#4803 = DIRECTION('',(0.,0.,1.));
#4804 = ORIENTED_EDGE('',*,*,#4761,.F.);
#4805 = ORIENTED_EDGE('',*,*,#4799,.F.);
#4806 = CYLINDRICAL_SURFACE('',#4807,0.225);
#4807 = AXIS2_PLACEMENT_3D('',#4808,#4809,#4810);
#4808 = CARTESIAN_POINT('',(-1.27542,8.174999,-4.6E-02));
#4809 = DIRECTION('',(-0.,-0.,-1.));
#4810 = DIRECTION('',(-0.,-1.,0.));
#4811 = MANIFOLD_SOLID_BREP('',#4812);
#4812 = CLOSED_SHELL('',(#4813,#4846,#4866,#4886));
#4813 = ADVANCED_FACE('',(#4814),#4841,.T.);
#4814 = FACE_BOUND('',#4815,.F.);
#4815 = EDGE_LOOP('',(#4816,#4826,#4833,#4834));
#4816 = ORIENTED_EDGE('',*,*,#4817,.T.);
#4817 = EDGE_CURVE('',#4818,#4820,#4822,.T.);
#4818 = VERTEX_POINT('',#4819);
#4819 = CARTESIAN_POINT('',(-1.27542,7.924999,-4.E-02));
#4820 = VERTEX_POINT('',#4821);
#4821 = CARTESIAN_POINT('',(-1.27542,7.924999,1.55));
#4822 = LINE('',#4823,#4824);
#4823 = CARTESIAN_POINT('',(-1.27542,7.924999,-4.E-02));
#4824 = VECTOR('',#4825,1.);
#4825 = DIRECTION('',(0.,0.,1.));
#4826 = ORIENTED_EDGE('',*,*,#4827,.T.);
#4827 = EDGE_CURVE('',#4820,#4820,#4828,.T.);
#4828 = CIRCLE('',#4829,0.25);
#4829 = AXIS2_PLACEMENT_3D('',#4830,#4831,#4832);
#4830 = CARTESIAN_POINT('',(-1.27542,8.174999,1.55));
#4831 = DIRECTION('',(0.,0.,1.));
#4832 = DIRECTION('',(-0.,-1.,0.));
#4833 = ORIENTED_EDGE('',*,*,#4817,.F.);
#4834 = ORIENTED_EDGE('',*,*,#4835,.F.);
#4835 = EDGE_CURVE('',#4818,#4818,#4836,.T.);
#4836 = CIRCLE('',#4837,0.25);
#4837 = AXIS2_PLACEMENT_3D('',#4838,#4839,#4840);
#4838 = CARTESIAN_POINT('',(-1.27542,8.174999,-4.E-02));
#4839 = DIRECTION('',(0.,0.,1.));
#4840 = DIRECTION('',(-0.,-1.,0.));
#4841 = CYLINDRICAL_SURFACE('',#4842,0.25);
#4842 = AXIS2_PLACEMENT_3D('',#4843,#4844,#4845);
#4843 = CARTESIAN_POINT('',(-1.27542,8.174999,-4.E-02));
#4844 = DIRECTION('',(-0.,-0.,-1.));
#4845 = DIRECTION('',(-0.,-1.,0.));
#4846 = ADVANCED_FACE('',(#4847,#4850),#4861,.F.);
#4847 = FACE_BOUND('',#4848,.F.);
#4848 = EDGE_LOOP('',(#4849));
#4849 = ORIENTED_EDGE('',*,*,#4835,.T.);
#4850 = FACE_BOUND('',#4851,.F.);
#4851 = EDGE_LOOP('',(#4852));
#4852 = ORIENTED_EDGE('',*,*,#4853,.T.);
#4853 = EDGE_CURVE('',#4854,#4854,#4856,.T.);
#4854 = VERTEX_POINT('',#4855);
#4855 = CARTESIAN_POINT('',(-1.27542,7.949999,-4.E-02));
#4856 = CIRCLE('',#4857,0.225);
#4857 = AXIS2_PLACEMENT_3D('',#4858,#4859,#4860);
#4858 = CARTESIAN_POINT('',(-1.27542,8.174999,-4.E-02));
#4859 = DIRECTION('',(-0.,0.,-1.));
#4860 = DIRECTION('',(-0.,-1.,0.));
#4861 = PLANE('',#4862);
#4862 = AXIS2_PLACEMENT_3D('',#4863,#4864,#4865);
#4863 = CARTESIAN_POINT('',(-1.27542,7.924999,-4.E-02));
#4864 = DIRECTION('',(0.,0.,1.));
#4865 = DIRECTION('',(1.,0.,-0.));
#4866 = ADVANCED_FACE('',(#4867,#4870),#4881,.T.);
#4867 = FACE_BOUND('',#4868,.T.);
#4868 = EDGE_LOOP('',(#4869));
#4869 = ORIENTED_EDGE('',*,*,#4827,.T.);
#4870 = FACE_BOUND('',#4871,.T.);
#4871 = EDGE_LOOP('',(#4872));
#4872 = ORIENTED_EDGE('',*,*,#4873,.T.);
#4873 = EDGE_CURVE('',#4874,#4874,#4876,.T.);
#4874 = VERTEX_POINT('',#4875);
#4875 = CARTESIAN_POINT('',(-1.27542,7.949999,1.55));
#4876 = CIRCLE('',#4877,0.225);
#4877 = AXIS2_PLACEMENT_3D('',#4878,#4879,#4880);
#4878 = CARTESIAN_POINT('',(-1.27542,8.174999,1.55));
#4879 = DIRECTION('',(-0.,0.,-1.));
#4880 = DIRECTION('',(-0.,-1.,0.));
#4881 = PLANE('',#4882);
#4882 = AXIS2_PLACEMENT_3D('',#4883,#4884,#4885);
#4883 = CARTESIAN_POINT('',(-1.27542,7.924999,1.55));
#4884 = DIRECTION('',(0.,0.,1.));
#4885 = DIRECTION('',(1.,0.,-0.));
#4886 = ADVANCED_FACE('',(#4887),#4898,.F.);
#4887 = FACE_BOUND('',#4888,.T.);
#4888 = EDGE_LOOP('',(#4889,#4890,#4896,#4897));
#4889 = ORIENTED_EDGE('',*,*,#4853,.T.);
#4890 = ORIENTED_EDGE('',*,*,#4891,.T.);
#4891 = EDGE_CURVE('',#4854,#4874,#4892,.T.);
#4892 = LINE('',#4893,#4894);
#4893 = CARTESIAN_POINT('',(-1.27542,7.949999,-4.6E-02));
#4894 = VECTOR('',#4895,1.);
#4895 = DIRECTION('',(0.,0.,1.));
#4896 = ORIENTED_EDGE('',*,*,#4873,.F.);
#4897 = ORIENTED_EDGE('',*,*,#4891,.F.);
#4898 = CYLINDRICAL_SURFACE('',#4899,0.225);
#4899 = AXIS2_PLACEMENT_3D('',#4900,#4901,#4902);
#4900 = CARTESIAN_POINT('',(-1.27542,8.174999,-4.6E-02));
#4901 = DIRECTION('',(-0.,-0.,-1.));
#4902 = DIRECTION('',(-0.,-1.,0.));
#4903 = MANIFOLD_SOLID_BREP('',#4904);
#4904 = CLOSED_SHELL('',(#4905,#4945,#4976,#5007,#5029,#5041));
#4905 = ADVANCED_FACE('',(#4906),#4940,.T.);
#4906 = FACE_BOUND('',#4907,.T.);
#4907 = EDGE_LOOP('',(#4908,#4918,#4926,#4934));
#4908 = ORIENTED_EDGE('',*,*,#4909,.T.);
#4909 = EDGE_CURVE('',#4910,#4912,#4914,.T.);
#4910 = VERTEX_POINT('',#4911);
#4911 = CARTESIAN_POINT('',(1.25,31.225,1.51));
#4912 = VERTEX_POINT('',#4913);
#4913 = CARTESIAN_POINT('',(1.25,31.225,1.55));
#4914 = LINE('',#4915,#4916);
#4915 = CARTESIAN_POINT('',(1.25,31.225,1.51));
#4916 = VECTOR('',#4917,1.);
#4917 = DIRECTION('',(0.,0.,1.));
#4918 = ORIENTED_EDGE('',*,*,#4919,.T.);
#4919 = EDGE_CURVE('',#4912,#4920,#4922,.T.);
#4920 = VERTEX_POINT('',#4921);
#4921 = CARTESIAN_POINT('',(1.25,32.725,1.55));
#4922 = LINE('',#4923,#4924);
#4923 = CARTESIAN_POINT('',(1.25,31.225,1.55));
#4924 = VECTOR('',#4925,1.);
#4925 = DIRECTION('',(0.,1.,0.));
#4926 = ORIENTED_EDGE('',*,*,#4927,.F.);
#4927 = EDGE_CURVE('',#4928,#4920,#4930,.T.);
#4928 = VERTEX_POINT('',#4929);
#4929 = CARTESIAN_POINT('',(1.25,32.725,1.51));
#4930 = LINE('',#4931,#4932);
#4931 = CARTESIAN_POINT('',(1.25,32.725,1.51));
#4932 = VECTOR('',#4933,1.);
#4933 = DIRECTION('',(0.,0.,1.));
#4934 = ORIENTED_EDGE('',*,*,#4935,.F.);
#4935 = EDGE_CURVE('',#4910,#4928,#4936,.T.);
#4936 = LINE('',#4937,#4938);
#4937 = CARTESIAN_POINT('',(1.25,31.225,1.51));
#4938 = VECTOR('',#4939,1.);
#4939 = DIRECTION('',(0.,1.,0.));
#4940 = PLANE('',#4941);
#4941 = AXIS2_PLACEMENT_3D('',#4942,#4943,#4944);
#4942 = CARTESIAN_POINT('',(1.25,31.225,1.51));
#4943 = DIRECTION('',(-1.,0.,0.));
#4944 = DIRECTION('',(0.,1.,0.));
#4945 = ADVANCED_FACE('',(#4946),#4971,.T.);
#4946 = FACE_BOUND('',#4947,.T.);
#4947 = EDGE_LOOP('',(#4948,#4949,#4957,#4965));
#4948 = ORIENTED_EDGE('',*,*,#4927,.T.);
#4949 = ORIENTED_EDGE('',*,*,#4950,.T.);
#4950 = EDGE_CURVE('',#4920,#4951,#4953,.T.);
#4951 = VERTEX_POINT('',#4952);
#4952 = CARTESIAN_POINT('',(2.75,32.725,1.55));
#4953 = LINE('',#4954,#4955);
#4954 = CARTESIAN_POINT('',(1.25,32.725,1.55));
#4955 = VECTOR('',#4956,1.);
#4956 = DIRECTION('',(1.,0.,0.));
#4957 = ORIENTED_EDGE('',*,*,#4958,.F.);
#4958 = EDGE_CURVE('',#4959,#4951,#4961,.T.);
#4959 = VERTEX_POINT('',#4960);
#4960 = CARTESIAN_POINT('',(2.75,32.725,1.51));
#4961 = LINE('',#4962,#4963);
#4962 = CARTESIAN_POINT('',(2.75,32.725,1.51));
#4963 = VECTOR('',#4964,1.);
#4964 = DIRECTION('',(0.,0.,1.));
#4965 = ORIENTED_EDGE('',*,*,#4966,.F.);
#4966 = EDGE_CURVE('',#4928,#4959,#4967,.T.);
#4967 = LINE('',#4968,#4969);
#4968 = CARTESIAN_POINT('',(1.25,32.725,1.51));
#4969 = VECTOR('',#4970,1.);
#4970 = DIRECTION('',(1.,0.,0.));
#4971 = PLANE('',#4972);
#4972 = AXIS2_PLACEMENT_3D('',#4973,#4974,#4975);
#4973 = CARTESIAN_POINT('',(1.25,32.725,1.51));
#4974 = DIRECTION('',(0.,1.,0.));
#4975 = DIRECTION('',(1.,0.,0.));
#4976 = ADVANCED_FACE('',(#4977),#5002,.T.);
#4977 = FACE_BOUND('',#4978,.T.);
#4978 = EDGE_LOOP('',(#4979,#4980,#4988,#4996));
#4979 = ORIENTED_EDGE('',*,*,#4958,.T.);
#4980 = ORIENTED_EDGE('',*,*,#4981,.T.);
#4981 = EDGE_CURVE('',#4951,#4982,#4984,.T.);
#4982 = VERTEX_POINT('',#4983);
#4983 = CARTESIAN_POINT('',(2.75,31.225,1.55));
#4984 = LINE('',#4985,#4986);
#4985 = CARTESIAN_POINT('',(2.75,32.725,1.55));
#4986 = VECTOR('',#4987,1.);
#4987 = DIRECTION('',(0.,-1.,0.));
#4988 = ORIENTED_EDGE('',*,*,#4989,.F.);
#4989 = EDGE_CURVE('',#4990,#4982,#4992,.T.);
#4990 = VERTEX_POINT('',#4991);
#4991 = CARTESIAN_POINT('',(2.75,31.225,1.51));
#4992 = LINE('',#4993,#4994);
#4993 = CARTESIAN_POINT('',(2.75,31.225,1.51));
#4994 = VECTOR('',#4995,1.);
#4995 = DIRECTION('',(0.,0.,1.));
#4996 = ORIENTED_EDGE('',*,*,#4997,.F.);
#4997 = EDGE_CURVE('',#4959,#4990,#4998,.T.);
#4998 = LINE('',#4999,#5000);
#4999 = CARTESIAN_POINT('',(2.75,32.725,1.51));
#5000 = VECTOR('',#5001,1.);
#5001 = DIRECTION('',(0.,-1.,0.));
#5002 = PLANE('',#5003);
#5003 = AXIS2_PLACEMENT_3D('',#5004,#5005,#5006);
#5004 = CARTESIAN_POINT('',(2.75,32.725,1.51));
#5005 = DIRECTION('',(1.,0.,-0.));
#5006 = DIRECTION('',(0.,-1.,0.));
#5007 = ADVANCED_FACE('',(#5008),#5024,.T.);
#5008 = FACE_BOUND('',#5009,.T.);
#5009 = EDGE_LOOP('',(#5010,#5011,#5017,#5018));
#5010 = ORIENTED_EDGE('',*,*,#4989,.T.);
#5011 = ORIENTED_EDGE('',*,*,#5012,.T.);
#5012 = EDGE_CURVE('',#4982,#4912,#5013,.T.);
#5013 = LINE('',#5014,#5015);
#5014 = CARTESIAN_POINT('',(2.75,31.225,1.55));
#5015 = VECTOR('',#5016,1.);
#5016 = DIRECTION('',(-1.,0.,0.));
#5017 = ORIENTED_EDGE('',*,*,#4909,.F.);
#5018 = ORIENTED_EDGE('',*,*,#5019,.F.);
#5019 = EDGE_CURVE('',#4990,#4910,#5020,.T.);
#5020 = LINE('',#5021,#5022);
#5021 = CARTESIAN_POINT('',(2.75,31.225,1.51));
#5022 = VECTOR('',#5023,1.);
#5023 = DIRECTION('',(-1.,0.,0.));
#5024 = PLANE('',#5025);
#5025 = AXIS2_PLACEMENT_3D('',#5026,#5027,#5028);
#5026 = CARTESIAN_POINT('',(2.75,31.225,1.51));
#5027 = DIRECTION('',(0.,-1.,0.));
#5028 = DIRECTION('',(-1.,0.,0.));
#5029 = ADVANCED_FACE('',(#5030),#5036,.F.);
#5030 = FACE_BOUND('',#5031,.T.);
#5031 = EDGE_LOOP('',(#5032,#5033,#5034,#5035));
#5032 = ORIENTED_EDGE('',*,*,#4935,.T.);
#5033 = ORIENTED_EDGE('',*,*,#4966,.T.);
#5034 = ORIENTED_EDGE('',*,*,#4997,.T.);
#5035 = ORIENTED_EDGE('',*,*,#5019,.T.);
#5036 = PLANE('',#5037);
#5037 = AXIS2_PLACEMENT_3D('',#5038,#5039,#5040);
#5038 = CARTESIAN_POINT('',(0.,0.,1.51));
#5039 = DIRECTION('',(0.,0.,1.));
#5040 = DIRECTION('',(1.,0.,-0.));
#5041 = ADVANCED_FACE('',(#5042),#5048,.T.);
#5042 = FACE_BOUND('',#5043,.F.);
#5043 = EDGE_LOOP('',(#5044,#5045,#5046,#5047));
#5044 = ORIENTED_EDGE('',*,*,#4919,.T.);
#5045 = ORIENTED_EDGE('',*,*,#4950,.T.);
#5046 = ORIENTED_EDGE('',*,*,#4981,.T.);
#5047 = ORIENTED_EDGE('',*,*,#5012,.T.);
#5048 = PLANE('',#5049);
#5049 = AXIS2_PLACEMENT_3D('',#5050,#5051,#5052);
#5050 = CARTESIAN_POINT('',(0.,0.,1.55));
#5051 = DIRECTION('',(0.,0.,1.));
#5052 = DIRECTION('',(1.,0.,-0.));
#5053 = MANIFOLD_SOLID_BREP('',#5054);
#5054 = CLOSED_SHELL('',(#5055,#5095,#5126,#5157,#5179,#5191));
#5055 = ADVANCED_FACE('',(#5056),#5090,.T.);
#5056 = FACE_BOUND('',#5057,.T.);
#5057 = EDGE_LOOP('',(#5058,#5068,#5076,#5084));
#5058 = ORIENTED_EDGE('',*,*,#5059,.T.);
#5059 = EDGE_CURVE('',#5060,#5062,#5064,.T.);
#5060 = VERTEX_POINT('',#5061);
#5061 = CARTESIAN_POINT('',(31.225,1.25,1.51));
#5062 = VERTEX_POINT('',#5063);
#5063 = CARTESIAN_POINT('',(31.225,1.25,1.55));
#5064 = LINE('',#5065,#5066);
#5065 = CARTESIAN_POINT('',(31.225,1.25,1.51));
#5066 = VECTOR('',#5067,1.);
#5067 = DIRECTION('',(0.,0.,1.));
#5068 = ORIENTED_EDGE('',*,*,#5069,.T.);
#5069 = EDGE_CURVE('',#5062,#5070,#5072,.T.);
#5070 = VERTEX_POINT('',#5071);
#5071 = CARTESIAN_POINT('',(31.225,2.75,1.55));
#5072 = LINE('',#5073,#5074);
#5073 = CARTESIAN_POINT('',(31.225,1.25,1.55));
#5074 = VECTOR('',#5075,1.);
#5075 = DIRECTION('',(0.,1.,0.));
#5076 = ORIENTED_EDGE('',*,*,#5077,.F.);
#5077 = EDGE_CURVE('',#5078,#5070,#5080,.T.);
#5078 = VERTEX_POINT('',#5079);
#5079 = CARTESIAN_POINT('',(31.225,2.75,1.51));
#5080 = LINE('',#5081,#5082);
#5081 = CARTESIAN_POINT('',(31.225,2.75,1.51));
#5082 = VECTOR('',#5083,1.);
#5083 = DIRECTION('',(0.,0.,1.));
#5084 = ORIENTED_EDGE('',*,*,#5085,.F.);
#5085 = EDGE_CURVE('',#5060,#5078,#5086,.T.);
#5086 = LINE('',#5087,#5088);
#5087 = CARTESIAN_POINT('',(31.225,1.25,1.51));
#5088 = VECTOR('',#5089,1.);
#5089 = DIRECTION('',(0.,1.,0.));
#5090 = PLANE('',#5091);
#5091 = AXIS2_PLACEMENT_3D('',#5092,#5093,#5094);
#5092 = CARTESIAN_POINT('',(31.225,1.25,1.51));
#5093 = DIRECTION('',(-1.,0.,0.));
#5094 = DIRECTION('',(0.,1.,0.));
#5095 = ADVANCED_FACE('',(#5096),#5121,.T.);
#5096 = FACE_BOUND('',#5097,.T.);
#5097 = EDGE_LOOP('',(#5098,#5099,#5107,#5115));
#5098 = ORIENTED_EDGE('',*,*,#5077,.T.);
#5099 = ORIENTED_EDGE('',*,*,#5100,.T.);
#5100 = EDGE_CURVE('',#5070,#5101,#5103,.T.);
#5101 = VERTEX_POINT('',#5102);
#5102 = CARTESIAN_POINT('',(32.725,2.75,1.55));
#5103 = LINE('',#5104,#5105);
#5104 = CARTESIAN_POINT('',(31.225,2.75,1.55));
#5105 = VECTOR('',#5106,1.);
#5106 = DIRECTION('',(1.,0.,0.));
#5107 = ORIENTED_EDGE('',*,*,#5108,.F.);
#5108 = EDGE_CURVE('',#5109,#5101,#5111,.T.);
#5109 = VERTEX_POINT('',#5110);
#5110 = CARTESIAN_POINT('',(32.725,2.75,1.51));
#5111 = LINE('',#5112,#5113);
#5112 = CARTESIAN_POINT('',(32.725,2.75,1.51));
#5113 = VECTOR('',#5114,1.);
#5114 = DIRECTION('',(0.,0.,1.));
#5115 = ORIENTED_EDGE('',*,*,#5116,.F.);
#5116 = EDGE_CURVE('',#5078,#5109,#5117,.T.);
#5117 = LINE('',#5118,#5119);
#5118 = CARTESIAN_POINT('',(31.225,2.75,1.51));
#5119 = VECTOR('',#5120,1.);
#5120 = DIRECTION('',(1.,0.,0.));
#5121 = PLANE('',#5122);
#5122 = AXIS2_PLACEMENT_3D('',#5123,#5124,#5125);
#5123 = CARTESIAN_POINT('',(31.225,2.75,1.51));
#5124 = DIRECTION('',(0.,1.,0.));
#5125 = DIRECTION('',(1.,0.,0.));
#5126 = ADVANCED_FACE('',(#5127),#5152,.T.);
#5127 = FACE_BOUND('',#5128,.T.);
#5128 = EDGE_LOOP('',(#5129,#5130,#5138,#5146));
#5129 = ORIENTED_EDGE('',*,*,#5108,.T.);
#5130 = ORIENTED_EDGE('',*,*,#5131,.T.);
#5131 = EDGE_CURVE('',#5101,#5132,#5134,.T.);
#5132 = VERTEX_POINT('',#5133);
#5133 = CARTESIAN_POINT('',(32.725,1.25,1.55));
#5134 = LINE('',#5135,#5136);
#5135 = CARTESIAN_POINT('',(32.725,2.75,1.55));
#5136 = VECTOR('',#5137,1.);
#5137 = DIRECTION('',(0.,-1.,0.));
#5138 = ORIENTED_EDGE('',*,*,#5139,.F.);
#5139 = EDGE_CURVE('',#5140,#5132,#5142,.T.);
#5140 = VERTEX_POINT('',#5141);
#5141 = CARTESIAN_POINT('',(32.725,1.25,1.51));
#5142 = LINE('',#5143,#5144);
#5143 = CARTESIAN_POINT('',(32.725,1.25,1.51));
#5144 = VECTOR('',#5145,1.);
#5145 = DIRECTION('',(0.,0.,1.));
#5146 = ORIENTED_EDGE('',*,*,#5147,.F.);
#5147 = EDGE_CURVE('',#5109,#5140,#5148,.T.);
#5148 = LINE('',#5149,#5150);
#5149 = CARTESIAN_POINT('',(32.725,2.75,1.51));
#5150 = VECTOR('',#5151,1.);
#5151 = DIRECTION('',(0.,-1.,0.));
#5152 = PLANE('',#5153);
#5153 = AXIS2_PLACEMENT_3D('',#5154,#5155,#5156);
#5154 = CARTESIAN_POINT('',(32.725,2.75,1.51));
#5155 = DIRECTION('',(1.,0.,-0.));
#5156 = DIRECTION('',(0.,-1.,0.));
#5157 = ADVANCED_FACE('',(#5158),#5174,.T.);
#5158 = FACE_BOUND('',#5159,.T.);
#5159 = EDGE_LOOP('',(#5160,#5161,#5167,#5168));
#5160 = ORIENTED_EDGE('',*,*,#5139,.T.);
#5161 = ORIENTED_EDGE('',*,*,#5162,.T.);
#5162 = EDGE_CURVE('',#5132,#5062,#5163,.T.);
#5163 = LINE('',#5164,#5165);
#5164 = CARTESIAN_POINT('',(32.725,1.25,1.55));
#5165 = VECTOR('',#5166,1.);
#5166 = DIRECTION('',(-1.,0.,0.));
#5167 = ORIENTED_EDGE('',*,*,#5059,.F.);
#5168 = ORIENTED_EDGE('',*,*,#5169,.F.);
#5169 = EDGE_CURVE('',#5140,#5060,#5170,.T.);
#5170 = LINE('',#5171,#5172);
#5171 = CARTESIAN_POINT('',(32.725,1.25,1.51));
#5172 = VECTOR('',#5173,1.);
#5173 = DIRECTION('',(-1.,0.,0.));
#5174 = PLANE('',#5175);
#5175 = AXIS2_PLACEMENT_3D('',#5176,#5177,#5178);
#5176 = CARTESIAN_POINT('',(32.725,1.25,1.51));
#5177 = DIRECTION('',(0.,-1.,0.));
#5178 = DIRECTION('',(-1.,0.,0.));
#5179 = ADVANCED_FACE('',(#5180),#5186,.F.);
#5180 = FACE_BOUND('',#5181,.T.);
#5181 = EDGE_LOOP('',(#5182,#5183,#5184,#5185));
#5182 = ORIENTED_EDGE('',*,*,#5085,.T.);
#5183 = ORIENTED_EDGE('',*,*,#5116,.T.);
#5184 = ORIENTED_EDGE('',*,*,#5147,.T.);
#5185 = ORIENTED_EDGE('',*,*,#5169,.T.);
#5186 = PLANE('',#5187);
#5187 = AXIS2_PLACEMENT_3D('',#5188,#5189,#5190);
#5188 = CARTESIAN_POINT('',(0.,0.,1.51));
#5189 = DIRECTION('',(0.,0.,1.));
#5190 = DIRECTION('',(1.,0.,-0.));
#5191 = ADVANCED_FACE('',(#5192),#5198,.T.);
#5192 = FACE_BOUND('',#5193,.F.);
#5193 = EDGE_LOOP('',(#5194,#5195,#5196,#5197));
#5194 = ORIENTED_EDGE('',*,*,#5069,.T.);
#5195 = ORIENTED_EDGE('',*,*,#5100,.T.);
#5196 = ORIENTED_EDGE('',*,*,#5131,.T.);
#5197 = ORIENTED_EDGE('',*,*,#5162,.T.);
#5198 = PLANE('',#5199);
#5199 = AXIS2_PLACEMENT_3D('',#5200,#5201,#5202);
#5200 = CARTESIAN_POINT('',(0.,0.,1.55));
#5201 = DIRECTION('',(0.,0.,1.));
#5202 = DIRECTION('',(1.,0.,-0.));
#5203 = MANIFOLD_SOLID_BREP('',#5204);
#5204 = CLOSED_SHELL('',(#5205,#5238,#5258,#5278));
#5205 = ADVANCED_FACE('',(#5206),#5233,.T.);
#5206 = FACE_BOUND('',#5207,.F.);
#5207 = EDGE_LOOP('',(#5208,#5218,#5225,#5226));
#5208 = ORIENTED_EDGE('',*,*,#5209,.T.);
#5209 = EDGE_CURVE('',#5210,#5212,#5214,.T.);
#5210 = VERTEX_POINT('',#5211);
#5211 = CARTESIAN_POINT('',(27.789875,1.230478,1.51));
#5212 = VERTEX_POINT('',#5213);
#5213 = CARTESIAN_POINT('',(27.789875,1.230478,1.55));
#5214 = LINE('',#5215,#5216);
#5215 = CARTESIAN_POINT('',(27.789875,1.230478,1.51));
#5216 = VECTOR('',#5217,1.);
#5217 = DIRECTION('',(0.,0.,1.));
#5218 = ORIENTED_EDGE('',*,*,#5219,.T.);
#5219 = EDGE_CURVE('',#5212,#5212,#5220,.T.);
#5220 = CIRCLE('',#5221,0.749999);
#5221 = AXIS2_PLACEMENT_3D('',#5222,#5223,#5224);
#5222 = CARTESIAN_POINT('',(27.039876,1.230478,1.55));
#5223 = DIRECTION('',(0.,0.,1.));
#5224 = DIRECTION('',(1.,0.,-0.));
#5225 = ORIENTED_EDGE('',*,*,#5209,.F.);
#5226 = ORIENTED_EDGE('',*,*,#5227,.F.);
#5227 = EDGE_CURVE('',#5210,#5210,#5228,.T.);
#5228 = CIRCLE('',#5229,0.749999);
#5229 = AXIS2_PLACEMENT_3D('',#5230,#5231,#5232);
#5230 = CARTESIAN_POINT('',(27.039876,1.230478,1.51));
#5231 = DIRECTION('',(0.,0.,1.));
#5232 = DIRECTION('',(1.,0.,-0.));
#5233 = CYLINDRICAL_SURFACE('',#5234,0.749999);
#5234 = AXIS2_PLACEMENT_3D('',#5235,#5236,#5237);
#5235 = CARTESIAN_POINT('',(27.039876,1.230478,1.51));
#5236 = DIRECTION('',(-0.,-0.,-1.));
#5237 = DIRECTION('',(1.,0.,-0.));
#5238 = ADVANCED_FACE('',(#5239,#5242),#5253,.F.);
#5239 = FACE_BOUND('',#5240,.F.);
#5240 = EDGE_LOOP('',(#5241));
#5241 = ORIENTED_EDGE('',*,*,#5227,.T.);
#5242 = FACE_BOUND('',#5243,.F.);
#5243 = EDGE_LOOP('',(#5244));
#5244 = ORIENTED_EDGE('',*,*,#5245,.T.);
#5245 = EDGE_CURVE('',#5246,#5246,#5248,.T.);
#5246 = VERTEX_POINT('',#5247);
#5247 = CARTESIAN_POINT('',(27.039876,1.005478,1.51));
#5248 = CIRCLE('',#5249,0.225);
#5249 = AXIS2_PLACEMENT_3D('',#5250,#5251,#5252);
#5250 = CARTESIAN_POINT('',(27.039876,1.230478,1.51));
#5251 = DIRECTION('',(-0.,0.,-1.));
#5252 = DIRECTION('',(-0.,-1.,0.));
#5253 = PLANE('',#5254);
#5254 = AXIS2_PLACEMENT_3D('',#5255,#5256,#5257);
#5255 = CARTESIAN_POINT('',(0.,0.,1.51));
#5256 = DIRECTION('',(0.,0.,1.));
#5257 = DIRECTION('',(1.,0.,-0.));
#5258 = ADVANCED_FACE('',(#5259,#5262),#5273,.T.);
#5259 = FACE_BOUND('',#5260,.T.);
#5260 = EDGE_LOOP('',(#5261));
#5261 = ORIENTED_EDGE('',*,*,#5219,.T.);
#5262 = FACE_BOUND('',#5263,.T.);
#5263 = EDGE_LOOP('',(#5264));
#5264 = ORIENTED_EDGE('',*,*,#5265,.T.);
#5265 = EDGE_CURVE('',#5266,#5266,#5268,.T.);
#5266 = VERTEX_POINT('',#5267);
#5267 = CARTESIAN_POINT('',(27.039876,1.005478,1.55));
#5268 = CIRCLE('',#5269,0.225);
#5269 = AXIS2_PLACEMENT_3D('',#5270,#5271,#5272);
#5270 = CARTESIAN_POINT('',(27.039876,1.230478,1.55));
#5271 = DIRECTION('',(-0.,0.,-1.));
#5272 = DIRECTION('',(-0.,-1.,0.));
#5273 = PLANE('',#5274);
#5274 = AXIS2_PLACEMENT_3D('',#5275,#5276,#5277);
#5275 = CARTESIAN_POINT('',(0.,0.,1.55));
#5276 = DIRECTION('',(0.,0.,1.));
#5277 = DIRECTION('',(1.,0.,-0.));
#5278 = ADVANCED_FACE('',(#5279),#5290,.F.);
#5279 = FACE_BOUND('',#5280,.T.);
#5280 = EDGE_LOOP('',(#5281,#5282,#5288,#5289));
#5281 = ORIENTED_EDGE('',*,*,#5245,.T.);
#5282 = ORIENTED_EDGE('',*,*,#5283,.T.);
#5283 = EDGE_CURVE('',#5246,#5266,#5284,.T.);
#5284 = LINE('',#5285,#5286);
#5285 = CARTESIAN_POINT('',(27.039876,1.005478,-4.6E-02));
#5286 = VECTOR('',#5287,1.);
#5287 = DIRECTION('',(0.,0.,1.));
#5288 = ORIENTED_EDGE('',*,*,#5265,.F.);
#5289 = ORIENTED_EDGE('',*,*,#5283,.F.);
#5290 = CYLINDRICAL_SURFACE('',#5291,0.225);
#5291 = AXIS2_PLACEMENT_3D('',#5292,#5293,#5294);
#5292 = CARTESIAN_POINT('',(27.039876,1.230478,-4.6E-02));
#5293 = DIRECTION('',(-0.,-0.,-1.));
#5294 = DIRECTION('',(-0.,-1.,0.));
#5295 = MANIFOLD_SOLID_BREP('',#5296);
#5296 = CLOSED_SHELL('',(#5297,#5330,#5350,#5370));
#5297 = ADVANCED_FACE('',(#5298),#5325,.T.);
#5298 = FACE_BOUND('',#5299,.T.);
#5299 = EDGE_LOOP('',(#5300,#5310,#5317,#5318));
#5300 = ORIENTED_EDGE('',*,*,#5301,.T.);
#5301 = EDGE_CURVE('',#5302,#5304,#5306,.T.);
#5302 = VERTEX_POINT('',#5303);
#5303 = CARTESIAN_POINT('',(27.789875,1.230478,0.));
#5304 = VERTEX_POINT('',#5305);
#5305 = CARTESIAN_POINT('',(27.789875,1.230478,-4.E-02));
#5306 = LINE('',#5307,#5308);
#5307 = CARTESIAN_POINT('',(27.789875,1.230478,0.));
#5308 = VECTOR('',#5309,1.);
#5309 = DIRECTION('',(0.,0.,-1.));
#5310 = ORIENTED_EDGE('',*,*,#5311,.T.);
#5311 = EDGE_CURVE('',#5304,#5304,#5312,.T.);
#5312 = CIRCLE('',#5313,0.749999);
#5313 = AXIS2_PLACEMENT_3D('',#5314,#5315,#5316);
#5314 = CARTESIAN_POINT('',(27.039876,1.230478,-4.E-02));
#5315 = DIRECTION('',(0.,0.,1.));
#5316 = DIRECTION('',(1.,0.,-0.));
#5317 = ORIENTED_EDGE('',*,*,#5301,.F.);
#5318 = ORIENTED_EDGE('',*,*,#5319,.F.);
#5319 = EDGE_CURVE('',#5302,#5302,#5320,.T.);
#5320 = CIRCLE('',#5321,0.749999);
#5321 = AXIS2_PLACEMENT_3D('',#5322,#5323,#5324);
#5322 = CARTESIAN_POINT('',(27.039876,1.230478,0.));
#5323 = DIRECTION('',(0.,0.,1.));
#5324 = DIRECTION('',(1.,0.,-0.));
#5325 = CYLINDRICAL_SURFACE('',#5326,0.749999);
#5326 = AXIS2_PLACEMENT_3D('',#5327,#5328,#5329);
#5327 = CARTESIAN_POINT('',(27.039876,1.230478,0.));
#5328 = DIRECTION('',(0.,0.,1.));
#5329 = DIRECTION('',(1.,0.,-0.));
#5330 = ADVANCED_FACE('',(#5331,#5334),#5345,.F.);
#5331 = FACE_BOUND('',#5332,.F.);
#5332 = EDGE_LOOP('',(#5333));
#5333 = ORIENTED_EDGE('',*,*,#5319,.F.);
#5334 = FACE_BOUND('',#5335,.F.);
#5335 = EDGE_LOOP('',(#5336));
#5336 = ORIENTED_EDGE('',*,*,#5337,.F.);
#5337 = EDGE_CURVE('',#5338,#5338,#5340,.T.);
#5338 = VERTEX_POINT('',#5339);
#5339 = CARTESIAN_POINT('',(27.039876,1.005478,0.));
#5340 = CIRCLE('',#5341,0.225);
#5341 = AXIS2_PLACEMENT_3D('',#5342,#5343,#5344);
#5342 = CARTESIAN_POINT('',(27.039876,1.230478,0.));
#5343 = DIRECTION('',(-0.,0.,-1.));
#5344 = DIRECTION('',(-0.,-1.,0.));
#5345 = PLANE('',#5346);
#5346 = AXIS2_PLACEMENT_3D('',#5347,#5348,#5349);
#5347 = CARTESIAN_POINT('',(0.,0.,0.));
#5348 = DIRECTION('',(-0.,-0.,-1.));
#5349 = DIRECTION('',(-1.,0.,0.));
#5350 = ADVANCED_FACE('',(#5351,#5354),#5365,.T.);
#5351 = FACE_BOUND('',#5352,.T.);
#5352 = EDGE_LOOP('',(#5353));
#5353 = ORIENTED_EDGE('',*,*,#5311,.F.);
#5354 = FACE_BOUND('',#5355,.T.);
#5355 = EDGE_LOOP('',(#5356));
#5356 = ORIENTED_EDGE('',*,*,#5357,.F.);
#5357 = EDGE_CURVE('',#5358,#5358,#5360,.T.);
#5358 = VERTEX_POINT('',#5359);
#5359 = CARTESIAN_POINT('',(27.039876,1.005478,-4.E-02));
#5360 = CIRCLE('',#5361,0.225);
#5361 = AXIS2_PLACEMENT_3D('',#5362,#5363,#5364);
#5362 = CARTESIAN_POINT('',(27.039876,1.230478,-4.E-02));
#5363 = DIRECTION('',(-0.,0.,-1.));
#5364 = DIRECTION('',(-0.,-1.,0.));
#5365 = PLANE('',#5366);
#5366 = AXIS2_PLACEMENT_3D('',#5367,#5368,#5369);
#5367 = CARTESIAN_POINT('',(0.,0.,-4.E-02));
#5368 = DIRECTION('',(-0.,-0.,-1.));
#5369 = DIRECTION('',(-1.,0.,0.));
#5370 = ADVANCED_FACE('',(#5371),#5382,.F.);
#5371 = FACE_BOUND('',#5372,.T.);
#5372 = EDGE_LOOP('',(#5373,#5374,#5380,#5381));
#5373 = ORIENTED_EDGE('',*,*,#5357,.T.);
#5374 = ORIENTED_EDGE('',*,*,#5375,.T.);
#5375 = EDGE_CURVE('',#5358,#5338,#5376,.T.);
#5376 = LINE('',#5377,#5378);
#5377 = CARTESIAN_POINT('',(27.039876,1.005478,-4.6E-02));
#5378 = VECTOR('',#5379,1.);
#5379 = DIRECTION('',(0.,0.,1.));
#5380 = ORIENTED_EDGE('',*,*,#5337,.F.);
#5381 = ORIENTED_EDGE('',*,*,#5375,.F.);
#5382 = CYLINDRICAL_SURFACE('',#5383,0.225);
#5383 = AXIS2_PLACEMENT_3D('',#5384,#5385,#5386);
#5384 = CARTESIAN_POINT('',(27.039876,1.230478,-4.6E-02));
#5385 = DIRECTION('',(-0.,-0.,-1.));
#5386 = DIRECTION('',(-0.,-1.,0.));
#5387 = MANIFOLD_SOLID_BREP('',#5388);
#5388 = CLOSED_SHELL('',(#5389,#5422,#5442,#5462));
#5389 = ADVANCED_FACE('',(#5390),#5417,.T.);
#5390 = FACE_BOUND('',#5391,.F.);
#5391 = EDGE_LOOP('',(#5392,#5402,#5409,#5410));
#5392 = ORIENTED_EDGE('',*,*,#5393,.T.);
#5393 = EDGE_CURVE('',#5394,#5396,#5398,.T.);
#5394 = VERTEX_POINT('',#5395);
#5395 = CARTESIAN_POINT('',(27.039876,0.980478,-4.E-02));
#5396 = VERTEX_POINT('',#5397);
#5397 = CARTESIAN_POINT('',(27.039876,0.980478,1.55));
#5398 = LINE('',#5399,#5400);
#5399 = CARTESIAN_POINT('',(27.039876,0.980478,-4.E-02));
#5400 = VECTOR('',#5401,1.);
#5401 = DIRECTION('',(0.,0.,1.));
#5402 = ORIENTED_EDGE('',*,*,#5403,.T.);
#5403 = EDGE_CURVE('',#5396,#5396,#5404,.T.);
#5404 = CIRCLE('',#5405,0.25);
#5405 = AXIS2_PLACEMENT_3D('',#5406,#5407,#5408);
#5406 = CARTESIAN_POINT('',(27.039876,1.230478,1.55));
#5407 = DIRECTION('',(0.,0.,1.));
#5408 = DIRECTION('',(-0.,-1.,0.));
#5409 = ORIENTED_EDGE('',*,*,#5393,.F.);
#5410 = ORIENTED_EDGE('',*,*,#5411,.F.);
#5411 = EDGE_CURVE('',#5394,#5394,#5412,.T.);
#5412 = CIRCLE('',#5413,0.25);
#5413 = AXIS2_PLACEMENT_3D('',#5414,#5415,#5416);
#5414 = CARTESIAN_POINT('',(27.039876,1.230478,-4.E-02));
#5415 = DIRECTION('',(0.,0.,1.));
#5416 = DIRECTION('',(-0.,-1.,0.));
#5417 = CYLINDRICAL_SURFACE('',#5418,0.25);
#5418 = AXIS2_PLACEMENT_3D('',#5419,#5420,#5421);
#5419 = CARTESIAN_POINT('',(27.039876,1.230478,-4.E-02));
#5420 = DIRECTION('',(-0.,-0.,-1.));
#5421 = DIRECTION('',(-0.,-1.,0.));
#5422 = ADVANCED_FACE('',(#5423,#5426),#5437,.F.);
#5423 = FACE_BOUND('',#5424,.F.);
#5424 = EDGE_LOOP('',(#5425));
#5425 = ORIENTED_EDGE('',*,*,#5411,.T.);
#5426 = FACE_BOUND('',#5427,.F.);
#5427 = EDGE_LOOP('',(#5428));
#5428 = ORIENTED_EDGE('',*,*,#5429,.T.);
#5429 = EDGE_CURVE('',#5430,#5430,#5432,.T.);
#5430 = VERTEX_POINT('',#5431);
#5431 = CARTESIAN_POINT('',(27.039876,1.005478,-4.E-02));
#5432 = CIRCLE('',#5433,0.225);
#5433 = AXIS2_PLACEMENT_3D('',#5434,#5435,#5436);
#5434 = CARTESIAN_POINT('',(27.039876,1.230478,-4.E-02));
#5435 = DIRECTION('',(-0.,0.,-1.));
#5436 = DIRECTION('',(-0.,-1.,0.));
#5437 = PLANE('',#5438);
#5438 = AXIS2_PLACEMENT_3D('',#5439,#5440,#5441);
#5439 = CARTESIAN_POINT('',(27.039876,0.980478,-4.E-02));
#5440 = DIRECTION('',(0.,0.,1.));
#5441 = DIRECTION('',(1.,0.,-0.));
#5442 = ADVANCED_FACE('',(#5443,#5446),#5457,.T.);
#5443 = FACE_BOUND('',#5444,.T.);
#5444 = EDGE_LOOP('',(#5445));
#5445 = ORIENTED_EDGE('',*,*,#5403,.T.);
#5446 = FACE_BOUND('',#5447,.T.);
#5447 = EDGE_LOOP('',(#5448));
#5448 = ORIENTED_EDGE('',*,*,#5449,.T.);
#5449 = EDGE_CURVE('',#5450,#5450,#5452,.T.);
#5450 = VERTEX_POINT('',#5451);
#5451 = CARTESIAN_POINT('',(27.039876,1.005478,1.55));
#5452 = CIRCLE('',#5453,0.225);
#5453 = AXIS2_PLACEMENT_3D('',#5454,#5455,#5456);
#5454 = CARTESIAN_POINT('',(27.039876,1.230478,1.55));
#5455 = DIRECTION('',(-0.,0.,-1.));
#5456 = DIRECTION('',(-0.,-1.,0.));
#5457 = PLANE('',#5458);
#5458 = AXIS2_PLACEMENT_3D('',#5459,#5460,#5461);
#5459 = CARTESIAN_POINT('',(27.039876,0.980478,1.55));
#5460 = DIRECTION('',(0.,0.,1.));
#5461 = DIRECTION('',(1.,0.,-0.));
#5462 = ADVANCED_FACE('',(#5463),#5474,.F.);
#5463 = FACE_BOUND('',#5464,.T.);
#5464 = EDGE_LOOP('',(#5465,#5466,#5472,#5473));
#5465 = ORIENTED_EDGE('',*,*,#5429,.T.);
#5466 = ORIENTED_EDGE('',*,*,#5467,.T.);
#5467 = EDGE_CURVE('',#5430,#5450,#5468,.T.);
#5468 = LINE('',#5469,#5470);
#5469 = CARTESIAN_POINT('',(27.039876,1.005478,-4.6E-02));
#5470 = VECTOR('',#5471,1.);
#5471 = DIRECTION('',(0.,0.,1.));
#5472 = ORIENTED_EDGE('',*,*,#5449,.F.);
#5473 = ORIENTED_EDGE('',*,*,#5467,.F.);
#5474 = CYLINDRICAL_SURFACE('',#5475,0.225);
#5475 = AXIS2_PLACEMENT_3D('',#5476,#5477,#5478);
#5476 = CARTESIAN_POINT('',(27.039876,1.230478,-4.6E-02));
#5477 = DIRECTION('',(-0.,-0.,-1.));
#5478 = DIRECTION('',(-0.,-1.,0.));
#5479 = MANIFOLD_SOLID_BREP('',#5480);
#5480 = CLOSED_SHELL('',(#5481,#5521,#5552,#5583,#5605,#5617));
#5481 = ADVANCED_FACE('',(#5482),#5516,.T.);
#5482 = FACE_BOUND('',#5483,.T.);
#5483 = EDGE_LOOP('',(#5484,#5494,#5502,#5510));
#5484 = ORIENTED_EDGE('',*,*,#5485,.T.);
#5485 = EDGE_CURVE('',#5486,#5488,#5490,.T.);
#5486 = VERTEX_POINT('',#5487);
#5487 = CARTESIAN_POINT('',(31.225,-2.75,1.51));
#5488 = VERTEX_POINT('',#5489);
#5489 = CARTESIAN_POINT('',(31.225,-2.75,1.55));
#5490 = LINE('',#5491,#5492);
#5491 = CARTESIAN_POINT('',(31.225,-2.75,1.51));
#5492 = VECTOR('',#5493,1.);
#5493 = DIRECTION('',(0.,0.,1.));
#5494 = ORIENTED_EDGE('',*,*,#5495,.T.);
#5495 = EDGE_CURVE('',#5488,#5496,#5498,.T.);
#5496 = VERTEX_POINT('',#5497);
#5497 = CARTESIAN_POINT('',(31.225,-1.25,1.55));
#5498 = LINE('',#5499,#5500);
#5499 = CARTESIAN_POINT('',(31.225,-2.75,1.55));
#5500 = VECTOR('',#5501,1.);
#5501 = DIRECTION('',(0.,1.,0.));
#5502 = ORIENTED_EDGE('',*,*,#5503,.F.);
#5503 = EDGE_CURVE('',#5504,#5496,#5506,.T.);
#5504 = VERTEX_POINT('',#5505);
#5505 = CARTESIAN_POINT('',(31.225,-1.25,1.51));
#5506 = LINE('',#5507,#5508);
#5507 = CARTESIAN_POINT('',(31.225,-1.25,1.51));
#5508 = VECTOR('',#5509,1.);
#5509 = DIRECTION('',(0.,0.,1.));
#5510 = ORIENTED_EDGE('',*,*,#5511,.F.);
#5511 = EDGE_CURVE('',#5486,#5504,#5512,.T.);
#5512 = LINE('',#5513,#5514);
#5513 = CARTESIAN_POINT('',(31.225,-2.75,1.51));
#5514 = VECTOR('',#5515,1.);
#5515 = DIRECTION('',(0.,1.,0.));
#5516 = PLANE('',#5517);
#5517 = AXIS2_PLACEMENT_3D('',#5518,#5519,#5520);
#5518 = CARTESIAN_POINT('',(31.225,-2.75,1.51));
#5519 = DIRECTION('',(-1.,0.,0.));
#5520 = DIRECTION('',(0.,1.,0.));
#5521 = ADVANCED_FACE('',(#5522),#5547,.T.);
#5522 = FACE_BOUND('',#5523,.T.);
#5523 = EDGE_LOOP('',(#5524,#5525,#5533,#5541));
#5524 = ORIENTED_EDGE('',*,*,#5503,.T.);
#5525 = ORIENTED_EDGE('',*,*,#5526,.T.);
#5526 = EDGE_CURVE('',#5496,#5527,#5529,.T.);
#5527 = VERTEX_POINT('',#5528);
#5528 = CARTESIAN_POINT('',(32.725,-1.25,1.55));
#5529 = LINE('',#5530,#5531);
#5530 = CARTESIAN_POINT('',(31.225,-1.25,1.55));
#5531 = VECTOR('',#5532,1.);
#5532 = DIRECTION('',(1.,0.,0.));
#5533 = ORIENTED_EDGE('',*,*,#5534,.F.);
#5534 = EDGE_CURVE('',#5535,#5527,#5537,.T.);
#5535 = VERTEX_POINT('',#5536);
#5536 = CARTESIAN_POINT('',(32.725,-1.25,1.51));
#5537 = LINE('',#5538,#5539);
#5538 = CARTESIAN_POINT('',(32.725,-1.25,1.51));
#5539 = VECTOR('',#5540,1.);
#5540 = DIRECTION('',(0.,0.,1.));
#5541 = ORIENTED_EDGE('',*,*,#5542,.F.);
#5542 = EDGE_CURVE('',#5504,#5535,#5543,.T.);
#5543 = LINE('',#5544,#5545);
#5544 = CARTESIAN_POINT('',(31.225,-1.25,1.51));
#5545 = VECTOR('',#5546,1.);
#5546 = DIRECTION('',(1.,0.,0.));
#5547 = PLANE('',#5548);
#5548 = AXIS2_PLACEMENT_3D('',#5549,#5550,#5551);
#5549 = CARTESIAN_POINT('',(31.225,-1.25,1.51));
#5550 = DIRECTION('',(0.,1.,0.));
#5551 = DIRECTION('',(1.,0.,0.));
#5552 = ADVANCED_FACE('',(#5553),#5578,.T.);
#5553 = FACE_BOUND('',#5554,.T.);
#5554 = EDGE_LOOP('',(#5555,#5556,#5564,#5572));
#5555 = ORIENTED_EDGE('',*,*,#5534,.T.);
#5556 = ORIENTED_EDGE('',*,*,#5557,.T.);
#5557 = EDGE_CURVE('',#5527,#5558,#5560,.T.);
#5558 = VERTEX_POINT('',#5559);
#5559 = CARTESIAN_POINT('',(32.725,-2.75,1.55));
#5560 = LINE('',#5561,#5562);
#5561 = CARTESIAN_POINT('',(32.725,-1.25,1.55));
#5562 = VECTOR('',#5563,1.);
#5563 = DIRECTION('',(0.,-1.,0.));
#5564 = ORIENTED_EDGE('',*,*,#5565,.F.);
#5565 = EDGE_CURVE('',#5566,#5558,#5568,.T.);
#5566 = VERTEX_POINT('',#5567);
#5567 = CARTESIAN_POINT('',(32.725,-2.75,1.51));
#5568 = LINE('',#5569,#5570);
#5569 = CARTESIAN_POINT('',(32.725,-2.75,1.51));
#5570 = VECTOR('',#5571,1.);
#5571 = DIRECTION('',(0.,0.,1.));
#5572 = ORIENTED_EDGE('',*,*,#5573,.F.);
#5573 = EDGE_CURVE('',#5535,#5566,#5574,.T.);
#5574 = LINE('',#5575,#5576);
#5575 = CARTESIAN_POINT('',(32.725,-1.25,1.51));
#5576 = VECTOR('',#5577,1.);
#5577 = DIRECTION('',(0.,-1.,0.));
#5578 = PLANE('',#5579);
#5579 = AXIS2_PLACEMENT_3D('',#5580,#5581,#5582);
#5580 = CARTESIAN_POINT('',(32.725,-1.25,1.51));
#5581 = DIRECTION('',(1.,0.,-0.));
#5582 = DIRECTION('',(0.,-1.,0.));
#5583 = ADVANCED_FACE('',(#5584),#5600,.T.);
#5584 = FACE_BOUND('',#5585,.T.);
#5585 = EDGE_LOOP('',(#5586,#5587,#5593,#5594));
#5586 = ORIENTED_EDGE('',*,*,#5565,.T.);
#5587 = ORIENTED_EDGE('',*,*,#5588,.T.);
#5588 = EDGE_CURVE('',#5558,#5488,#5589,.T.);
#5589 = LINE('',#5590,#5591);
#5590 = CARTESIAN_POINT('',(32.725,-2.75,1.55));
#5591 = VECTOR('',#5592,1.);
#5592 = DIRECTION('',(-1.,0.,0.));
#5593 = ORIENTED_EDGE('',*,*,#5485,.F.);
#5594 = ORIENTED_EDGE('',*,*,#5595,.F.);
#5595 = EDGE_CURVE('',#5566,#5486,#5596,.T.);
#5596 = LINE('',#5597,#5598);
#5597 = CARTESIAN_POINT('',(32.725,-2.75,1.51));
#5598 = VECTOR('',#5599,1.);
#5599 = DIRECTION('',(-1.,0.,0.));
#5600 = PLANE('',#5601);
#5601 = AXIS2_PLACEMENT_3D('',#5602,#5603,#5604);
#5602 = CARTESIAN_POINT('',(32.725,-2.75,1.51));
#5603 = DIRECTION('',(0.,-1.,0.));
#5604 = DIRECTION('',(-1.,0.,0.));
#5605 = ADVANCED_FACE('',(#5606),#5612,.F.);
#5606 = FACE_BOUND('',#5607,.T.);
#5607 = EDGE_LOOP('',(#5608,#5609,#5610,#5611));
#5608 = ORIENTED_EDGE('',*,*,#5511,.T.);
#5609 = ORIENTED_EDGE('',*,*,#5542,.T.);
#5610 = ORIENTED_EDGE('',*,*,#5573,.T.);
#5611 = ORIENTED_EDGE('',*,*,#5595,.T.);
#5612 = PLANE('',#5613);
#5613 = AXIS2_PLACEMENT_3D('',#5614,#5615,#5616);
#5614 = CARTESIAN_POINT('',(0.,0.,1.51));
#5615 = DIRECTION('',(0.,0.,1.));
#5616 = DIRECTION('',(1.,0.,-0.));
#5617 = ADVANCED_FACE('',(#5618),#5624,.T.);
#5618 = FACE_BOUND('',#5619,.F.);
#5619 = EDGE_LOOP('',(#5620,#5621,#5622,#5623));
#5620 = ORIENTED_EDGE('',*,*,#5495,.T.);
#5621 = ORIENTED_EDGE('',*,*,#5526,.T.);
#5622 = ORIENTED_EDGE('',*,*,#5557,.T.);
#5623 = ORIENTED_EDGE('',*,*,#5588,.T.);
#5624 = PLANE('',#5625);
#5625 = AXIS2_PLACEMENT_3D('',#5626,#5627,#5628);
#5626 = CARTESIAN_POINT('',(0.,0.,1.55));
#5627 = DIRECTION('',(0.,0.,1.));
#5628 = DIRECTION('',(1.,0.,-0.));
#5629 = MANIFOLD_SOLID_BREP('',#5630);
#5630 = CLOSED_SHELL('',(#5631,#5664,#5684,#5704));
#5631 = ADVANCED_FACE('',(#5632),#5659,.T.);
#5632 = FACE_BOUND('',#5633,.F.);
#5633 = EDGE_LOOP('',(#5634,#5644,#5651,#5652));
#5634 = ORIENTED_EDGE('',*,*,#5635,.T.);
#5635 = EDGE_CURVE('',#5636,#5638,#5640,.T.);
#5636 = VERTEX_POINT('',#5637);
#5637 = CARTESIAN_POINT('',(8.924998,1.27542,1.51));
#5638 = VERTEX_POINT('',#5639);
#5639 = CARTESIAN_POINT('',(8.924998,1.27542,1.55));
#5640 = LINE('',#5641,#5642);
#5641 = CARTESIAN_POINT('',(8.924998,1.27542,1.51));
#5642 = VECTOR('',#5643,1.);
#5643 = DIRECTION('',(0.,0.,1.));
#5644 = ORIENTED_EDGE('',*,*,#5645,.T.);
#5645 = EDGE_CURVE('',#5638,#5638,#5646,.T.);
#5646 = CIRCLE('',#5647,0.749999);
#5647 = AXIS2_PLACEMENT_3D('',#5648,#5649,#5650);
#5648 = CARTESIAN_POINT('',(8.174999,1.27542,1.55));
#5649 = DIRECTION('',(0.,0.,1.));
#5650 = DIRECTION('',(1.,0.,-0.));
#5651 = ORIENTED_EDGE('',*,*,#5635,.F.);
#5652 = ORIENTED_EDGE('',*,*,#5653,.F.);
#5653 = EDGE_CURVE('',#5636,#5636,#5654,.T.);
#5654 = CIRCLE('',#5655,0.749999);
#5655 = AXIS2_PLACEMENT_3D('',#5656,#5657,#5658);
#5656 = CARTESIAN_POINT('',(8.174999,1.27542,1.51));
#5657 = DIRECTION('',(0.,0.,1.));
#5658 = DIRECTION('',(1.,0.,-0.));
#5659 = CYLINDRICAL_SURFACE('',#5660,0.749999);
#5660 = AXIS2_PLACEMENT_3D('',#5661,#5662,#5663);
#5661 = CARTESIAN_POINT('',(8.174999,1.27542,1.51));
#5662 = DIRECTION('',(-0.,-0.,-1.));
#5663 = DIRECTION('',(1.,0.,-0.));
#5664 = ADVANCED_FACE('',(#5665,#5668),#5679,.F.);
#5665 = FACE_BOUND('',#5666,.F.);
#5666 = EDGE_LOOP('',(#5667));
#5667 = ORIENTED_EDGE('',*,*,#5653,.T.);
#5668 = FACE_BOUND('',#5669,.F.);
#5669 = EDGE_LOOP('',(#5670));
#5670 = ORIENTED_EDGE('',*,*,#5671,.T.);
#5671 = EDGE_CURVE('',#5672,#5672,#5674,.T.);
#5672 = VERTEX_POINT('',#5673);
#5673 = CARTESIAN_POINT('',(8.174999,1.05042,1.51));
#5674 = CIRCLE('',#5675,0.225);
#5675 = AXIS2_PLACEMENT_3D('',#5676,#5677,#5678);
#5676 = CARTESIAN_POINT('',(8.174999,1.27542,1.51));
#5677 = DIRECTION('',(-0.,0.,-1.));
#5678 = DIRECTION('',(-0.,-1.,0.));
#5679 = PLANE('',#5680);
#5680 = AXIS2_PLACEMENT_3D('',#5681,#5682,#5683);
#5681 = CARTESIAN_POINT('',(0.,0.,1.51));
#5682 = DIRECTION('',(0.,0.,1.));
#5683 = DIRECTION('',(1.,0.,-0.));
#5684 = ADVANCED_FACE('',(#5685,#5688),#5699,.T.);
#5685 = FACE_BOUND('',#5686,.T.);
#5686 = EDGE_LOOP('',(#5687));
#5687 = ORIENTED_EDGE('',*,*,#5645,.T.);
#5688 = FACE_BOUND('',#5689,.T.);
#5689 = EDGE_LOOP('',(#5690));
#5690 = ORIENTED_EDGE('',*,*,#5691,.T.);
#5691 = EDGE_CURVE('',#5692,#5692,#5694,.T.);
#5692 = VERTEX_POINT('',#5693);
#5693 = CARTESIAN_POINT('',(8.174999,1.05042,1.55));
#5694 = CIRCLE('',#5695,0.225);
#5695 = AXIS2_PLACEMENT_3D('',#5696,#5697,#5698);
#5696 = CARTESIAN_POINT('',(8.174999,1.27542,1.55));
#5697 = DIRECTION('',(-0.,0.,-1.));
#5698 = DIRECTION('',(-0.,-1.,0.));
#5699 = PLANE('',#5700);
#5700 = AXIS2_PLACEMENT_3D('',#5701,#5702,#5703);
#5701 = CARTESIAN_POINT('',(0.,0.,1.55));
#5702 = DIRECTION('',(0.,0.,1.));
#5703 = DIRECTION('',(1.,0.,-0.));
#5704 = ADVANCED_FACE('',(#5705),#5716,.F.);
#5705 = FACE_BOUND('',#5706,.T.);
#5706 = EDGE_LOOP('',(#5707,#5708,#5714,#5715));
#5707 = ORIENTED_EDGE('',*,*,#5671,.T.);
#5708 = ORIENTED_EDGE('',*,*,#5709,.T.);
#5709 = EDGE_CURVE('',#5672,#5692,#5710,.T.);
#5710 = LINE('',#5711,#5712);
#5711 = CARTESIAN_POINT('',(8.174999,1.05042,-4.6E-02));
#5712 = VECTOR('',#5713,1.);
#5713 = DIRECTION('',(0.,0.,1.));
#5714 = ORIENTED_EDGE('',*,*,#5691,.F.);
#5715 = ORIENTED_EDGE('',*,*,#5709,.F.);
#5716 = CYLINDRICAL_SURFACE('',#5717,0.225);
#5717 = AXIS2_PLACEMENT_3D('',#5718,#5719,#5720);
#5718 = CARTESIAN_POINT('',(8.174999,1.27542,-4.6E-02));
#5719 = DIRECTION('',(-0.,-0.,-1.));
#5720 = DIRECTION('',(-0.,-1.,0.));
#5721 = MANIFOLD_SOLID_BREP('',#5722);
#5722 = CLOSED_SHELL('',(#5723,#5756,#5776,#5796));
#5723 = ADVANCED_FACE('',(#5724),#5751,.T.);
#5724 = FACE_BOUND('',#5725,.T.);
#5725 = EDGE_LOOP('',(#5726,#5736,#5743,#5744));
#5726 = ORIENTED_EDGE('',*,*,#5727,.T.);
#5727 = EDGE_CURVE('',#5728,#5730,#5732,.T.);
#5728 = VERTEX_POINT('',#5729);
#5729 = CARTESIAN_POINT('',(8.924998,1.27542,0.));
#5730 = VERTEX_POINT('',#5731);
#5731 = CARTESIAN_POINT('',(8.924998,1.27542,-4.E-02));
#5732 = LINE('',#5733,#5734);
#5733 = CARTESIAN_POINT('',(8.924998,1.27542,0.));
#5734 = VECTOR('',#5735,1.);
#5735 = DIRECTION('',(0.,0.,-1.));
#5736 = ORIENTED_EDGE('',*,*,#5737,.T.);
#5737 = EDGE_CURVE('',#5730,#5730,#5738,.T.);
#5738 = CIRCLE('',#5739,0.749999);
#5739 = AXIS2_PLACEMENT_3D('',#5740,#5741,#5742);
#5740 = CARTESIAN_POINT('',(8.174999,1.27542,-4.E-02));
#5741 = DIRECTION('',(0.,0.,1.));
#5742 = DIRECTION('',(1.,0.,-0.));
#5743 = ORIENTED_EDGE('',*,*,#5727,.F.);
#5744 = ORIENTED_EDGE('',*,*,#5745,.F.);
#5745 = EDGE_CURVE('',#5728,#5728,#5746,.T.);
#5746 = CIRCLE('',#5747,0.749999);
#5747 = AXIS2_PLACEMENT_3D('',#5748,#5749,#5750);
#5748 = CARTESIAN_POINT('',(8.174999,1.27542,0.));
#5749 = DIRECTION('',(0.,0.,1.));
#5750 = DIRECTION('',(1.,0.,-0.));
#5751 = CYLINDRICAL_SURFACE('',#5752,0.749999);
#5752 = AXIS2_PLACEMENT_3D('',#5753,#5754,#5755);
#5753 = CARTESIAN_POINT('',(8.174999,1.27542,0.));
#5754 = DIRECTION('',(0.,0.,1.));
#5755 = DIRECTION('',(1.,0.,-0.));
#5756 = ADVANCED_FACE('',(#5757,#5760),#5771,.F.);
#5757 = FACE_BOUND('',#5758,.F.);
#5758 = EDGE_LOOP('',(#5759));
#5759 = ORIENTED_EDGE('',*,*,#5745,.F.);
#5760 = FACE_BOUND('',#5761,.F.);
#5761 = EDGE_LOOP('',(#5762));
#5762 = ORIENTED_EDGE('',*,*,#5763,.F.);
#5763 = EDGE_CURVE('',#5764,#5764,#5766,.T.);
#5764 = VERTEX_POINT('',#5765);
#5765 = CARTESIAN_POINT('',(8.174999,1.05042,0.));
#5766 = CIRCLE('',#5767,0.225);
#5767 = AXIS2_PLACEMENT_3D('',#5768,#5769,#5770);
#5768 = CARTESIAN_POINT('',(8.174999,1.27542,0.));
#5769 = DIRECTION('',(-0.,0.,-1.));
#5770 = DIRECTION('',(-0.,-1.,0.));
#5771 = PLANE('',#5772);
#5772 = AXIS2_PLACEMENT_3D('',#5773,#5774,#5775);
#5773 = CARTESIAN_POINT('',(0.,0.,0.));
#5774 = DIRECTION('',(-0.,-0.,-1.));
#5775 = DIRECTION('',(-1.,0.,0.));
#5776 = ADVANCED_FACE('',(#5777,#5780),#5791,.T.);
#5777 = FACE_BOUND('',#5778,.T.);
#5778 = EDGE_LOOP('',(#5779));
#5779 = ORIENTED_EDGE('',*,*,#5737,.F.);
#5780 = FACE_BOUND('',#5781,.T.);
#5781 = EDGE_LOOP('',(#5782));
#5782 = ORIENTED_EDGE('',*,*,#5783,.F.);
#5783 = EDGE_CURVE('',#5784,#5784,#5786,.T.);
#5784 = VERTEX_POINT('',#5785);
#5785 = CARTESIAN_POINT('',(8.174999,1.05042,-4.E-02));
#5786 = CIRCLE('',#5787,0.225);
#5787 = AXIS2_PLACEMENT_3D('',#5788,#5789,#5790);
#5788 = CARTESIAN_POINT('',(8.174999,1.27542,-4.E-02));
#5789 = DIRECTION('',(-0.,0.,-1.));
#5790 = DIRECTION('',(-0.,-1.,0.));
#5791 = PLANE('',#5792);
#5792 = AXIS2_PLACEMENT_3D('',#5793,#5794,#5795);
#5793 = CARTESIAN_POINT('',(0.,0.,-4.E-02));
#5794 = DIRECTION('',(-0.,-0.,-1.));
#5795 = DIRECTION('',(-1.,0.,0.));
#5796 = ADVANCED_FACE('',(#5797),#5808,.F.);
#5797 = FACE_BOUND('',#5798,.T.);
#5798 = EDGE_LOOP('',(#5799,#5800,#5806,#5807));
#5799 = ORIENTED_EDGE('',*,*,#5783,.T.);
#5800 = ORIENTED_EDGE('',*,*,#5801,.T.);
#5801 = EDGE_CURVE('',#5784,#5764,#5802,.T.);
#5802 = LINE('',#5803,#5804);
#5803 = CARTESIAN_POINT('',(8.174999,1.05042,-4.6E-02));
#5804 = VECTOR('',#5805,1.);
#5805 = DIRECTION('',(0.,0.,1.));
#5806 = ORIENTED_EDGE('',*,*,#5763,.F.);
#5807 = ORIENTED_EDGE('',*,*,#5801,.F.);
#5808 = CYLINDRICAL_SURFACE('',#5809,0.225);
#5809 = AXIS2_PLACEMENT_3D('',#5810,#5811,#5812);
#5810 = CARTESIAN_POINT('',(8.174999,1.27542,-4.6E-02));
#5811 = DIRECTION('',(-0.,-0.,-1.));
#5812 = DIRECTION('',(-0.,-1.,0.));
#5813 = MANIFOLD_SOLID_BREP('',#5814);
#5814 = CLOSED_SHELL('',(#5815,#5848,#5868,#5888));
#5815 = ADVANCED_FACE('',(#5816),#5843,.T.);
#5816 = FACE_BOUND('',#5817,.F.);
#5817 = EDGE_LOOP('',(#5818,#5828,#5835,#5836));
#5818 = ORIENTED_EDGE('',*,*,#5819,.T.);
#5819 = EDGE_CURVE('',#5820,#5822,#5824,.T.);
#5820 = VERTEX_POINT('',#5821);
#5821 = CARTESIAN_POINT('',(8.174999,1.02542,-4.E-02));
#5822 = VERTEX_POINT('',#5823);
#5823 = CARTESIAN_POINT('',(8.174999,1.02542,1.55));
#5824 = LINE('',#5825,#5826);
#5825 = CARTESIAN_POINT('',(8.174999,1.02542,-4.E-02));
#5826 = VECTOR('',#5827,1.);
#5827 = DIRECTION('',(0.,0.,1.));
#5828 = ORIENTED_EDGE('',*,*,#5829,.T.);
#5829 = EDGE_CURVE('',#5822,#5822,#5830,.T.);
#5830 = CIRCLE('',#5831,0.25);
#5831 = AXIS2_PLACEMENT_3D('',#5832,#5833,#5834);
#5832 = CARTESIAN_POINT('',(8.174999,1.27542,1.55));
#5833 = DIRECTION('',(0.,0.,1.));
#5834 = DIRECTION('',(-0.,-1.,0.));
#5835 = ORIENTED_EDGE('',*,*,#5819,.F.);
#5836 = ORIENTED_EDGE('',*,*,#5837,.F.);
#5837 = EDGE_CURVE('',#5820,#5820,#5838,.T.);
#5838 = CIRCLE('',#5839,0.25);
#5839 = AXIS2_PLACEMENT_3D('',#5840,#5841,#5842);
#5840 = CARTESIAN_POINT('',(8.174999,1.27542,-4.E-02));
#5841 = DIRECTION('',(0.,0.,1.));
#5842 = DIRECTION('',(-0.,-1.,0.));
#5843 = CYLINDRICAL_SURFACE('',#5844,0.25);
#5844 = AXIS2_PLACEMENT_3D('',#5845,#5846,#5847);
#5845 = CARTESIAN_POINT('',(8.174999,1.27542,-4.E-02));
#5846 = DIRECTION('',(-0.,-0.,-1.));
#5847 = DIRECTION('',(-0.,-1.,0.));
#5848 = ADVANCED_FACE('',(#5849,#5852),#5863,.F.);
#5849 = FACE_BOUND('',#5850,.F.);
#5850 = EDGE_LOOP('',(#5851));
#5851 = ORIENTED_EDGE('',*,*,#5837,.T.);
#5852 = FACE_BOUND('',#5853,.F.);
#5853 = EDGE_LOOP('',(#5854));
#5854 = ORIENTED_EDGE('',*,*,#5855,.T.);
#5855 = EDGE_CURVE('',#5856,#5856,#5858,.T.);
#5856 = VERTEX_POINT('',#5857);
#5857 = CARTESIAN_POINT('',(8.174999,1.05042,-4.E-02));
#5858 = CIRCLE('',#5859,0.225);
#5859 = AXIS2_PLACEMENT_3D('',#5860,#5861,#5862);
#5860 = CARTESIAN_POINT('',(8.174999,1.27542,-4.E-02));
#5861 = DIRECTION('',(-0.,0.,-1.));
#5862 = DIRECTION('',(-0.,-1.,0.));
#5863 = PLANE('',#5864);
#5864 = AXIS2_PLACEMENT_3D('',#5865,#5866,#5867);
#5865 = CARTESIAN_POINT('',(8.174999,1.02542,-4.E-02));
#5866 = DIRECTION('',(0.,0.,1.));
#5867 = DIRECTION('',(1.,0.,-0.));
#5868 = ADVANCED_FACE('',(#5869,#5872),#5883,.T.);
#5869 = FACE_BOUND('',#5870,.T.);
#5870 = EDGE_LOOP('',(#5871));
#5871 = ORIENTED_EDGE('',*,*,#5829,.T.);
#5872 = FACE_BOUND('',#5873,.T.);
#5873 = EDGE_LOOP('',(#5874));
#5874 = ORIENTED_EDGE('',*,*,#5875,.T.);
#5875 = EDGE_CURVE('',#5876,#5876,#5878,.T.);
#5876 = VERTEX_POINT('',#5877);
#5877 = CARTESIAN_POINT('',(8.174999,1.05042,1.55));
#5878 = CIRCLE('',#5879,0.225);
#5879 = AXIS2_PLACEMENT_3D('',#5880,#5881,#5882);
#5880 = CARTESIAN_POINT('',(8.174999,1.27542,1.55));
#5881 = DIRECTION('',(-0.,0.,-1.));
#5882 = DIRECTION('',(-0.,-1.,0.));
#5883 = PLANE('',#5884);
#5884 = AXIS2_PLACEMENT_3D('',#5885,#5886,#5887);
#5885 = CARTESIAN_POINT('',(8.174999,1.02542,1.55));
#5886 = DIRECTION('',(0.,0.,1.));
#5887 = DIRECTION('',(1.,0.,-0.));
#5888 = ADVANCED_FACE('',(#5889),#5900,.F.);
#5889 = FACE_BOUND('',#5890,.T.);
#5890 = EDGE_LOOP('',(#5891,#5892,#5898,#5899));
#5891 = ORIENTED_EDGE('',*,*,#5855,.T.);
#5892 = ORIENTED_EDGE('',*,*,#5893,.T.);
#5893 = EDGE_CURVE('',#5856,#5876,#5894,.T.);
#5894 = LINE('',#5895,#5896);
#5895 = CARTESIAN_POINT('',(8.174999,1.05042,-4.6E-02));
#5896 = VECTOR('',#5897,1.);
#5897 = DIRECTION('',(0.,0.,1.));
#5898 = ORIENTED_EDGE('',*,*,#5875,.F.);
#5899 = ORIENTED_EDGE('',*,*,#5893,.F.);
#5900 = CYLINDRICAL_SURFACE('',#5901,0.225);
#5901 = AXIS2_PLACEMENT_3D('',#5902,#5903,#5904);
#5902 = CARTESIAN_POINT('',(8.174999,1.27542,-4.6E-02));
#5903 = DIRECTION('',(-0.,-0.,-1.));
#5904 = DIRECTION('',(-0.,-1.,0.));
#5905 = MANIFOLD_SOLID_BREP('',#5906);
#5906 = CLOSED_SHELL('',(#5907,#5940,#5960,#5980));
#5907 = ADVANCED_FACE('',(#5908),#5935,.T.);
#5908 = FACE_BOUND('',#5909,.F.);
#5909 = EDGE_LOOP('',(#5910,#5920,#5927,#5928));
#5910 = ORIENTED_EDGE('',*,*,#5911,.T.);
#5911 = EDGE_CURVE('',#5912,#5914,#5916,.T.);
#5912 = VERTEX_POINT('',#5913);
#5913 = CARTESIAN_POINT('',(1.980477,-27.039876,1.51));
#5914 = VERTEX_POINT('',#5915);
#5915 = CARTESIAN_POINT('',(1.980477,-27.039876,1.55));
#5916 = LINE('',#5917,#5918);
#5917 = CARTESIAN_POINT('',(1.980477,-27.039876,1.51));
#5918 = VECTOR('',#5919,1.);
#5919 = DIRECTION('',(0.,0.,1.));
#5920 = ORIENTED_EDGE('',*,*,#5921,.T.);
#5921 = EDGE_CURVE('',#5914,#5914,#5922,.T.);
#5922 = CIRCLE('',#5923,0.749999);
#5923 = AXIS2_PLACEMENT_3D('',#5924,#5925,#5926);
#5924 = CARTESIAN_POINT('',(1.230478,-27.039876,1.55));
#5925 = DIRECTION('',(0.,0.,1.));
#5926 = DIRECTION('',(1.,0.,-0.));
#5927 = ORIENTED_EDGE('',*,*,#5911,.F.);
#5928 = ORIENTED_EDGE('',*,*,#5929,.F.);
#5929 = EDGE_CURVE('',#5912,#5912,#5930,.T.);
#5930 = CIRCLE('',#5931,0.749999);
#5931 = AXIS2_PLACEMENT_3D('',#5932,#5933,#5934);
#5932 = CARTESIAN_POINT('',(1.230478,-27.039876,1.51));
#5933 = DIRECTION('',(0.,0.,1.));
#5934 = DIRECTION('',(1.,0.,-0.));
#5935 = CYLINDRICAL_SURFACE('',#5936,0.749999);
#5936 = AXIS2_PLACEMENT_3D('',#5937,#5938,#5939);
#5937 = CARTESIAN_POINT('',(1.230478,-27.039876,1.51));
#5938 = DIRECTION('',(-0.,-0.,-1.));
#5939 = DIRECTION('',(1.,0.,-0.));
#5940 = ADVANCED_FACE('',(#5941,#5944),#5955,.F.);
#5941 = FACE_BOUND('',#5942,.F.);
#5942 = EDGE_LOOP('',(#5943));
#5943 = ORIENTED_EDGE('',*,*,#5929,.T.);
#5944 = FACE_BOUND('',#5945,.F.);
#5945 = EDGE_LOOP('',(#5946));
#5946 = ORIENTED_EDGE('',*,*,#5947,.T.);
#5947 = EDGE_CURVE('',#5948,#5948,#5950,.T.);
#5948 = VERTEX_POINT('',#5949);
#5949 = CARTESIAN_POINT('',(1.230478,-27.264876,1.51));
#5950 = CIRCLE('',#5951,0.225);
#5951 = AXIS2_PLACEMENT_3D('',#5952,#5953,#5954);
#5952 = CARTESIAN_POINT('',(1.230478,-27.039876,1.51));
#5953 = DIRECTION('',(-0.,0.,-1.));
#5954 = DIRECTION('',(-9.868649107779E-16,-1.,0.));
#5955 = PLANE('',#5956);
#5956 = AXIS2_PLACEMENT_3D('',#5957,#5958,#5959);
#5957 = CARTESIAN_POINT('',(0.,0.,1.51));
#5958 = DIRECTION('',(0.,0.,1.));
#5959 = DIRECTION('',(1.,0.,-0.));
#5960 = ADVANCED_FACE('',(#5961,#5964),#5975,.T.);
#5961 = FACE_BOUND('',#5962,.T.);
#5962 = EDGE_LOOP('',(#5963));
#5963 = ORIENTED_EDGE('',*,*,#5921,.T.);
#5964 = FACE_BOUND('',#5965,.T.);
#5965 = EDGE_LOOP('',(#5966));
#5966 = ORIENTED_EDGE('',*,*,#5967,.T.);
#5967 = EDGE_CURVE('',#5968,#5968,#5970,.T.);
#5968 = VERTEX_POINT('',#5969);
#5969 = CARTESIAN_POINT('',(1.230478,-27.264876,1.55));
#5970 = CIRCLE('',#5971,0.225);
#5971 = AXIS2_PLACEMENT_3D('',#5972,#5973,#5974);
#5972 = CARTESIAN_POINT('',(1.230478,-27.039876,1.55));
#5973 = DIRECTION('',(-0.,0.,-1.));
#5974 = DIRECTION('',(-9.868649107779E-16,-1.,0.));
#5975 = PLANE('',#5976);
#5976 = AXIS2_PLACEMENT_3D('',#5977,#5978,#5979);
#5977 = CARTESIAN_POINT('',(0.,0.,1.55));
#5978 = DIRECTION('',(0.,0.,1.));
#5979 = DIRECTION('',(1.,0.,-0.));
#5980 = ADVANCED_FACE('',(#5981),#5992,.F.);
#5981 = FACE_BOUND('',#5982,.T.);
#5982 = EDGE_LOOP('',(#5983,#5984,#5990,#5991));
#5983 = ORIENTED_EDGE('',*,*,#5947,.T.);
#5984 = ORIENTED_EDGE('',*,*,#5985,.T.);
#5985 = EDGE_CURVE('',#5948,#5968,#5986,.T.);
#5986 = LINE('',#5987,#5988);
#5987 = CARTESIAN_POINT('',(1.230478,-27.264876,-4.6E-02));
#5988 = VECTOR('',#5989,1.);
#5989 = DIRECTION('',(0.,0.,1.));
#5990 = ORIENTED_EDGE('',*,*,#5967,.F.);
#5991 = ORIENTED_EDGE('',*,*,#5985,.F.);
#5992 = CYLINDRICAL_SURFACE('',#5993,0.225);
#5993 = AXIS2_PLACEMENT_3D('',#5994,#5995,#5996);
#5994 = CARTESIAN_POINT('',(1.230478,-27.039876,-4.6E-02));
#5995 = DIRECTION('',(-0.,-0.,-1.));
#5996 = DIRECTION('',(-9.868649107779E-16,-1.,0.));
#5997 = MANIFOLD_SOLID_BREP('',#5998);
#5998 = CLOSED_SHELL('',(#5999,#6032,#6052,#6072));
#5999 = ADVANCED_FACE('',(#6000),#6027,.T.);
#6000 = FACE_BOUND('',#6001,.T.);
#6001 = EDGE_LOOP('',(#6002,#6012,#6019,#6020));
#6002 = ORIENTED_EDGE('',*,*,#6003,.T.);
#6003 = EDGE_CURVE('',#6004,#6006,#6008,.T.);
#6004 = VERTEX_POINT('',#6005);
#6005 = CARTESIAN_POINT('',(1.980477,-27.039876,0.));
#6006 = VERTEX_POINT('',#6007);
#6007 = CARTESIAN_POINT('',(1.980477,-27.039876,-4.E-02));
#6008 = LINE('',#6009,#6010);
#6009 = CARTESIAN_POINT('',(1.980477,-27.039876,0.));
#6010 = VECTOR('',#6011,1.);
#6011 = DIRECTION('',(0.,0.,-1.));
#6012 = ORIENTED_EDGE('',*,*,#6013,.T.);
#6013 = EDGE_CURVE('',#6006,#6006,#6014,.T.);
#6014 = CIRCLE('',#6015,0.749999);
#6015 = AXIS2_PLACEMENT_3D('',#6016,#6017,#6018);
#6016 = CARTESIAN_POINT('',(1.230478,-27.039876,-4.E-02));
#6017 = DIRECTION('',(0.,0.,1.));
#6018 = DIRECTION('',(1.,0.,-0.));
#6019 = ORIENTED_EDGE('',*,*,#6003,.F.);
#6020 = ORIENTED_EDGE('',*,*,#6021,.F.);
#6021 = EDGE_CURVE('',#6004,#6004,#6022,.T.);
#6022 = CIRCLE('',#6023,0.749999);
#6023 = AXIS2_PLACEMENT_3D('',#6024,#6025,#6026);
#6024 = CARTESIAN_POINT('',(1.230478,-27.039876,0.));
#6025 = DIRECTION('',(0.,0.,1.));
#6026 = DIRECTION('',(1.,0.,-0.));
#6027 = CYLINDRICAL_SURFACE('',#6028,0.749999);
#6028 = AXIS2_PLACEMENT_3D('',#6029,#6030,#6031);
#6029 = CARTESIAN_POINT('',(1.230478,-27.039876,0.));
#6030 = DIRECTION('',(0.,0.,1.));
#6031 = DIRECTION('',(1.,0.,-0.));
#6032 = ADVANCED_FACE('',(#6033,#6036),#6047,.F.);
#6033 = FACE_BOUND('',#6034,.F.);
#6034 = EDGE_LOOP('',(#6035));
#6035 = ORIENTED_EDGE('',*,*,#6021,.F.);
#6036 = FACE_BOUND('',#6037,.F.);
#6037 = EDGE_LOOP('',(#6038));
#6038 = ORIENTED_EDGE('',*,*,#6039,.F.);
#6039 = EDGE_CURVE('',#6040,#6040,#6042,.T.);
#6040 = VERTEX_POINT('',#6041);
#6041 = CARTESIAN_POINT('',(1.230478,-27.264876,0.));
#6042 = CIRCLE('',#6043,0.225);
#6043 = AXIS2_PLACEMENT_3D('',#6044,#6045,#6046);
#6044 = CARTESIAN_POINT('',(1.230478,-27.039876,0.));
#6045 = DIRECTION('',(-0.,0.,-1.));
#6046 = DIRECTION('',(-9.868649107779E-16,-1.,0.));
#6047 = PLANE('',#6048);
#6048 = AXIS2_PLACEMENT_3D('',#6049,#6050,#6051);
#6049 = CARTESIAN_POINT('',(0.,0.,0.));
#6050 = DIRECTION('',(-0.,-0.,-1.));
#6051 = DIRECTION('',(-1.,0.,0.));
#6052 = ADVANCED_FACE('',(#6053,#6056),#6067,.T.);
#6053 = FACE_BOUND('',#6054,.T.);
#6054 = EDGE_LOOP('',(#6055));
#6055 = ORIENTED_EDGE('',*,*,#6013,.F.);
#6056 = FACE_BOUND('',#6057,.T.);
#6057 = EDGE_LOOP('',(#6058));
#6058 = ORIENTED_EDGE('',*,*,#6059,.F.);
#6059 = EDGE_CURVE('',#6060,#6060,#6062,.T.);
#6060 = VERTEX_POINT('',#6061);
#6061 = CARTESIAN_POINT('',(1.230478,-27.264876,-4.E-02));
#6062 = CIRCLE('',#6063,0.225);
#6063 = AXIS2_PLACEMENT_3D('',#6064,#6065,#6066);
#6064 = CARTESIAN_POINT('',(1.230478,-27.039876,-4.E-02));
#6065 = DIRECTION('',(-0.,0.,-1.));
#6066 = DIRECTION('',(-9.868649107779E-16,-1.,0.));
#6067 = PLANE('',#6068);
#6068 = AXIS2_PLACEMENT_3D('',#6069,#6070,#6071);
#6069 = CARTESIAN_POINT('',(0.,0.,-4.E-02));
#6070 = DIRECTION('',(-0.,-0.,-1.));
#6071 = DIRECTION('',(-1.,0.,0.));
#6072 = ADVANCED_FACE('',(#6073),#6084,.F.);
#6073 = FACE_BOUND('',#6074,.T.);
#6074 = EDGE_LOOP('',(#6075,#6076,#6082,#6083));
#6075 = ORIENTED_EDGE('',*,*,#6059,.T.);
#6076 = ORIENTED_EDGE('',*,*,#6077,.T.);
#6077 = EDGE_CURVE('',#6060,#6040,#6078,.T.);
#6078 = LINE('',#6079,#6080);
#6079 = CARTESIAN_POINT('',(1.230478,-27.264876,-4.6E-02));
#6080 = VECTOR('',#6081,1.);
#6081 = DIRECTION('',(0.,0.,1.));
#6082 = ORIENTED_EDGE('',*,*,#6039,.F.);
#6083 = ORIENTED_EDGE('',*,*,#6077,.F.);
#6084 = CYLINDRICAL_SURFACE('',#6085,0.225);
#6085 = AXIS2_PLACEMENT_3D('',#6086,#6087,#6088);
#6086 = CARTESIAN_POINT('',(1.230478,-27.039876,-4.6E-02));
#6087 = DIRECTION('',(-0.,-0.,-1.));
#6088 = DIRECTION('',(-9.868649107779E-16,-1.,0.));
#6089 = MANIFOLD_SOLID_BREP('',#6090);
#6090 = CLOSED_SHELL('',(#6091,#6124,#6144,#6164));
#6091 = ADVANCED_FACE('',(#6092),#6119,.T.);
#6092 = FACE_BOUND('',#6093,.F.);
#6093 = EDGE_LOOP('',(#6094,#6104,#6111,#6112));
#6094 = ORIENTED_EDGE('',*,*,#6095,.T.);
#6095 = EDGE_CURVE('',#6096,#6098,#6100,.T.);
#6096 = VERTEX_POINT('',#6097);
#6097 = CARTESIAN_POINT('',(1.230478,-27.289876,-4.E-02));
#6098 = VERTEX_POINT('',#6099);
#6099 = CARTESIAN_POINT('',(1.230478,-27.289876,1.55));
#6100 = LINE('',#6101,#6102);
#6101 = CARTESIAN_POINT('',(1.230478,-27.289876,-4.E-02));
#6102 = VECTOR('',#6103,1.);
#6103 = DIRECTION('',(0.,0.,1.));
#6104 = ORIENTED_EDGE('',*,*,#6105,.T.);
#6105 = EDGE_CURVE('',#6098,#6098,#6106,.T.);
#6106 = CIRCLE('',#6107,0.25);
#6107 = AXIS2_PLACEMENT_3D('',#6108,#6109,#6110);
#6108 = CARTESIAN_POINT('',(1.230478,-27.039876,1.55));
#6109 = DIRECTION('',(0.,0.,1.));
#6110 = DIRECTION('',(-0.,-1.,0.));
#6111 = ORIENTED_EDGE('',*,*,#6095,.F.);
#6112 = ORIENTED_EDGE('',*,*,#6113,.F.);
#6113 = EDGE_CURVE('',#6096,#6096,#6114,.T.);
#6114 = CIRCLE('',#6115,0.25);
#6115 = AXIS2_PLACEMENT_3D('',#6116,#6117,#6118);
#6116 = CARTESIAN_POINT('',(1.230478,-27.039876,-4.E-02));
#6117 = DIRECTION('',(0.,0.,1.));
#6118 = DIRECTION('',(-0.,-1.,0.));
#6119 = CYLINDRICAL_SURFACE('',#6120,0.25);
#6120 = AXIS2_PLACEMENT_3D('',#6121,#6122,#6123);
#6121 = CARTESIAN_POINT('',(1.230478,-27.039876,-4.E-02));
#6122 = DIRECTION('',(-0.,-0.,-1.));
#6123 = DIRECTION('',(-0.,-1.,0.));
#6124 = ADVANCED_FACE('',(#6125,#6128),#6139,.F.);
#6125 = FACE_BOUND('',#6126,.F.);
#6126 = EDGE_LOOP('',(#6127));
#6127 = ORIENTED_EDGE('',*,*,#6113,.T.);
#6128 = FACE_BOUND('',#6129,.F.);
#6129 = EDGE_LOOP('',(#6130));
#6130 = ORIENTED_EDGE('',*,*,#6131,.T.);
#6131 = EDGE_CURVE('',#6132,#6132,#6134,.T.);
#6132 = VERTEX_POINT('',#6133);
#6133 = CARTESIAN_POINT('',(1.230478,-27.264876,-4.E-02));
#6134 = CIRCLE('',#6135,0.225);
#6135 = AXIS2_PLACEMENT_3D('',#6136,#6137,#6138);
#6136 = CARTESIAN_POINT('',(1.230478,-27.039876,-4.E-02));
#6137 = DIRECTION('',(-0.,0.,-1.));
#6138 = DIRECTION('',(-9.868649107779E-16,-1.,0.));
#6139 = PLANE('',#6140);
#6140 = AXIS2_PLACEMENT_3D('',#6141,#6142,#6143);
#6141 = CARTESIAN_POINT('',(1.230478,-27.289876,-4.E-02));
#6142 = DIRECTION('',(0.,0.,1.));
#6143 = DIRECTION('',(1.,0.,-0.));
#6144 = ADVANCED_FACE('',(#6145,#6148),#6159,.T.);
#6145 = FACE_BOUND('',#6146,.T.);
#6146 = EDGE_LOOP('',(#6147));
#6147 = ORIENTED_EDGE('',*,*,#6105,.T.);
#6148 = FACE_BOUND('',#6149,.T.);
#6149 = EDGE_LOOP('',(#6150));
#6150 = ORIENTED_EDGE('',*,*,#6151,.T.);
#6151 = EDGE_CURVE('',#6152,#6152,#6154,.T.);
#6152 = VERTEX_POINT('',#6153);
#6153 = CARTESIAN_POINT('',(1.230478,-27.264876,1.55));
#6154 = CIRCLE('',#6155,0.225);
#6155 = AXIS2_PLACEMENT_3D('',#6156,#6157,#6158);
#6156 = CARTESIAN_POINT('',(1.230478,-27.039876,1.55));
#6157 = DIRECTION('',(-0.,0.,-1.));
#6158 = DIRECTION('',(-9.868649107779E-16,-1.,0.));
#6159 = PLANE('',#6160);
#6160 = AXIS2_PLACEMENT_3D('',#6161,#6162,#6163);
#6161 = CARTESIAN_POINT('',(1.230478,-27.289876,1.55));
#6162 = DIRECTION('',(0.,0.,1.));
#6163 = DIRECTION('',(1.,0.,-0.));
#6164 = ADVANCED_FACE('',(#6165),#6176,.F.);
#6165 = FACE_BOUND('',#6166,.T.);
#6166 = EDGE_LOOP('',(#6167,#6168,#6174,#6175));
#6167 = ORIENTED_EDGE('',*,*,#6131,.T.);
#6168 = ORIENTED_EDGE('',*,*,#6169,.T.);
#6169 = EDGE_CURVE('',#6132,#6152,#6170,.T.);
#6170 = LINE('',#6171,#6172);
#6171 = CARTESIAN_POINT('',(1.230478,-27.264876,-4.6E-02));
#6172 = VECTOR('',#6173,1.);
#6173 = DIRECTION('',(0.,0.,1.));
#6174 = ORIENTED_EDGE('',*,*,#6151,.F.);
#6175 = ORIENTED_EDGE('',*,*,#6169,.F.);
#6176 = CYLINDRICAL_SURFACE('',#6177,0.225);
#6177 = AXIS2_PLACEMENT_3D('',#6178,#6179,#6180);
#6178 = CARTESIAN_POINT('',(1.230478,-27.039876,-4.6E-02));
#6179 = DIRECTION('',(-0.,-0.,-1.));
#6180 = DIRECTION('',(-9.868649107779E-16,-1.,0.));
#6181 = MANIFOLD_SOLID_BREP('',#6182);
#6182 = CLOSED_SHELL('',(#6183,#6223,#6254,#6285,#6307,#6319));
#6183 = ADVANCED_FACE('',(#6184),#6218,.T.);
#6184 = FACE_BOUND('',#6185,.T.);
#6185 = EDGE_LOOP('',(#6186,#6196,#6204,#6212));
#6186 = ORIENTED_EDGE('',*,*,#6187,.T.);
#6187 = EDGE_CURVE('',#6188,#6190,#6192,.T.);
#6188 = VERTEX_POINT('',#6189);
#6189 = CARTESIAN_POINT('',(1.25,-32.725,1.51));
#6190 = VERTEX_POINT('',#6191);
#6191 = CARTESIAN_POINT('',(1.25,-32.725,1.55));
#6192 = LINE('',#6193,#6194);
#6193 = CARTESIAN_POINT('',(1.25,-32.725,1.51));
#6194 = VECTOR('',#6195,1.);
#6195 = DIRECTION('',(0.,0.,1.));
#6196 = ORIENTED_EDGE('',*,*,#6197,.T.);
#6197 = EDGE_CURVE('',#6190,#6198,#6200,.T.);
#6198 = VERTEX_POINT('',#6199);
#6199 = CARTESIAN_POINT('',(1.25,-31.225,1.55));
#6200 = LINE('',#6201,#6202);
#6201 = CARTESIAN_POINT('',(1.25,-32.725,1.55));
#6202 = VECTOR('',#6203,1.);
#6203 = DIRECTION('',(0.,1.,0.));
#6204 = ORIENTED_EDGE('',*,*,#6205,.F.);
#6205 = EDGE_CURVE('',#6206,#6198,#6208,.T.);
#6206 = VERTEX_POINT('',#6207);
#6207 = CARTESIAN_POINT('',(1.25,-31.225,1.51));
#6208 = LINE('',#6209,#6210);
#6209 = CARTESIAN_POINT('',(1.25,-31.225,1.51));
#6210 = VECTOR('',#6211,1.);
#6211 = DIRECTION('',(0.,0.,1.));
#6212 = ORIENTED_EDGE('',*,*,#6213,.F.);
#6213 = EDGE_CURVE('',#6188,#6206,#6214,.T.);
#6214 = LINE('',#6215,#6216);
#6215 = CARTESIAN_POINT('',(1.25,-32.725,1.51));
#6216 = VECTOR('',#6217,1.);
#6217 = DIRECTION('',(0.,1.,0.));
#6218 = PLANE('',#6219);
#6219 = AXIS2_PLACEMENT_3D('',#6220,#6221,#6222);
#6220 = CARTESIAN_POINT('',(1.25,-32.725,1.51));
#6221 = DIRECTION('',(-1.,0.,0.));
#6222 = DIRECTION('',(0.,1.,0.));
#6223 = ADVANCED_FACE('',(#6224),#6249,.T.);
#6224 = FACE_BOUND('',#6225,.T.);
#6225 = EDGE_LOOP('',(#6226,#6227,#6235,#6243));
#6226 = ORIENTED_EDGE('',*,*,#6205,.T.);
#6227 = ORIENTED_EDGE('',*,*,#6228,.T.);
#6228 = EDGE_CURVE('',#6198,#6229,#6231,.T.);
#6229 = VERTEX_POINT('',#6230);
#6230 = CARTESIAN_POINT('',(2.75,-31.225,1.55));
#6231 = LINE('',#6232,#6233);
#6232 = CARTESIAN_POINT('',(1.25,-31.225,1.55));
#6233 = VECTOR('',#6234,1.);
#6234 = DIRECTION('',(1.,0.,0.));
#6235 = ORIENTED_EDGE('',*,*,#6236,.F.);
#6236 = EDGE_CURVE('',#6237,#6229,#6239,.T.);
#6237 = VERTEX_POINT('',#6238);
#6238 = CARTESIAN_POINT('',(2.75,-31.225,1.51));
#6239 = LINE('',#6240,#6241);
#6240 = CARTESIAN_POINT('',(2.75,-31.225,1.51));
#6241 = VECTOR('',#6242,1.);
#6242 = DIRECTION('',(0.,0.,1.));
#6243 = ORIENTED_EDGE('',*,*,#6244,.F.);
#6244 = EDGE_CURVE('',#6206,#6237,#6245,.T.);
#6245 = LINE('',#6246,#6247);
#6246 = CARTESIAN_POINT('',(1.25,-31.225,1.51));
#6247 = VECTOR('',#6248,1.);
#6248 = DIRECTION('',(1.,0.,0.));
#6249 = PLANE('',#6250);
#6250 = AXIS2_PLACEMENT_3D('',#6251,#6252,#6253);
#6251 = CARTESIAN_POINT('',(1.25,-31.225,1.51));
#6252 = DIRECTION('',(0.,1.,0.));
#6253 = DIRECTION('',(1.,0.,0.));
#6254 = ADVANCED_FACE('',(#6255),#6280,.T.);
#6255 = FACE_BOUND('',#6256,.T.);
#6256 = EDGE_LOOP('',(#6257,#6258,#6266,#6274));
#6257 = ORIENTED_EDGE('',*,*,#6236,.T.);
#6258 = ORIENTED_EDGE('',*,*,#6259,.T.);
#6259 = EDGE_CURVE('',#6229,#6260,#6262,.T.);
#6260 = VERTEX_POINT('',#6261);
#6261 = CARTESIAN_POINT('',(2.75,-32.725,1.55));
#6262 = LINE('',#6263,#6264);
#6263 = CARTESIAN_POINT('',(2.75,-31.225,1.55));
#6264 = VECTOR('',#6265,1.);
#6265 = DIRECTION('',(0.,-1.,0.));
#6266 = ORIENTED_EDGE('',*,*,#6267,.F.);
#6267 = EDGE_CURVE('',#6268,#6260,#6270,.T.);
#6268 = VERTEX_POINT('',#6269);
#6269 = CARTESIAN_POINT('',(2.75,-32.725,1.51));
#6270 = LINE('',#6271,#6272);
#6271 = CARTESIAN_POINT('',(2.75,-32.725,1.51));
#6272 = VECTOR('',#6273,1.);
#6273 = DIRECTION('',(0.,0.,1.));
#6274 = ORIENTED_EDGE('',*,*,#6275,.F.);
#6275 = EDGE_CURVE('',#6237,#6268,#6276,.T.);
#6276 = LINE('',#6277,#6278);
#6277 = CARTESIAN_POINT('',(2.75,-31.225,1.51));
#6278 = VECTOR('',#6279,1.);
#6279 = DIRECTION('',(0.,-1.,0.));
#6280 = PLANE('',#6281);
#6281 = AXIS2_PLACEMENT_3D('',#6282,#6283,#6284);
#6282 = CARTESIAN_POINT('',(2.75,-31.225,1.51));
#6283 = DIRECTION('',(1.,0.,-0.));
#6284 = DIRECTION('',(0.,-1.,0.));
#6285 = ADVANCED_FACE('',(#6286),#6302,.T.);
#6286 = FACE_BOUND('',#6287,.T.);
#6287 = EDGE_LOOP('',(#6288,#6289,#6295,#6296));
#6288 = ORIENTED_EDGE('',*,*,#6267,.T.);
#6289 = ORIENTED_EDGE('',*,*,#6290,.T.);
#6290 = EDGE_CURVE('',#6260,#6190,#6291,.T.);
#6291 = LINE('',#6292,#6293);
#6292 = CARTESIAN_POINT('',(2.75,-32.725,1.55));
#6293 = VECTOR('',#6294,1.);
#6294 = DIRECTION('',(-1.,0.,0.));
#6295 = ORIENTED_EDGE('',*,*,#6187,.F.);
#6296 = ORIENTED_EDGE('',*,*,#6297,.F.);
#6297 = EDGE_CURVE('',#6268,#6188,#6298,.T.);
#6298 = LINE('',#6299,#6300);
#6299 = CARTESIAN_POINT('',(2.75,-32.725,1.51));
#6300 = VECTOR('',#6301,1.);
#6301 = DIRECTION('',(-1.,0.,0.));
#6302 = PLANE('',#6303);
#6303 = AXIS2_PLACEMENT_3D('',#6304,#6305,#6306);
#6304 = CARTESIAN_POINT('',(2.75,-32.725,1.51));
#6305 = DIRECTION('',(0.,-1.,0.));
#6306 = DIRECTION('',(-1.,0.,0.));
#6307 = ADVANCED_FACE('',(#6308),#6314,.F.);
#6308 = FACE_BOUND('',#6309,.T.);
#6309 = EDGE_LOOP('',(#6310,#6311,#6312,#6313));
#6310 = ORIENTED_EDGE('',*,*,#6213,.T.);
#6311 = ORIENTED_EDGE('',*,*,#6244,.T.);
#6312 = ORIENTED_EDGE('',*,*,#6275,.T.);
#6313 = ORIENTED_EDGE('',*,*,#6297,.T.);
#6314 = PLANE('',#6315);
#6315 = AXIS2_PLACEMENT_3D('',#6316,#6317,#6318);
#6316 = CARTESIAN_POINT('',(0.,0.,1.51));
#6317 = DIRECTION('',(0.,0.,1.));
#6318 = DIRECTION('',(1.,0.,-0.));
#6319 = ADVANCED_FACE('',(#6320),#6326,.T.);
#6320 = FACE_BOUND('',#6321,.F.);
#6321 = EDGE_LOOP('',(#6322,#6323,#6324,#6325));
#6322 = ORIENTED_EDGE('',*,*,#6197,.T.);
#6323 = ORIENTED_EDGE('',*,*,#6228,.T.);
#6324 = ORIENTED_EDGE('',*,*,#6259,.T.);
#6325 = ORIENTED_EDGE('',*,*,#6290,.T.);
#6326 = PLANE('',#6327);
#6327 = AXIS2_PLACEMENT_3D('',#6328,#6329,#6330);
#6328 = CARTESIAN_POINT('',(0.,0.,1.55));
#6329 = DIRECTION('',(0.,0.,1.));
#6330 = DIRECTION('',(1.,0.,-0.));
#6331 = MANIFOLD_SOLID_BREP('',#6332);
#6332 = CLOSED_SHELL('',(#6333,#6366,#6386,#6406));
#6333 = ADVANCED_FACE('',(#6334),#6361,.T.);
#6334 = FACE_BOUND('',#6335,.F.);
#6335 = EDGE_LOOP('',(#6336,#6346,#6353,#6354));
#6336 = ORIENTED_EDGE('',*,*,#6337,.T.);
#6337 = EDGE_CURVE('',#6338,#6340,#6342,.T.);
#6338 = VERTEX_POINT('',#6339);
#6339 = CARTESIAN_POINT('',(2.025419,-8.174999,1.51));
#6340 = VERTEX_POINT('',#6341);
#6341 = CARTESIAN_POINT('',(2.025419,-8.174999,1.55));
#6342 = LINE('',#6343,#6344);
#6343 = CARTESIAN_POINT('',(2.025419,-8.174999,1.51));
#6344 = VECTOR('',#6345,1.);
#6345 = DIRECTION('',(0.,0.,1.));
#6346 = ORIENTED_EDGE('',*,*,#6347,.T.);
#6347 = EDGE_CURVE('',#6340,#6340,#6348,.T.);
#6348 = CIRCLE('',#6349,0.749999);
#6349 = AXIS2_PLACEMENT_3D('',#6350,#6351,#6352);
#6350 = CARTESIAN_POINT('',(1.27542,-8.174999,1.55));
#6351 = DIRECTION('',(0.,0.,1.));
#6352 = DIRECTION('',(1.,0.,-0.));
#6353 = ORIENTED_EDGE('',*,*,#6337,.F.);
#6354 = ORIENTED_EDGE('',*,*,#6355,.F.);
#6355 = EDGE_CURVE('',#6338,#6338,#6356,.T.);
#6356 = CIRCLE('',#6357,0.749999);
#6357 = AXIS2_PLACEMENT_3D('',#6358,#6359,#6360);
#6358 = CARTESIAN_POINT('',(1.27542,-8.174999,1.51));
#6359 = DIRECTION('',(0.,0.,1.));
#6360 = DIRECTION('',(1.,0.,-0.));
#6361 = CYLINDRICAL_SURFACE('',#6362,0.749999);
#6362 = AXIS2_PLACEMENT_3D('',#6363,#6364,#6365);
#6363 = CARTESIAN_POINT('',(1.27542,-8.174999,1.51));
#6364 = DIRECTION('',(-0.,-0.,-1.));
#6365 = DIRECTION('',(1.,0.,-0.));
#6366 = ADVANCED_FACE('',(#6367,#6370),#6381,.F.);
#6367 = FACE_BOUND('',#6368,.F.);
#6368 = EDGE_LOOP('',(#6369));
#6369 = ORIENTED_EDGE('',*,*,#6355,.T.);
#6370 = FACE_BOUND('',#6371,.F.);
#6371 = EDGE_LOOP('',(#6372));
#6372 = ORIENTED_EDGE('',*,*,#6373,.T.);
#6373 = EDGE_CURVE('',#6374,#6374,#6376,.T.);
#6374 = VERTEX_POINT('',#6375);
#6375 = CARTESIAN_POINT('',(1.27542,-8.399999,1.51));
#6376 = CIRCLE('',#6377,0.225);
#6377 = AXIS2_PLACEMENT_3D('',#6378,#6379,#6380);
#6378 = CARTESIAN_POINT('',(1.27542,-8.174999,1.51));
#6379 = DIRECTION('',(-0.,0.,-1.));
#6380 = DIRECTION('',(-0.,-1.,0.));
#6381 = PLANE('',#6382);
#6382 = AXIS2_PLACEMENT_3D('',#6383,#6384,#6385);
#6383 = CARTESIAN_POINT('',(0.,0.,1.51));
#6384 = DIRECTION('',(0.,0.,1.));
#6385 = DIRECTION('',(1.,0.,-0.));
#6386 = ADVANCED_FACE('',(#6387,#6390),#6401,.T.);
#6387 = FACE_BOUND('',#6388,.T.);
#6388 = EDGE_LOOP('',(#6389));
#6389 = ORIENTED_EDGE('',*,*,#6347,.T.);
#6390 = FACE_BOUND('',#6391,.T.);
#6391 = EDGE_LOOP('',(#6392));
#6392 = ORIENTED_EDGE('',*,*,#6393,.T.);
#6393 = EDGE_CURVE('',#6394,#6394,#6396,.T.);
#6394 = VERTEX_POINT('',#6395);
#6395 = CARTESIAN_POINT('',(1.27542,-8.399999,1.55));
#6396 = CIRCLE('',#6397,0.225);
#6397 = AXIS2_PLACEMENT_3D('',#6398,#6399,#6400);
#6398 = CARTESIAN_POINT('',(1.27542,-8.174999,1.55));
#6399 = DIRECTION('',(-0.,0.,-1.));
#6400 = DIRECTION('',(-0.,-1.,0.));
#6401 = PLANE('',#6402);
#6402 = AXIS2_PLACEMENT_3D('',#6403,#6404,#6405);
#6403 = CARTESIAN_POINT('',(0.,0.,1.55));
#6404 = DIRECTION('',(0.,0.,1.));
#6405 = DIRECTION('',(1.,0.,-0.));
#6406 = ADVANCED_FACE('',(#6407),#6418,.F.);
#6407 = FACE_BOUND('',#6408,.T.);
#6408 = EDGE_LOOP('',(#6409,#6410,#6416,#6417));
#6409 = ORIENTED_EDGE('',*,*,#6373,.T.);
#6410 = ORIENTED_EDGE('',*,*,#6411,.T.);
#6411 = EDGE_CURVE('',#6374,#6394,#6412,.T.);
#6412 = LINE('',#6413,#6414);
#6413 = CARTESIAN_POINT('',(1.27542,-8.399999,-4.6E-02));
#6414 = VECTOR('',#6415,1.);
#6415 = DIRECTION('',(0.,0.,1.));
#6416 = ORIENTED_EDGE('',*,*,#6393,.F.);
#6417 = ORIENTED_EDGE('',*,*,#6411,.F.);
#6418 = CYLINDRICAL_SURFACE('',#6419,0.225);
#6419 = AXIS2_PLACEMENT_3D('',#6420,#6421,#6422);
#6420 = CARTESIAN_POINT('',(1.27542,-8.174999,-4.6E-02));
#6421 = DIRECTION('',(-0.,-0.,-1.));
#6422 = DIRECTION('',(-0.,-1.,0.));
#6423 = MANIFOLD_SOLID_BREP('',#6424);
#6424 = CLOSED_SHELL('',(#6425,#6458,#6478,#6498));
#6425 = ADVANCED_FACE('',(#6426),#6453,.T.);
#6426 = FACE_BOUND('',#6427,.T.);
#6427 = EDGE_LOOP('',(#6428,#6438,#6445,#6446));
#6428 = ORIENTED_EDGE('',*,*,#6429,.T.);
#6429 = EDGE_CURVE('',#6430,#6432,#6434,.T.);
#6430 = VERTEX_POINT('',#6431);
#6431 = CARTESIAN_POINT('',(2.025419,-8.174999,0.));
#6432 = VERTEX_POINT('',#6433);
#6433 = CARTESIAN_POINT('',(2.025419,-8.174999,-4.E-02));
#6434 = LINE('',#6435,#6436);
#6435 = CARTESIAN_POINT('',(2.025419,-8.174999,0.));
#6436 = VECTOR('',#6437,1.);
#6437 = DIRECTION('',(0.,0.,-1.));
#6438 = ORIENTED_EDGE('',*,*,#6439,.T.);
#6439 = EDGE_CURVE('',#6432,#6432,#6440,.T.);
#6440 = CIRCLE('',#6441,0.749999);
#6441 = AXIS2_PLACEMENT_3D('',#6442,#6443,#6444);
#6442 = CARTESIAN_POINT('',(1.27542,-8.174999,-4.E-02));
#6443 = DIRECTION('',(0.,0.,1.));
#6444 = DIRECTION('',(1.,0.,-0.));
#6445 = ORIENTED_EDGE('',*,*,#6429,.F.);
#6446 = ORIENTED_EDGE('',*,*,#6447,.F.);
#6447 = EDGE_CURVE('',#6430,#6430,#6448,.T.);
#6448 = CIRCLE('',#6449,0.749999);
#6449 = AXIS2_PLACEMENT_3D('',#6450,#6451,#6452);
#6450 = CARTESIAN_POINT('',(1.27542,-8.174999,0.));
#6451 = DIRECTION('',(0.,0.,1.));
#6452 = DIRECTION('',(1.,0.,-0.));
#6453 = CYLINDRICAL_SURFACE('',#6454,0.749999);
#6454 = AXIS2_PLACEMENT_3D('',#6455,#6456,#6457);
#6455 = CARTESIAN_POINT('',(1.27542,-8.174999,0.));
#6456 = DIRECTION('',(0.,0.,1.));
#6457 = DIRECTION('',(1.,0.,-0.));
#6458 = ADVANCED_FACE('',(#6459,#6462),#6473,.F.);
#6459 = FACE_BOUND('',#6460,.F.);
#6460 = EDGE_LOOP('',(#6461));
#6461 = ORIENTED_EDGE('',*,*,#6447,.F.);
#6462 = FACE_BOUND('',#6463,.F.);
#6463 = EDGE_LOOP('',(#6464));
#6464 = ORIENTED_EDGE('',*,*,#6465,.F.);
#6465 = EDGE_CURVE('',#6466,#6466,#6468,.T.);
#6466 = VERTEX_POINT('',#6467);
#6467 = CARTESIAN_POINT('',(1.27542,-8.399999,0.));
#6468 = CIRCLE('',#6469,0.225);
#6469 = AXIS2_PLACEMENT_3D('',#6470,#6471,#6472);
#6470 = CARTESIAN_POINT('',(1.27542,-8.174999,0.));
#6471 = DIRECTION('',(-0.,0.,-1.));
#6472 = DIRECTION('',(-0.,-1.,0.));
#6473 = PLANE('',#6474);
#6474 = AXIS2_PLACEMENT_3D('',#6475,#6476,#6477);
#6475 = CARTESIAN_POINT('',(0.,0.,0.));
#6476 = DIRECTION('',(-0.,-0.,-1.));
#6477 = DIRECTION('',(-1.,0.,0.));
#6478 = ADVANCED_FACE('',(#6479,#6482),#6493,.T.);
#6479 = FACE_BOUND('',#6480,.T.);
#6480 = EDGE_LOOP('',(#6481));
#6481 = ORIENTED_EDGE('',*,*,#6439,.F.);
#6482 = FACE_BOUND('',#6483,.T.);
#6483 = EDGE_LOOP('',(#6484));
#6484 = ORIENTED_EDGE('',*,*,#6485,.F.);
#6485 = EDGE_CURVE('',#6486,#6486,#6488,.T.);
#6486 = VERTEX_POINT('',#6487);
#6487 = CARTESIAN_POINT('',(1.27542,-8.399999,-4.E-02));
#6488 = CIRCLE('',#6489,0.225);
#6489 = AXIS2_PLACEMENT_3D('',#6490,#6491,#6492);
#6490 = CARTESIAN_POINT('',(1.27542,-8.174999,-4.E-02));
#6491 = DIRECTION('',(-0.,0.,-1.));
#6492 = DIRECTION('',(-0.,-1.,0.));
#6493 = PLANE('',#6494);
#6494 = AXIS2_PLACEMENT_3D('',#6495,#6496,#6497);
#6495 = CARTESIAN_POINT('',(0.,0.,-4.E-02));
#6496 = DIRECTION('',(-0.,-0.,-1.));
#6497 = DIRECTION('',(-1.,0.,0.));
#6498 = ADVANCED_FACE('',(#6499),#6510,.F.);
#6499 = FACE_BOUND('',#6500,.T.);
#6500 = EDGE_LOOP('',(#6501,#6502,#6508,#6509));
#6501 = ORIENTED_EDGE('',*,*,#6485,.T.);
#6502 = ORIENTED_EDGE('',*,*,#6503,.T.);
#6503 = EDGE_CURVE('',#6486,#6466,#6504,.T.);
#6504 = LINE('',#6505,#6506);
#6505 = CARTESIAN_POINT('',(1.27542,-8.399999,-4.6E-02));
#6506 = VECTOR('',#6507,1.);
#6507 = DIRECTION('',(0.,0.,1.));
#6508 = ORIENTED_EDGE('',*,*,#6465,.F.);
#6509 = ORIENTED_EDGE('',*,*,#6503,.F.);
#6510 = CYLINDRICAL_SURFACE('',#6511,0.225);
#6511 = AXIS2_PLACEMENT_3D('',#6512,#6513,#6514);
#6512 = CARTESIAN_POINT('',(1.27542,-8.174999,-4.6E-02));
#6513 = DIRECTION('',(-0.,-0.,-1.));
#6514 = DIRECTION('',(-0.,-1.,0.));
#6515 = MANIFOLD_SOLID_BREP('',#6516);
#6516 = CLOSED_SHELL('',(#6517,#6550,#6570,#6590));
#6517 = ADVANCED_FACE('',(#6518),#6545,.T.);
#6518 = FACE_BOUND('',#6519,.F.);
#6519 = EDGE_LOOP('',(#6520,#6530,#6537,#6538));
#6520 = ORIENTED_EDGE('',*,*,#6521,.T.);
#6521 = EDGE_CURVE('',#6522,#6524,#6526,.T.);
#6522 = VERTEX_POINT('',#6523);
#6523 = CARTESIAN_POINT('',(1.27542,-8.424999,-4.E-02));
#6524 = VERTEX_POINT('',#6525);
#6525 = CARTESIAN_POINT('',(1.27542,-8.424999,1.55));
#6526 = LINE('',#6527,#6528);
#6527 = CARTESIAN_POINT('',(1.27542,-8.424999,-4.E-02));
#6528 = VECTOR('',#6529,1.);
#6529 = DIRECTION('',(0.,0.,1.));
#6530 = ORIENTED_EDGE('',*,*,#6531,.T.);
#6531 = EDGE_CURVE('',#6524,#6524,#6532,.T.);
#6532 = CIRCLE('',#6533,0.25);
#6533 = AXIS2_PLACEMENT_3D('',#6534,#6535,#6536);
#6534 = CARTESIAN_POINT('',(1.27542,-8.174999,1.55));
#6535 = DIRECTION('',(0.,0.,1.));
#6536 = DIRECTION('',(-0.,-1.,0.));
#6537 = ORIENTED_EDGE('',*,*,#6521,.F.);
#6538 = ORIENTED_EDGE('',*,*,#6539,.F.);
#6539 = EDGE_CURVE('',#6522,#6522,#6540,.T.);
#6540 = CIRCLE('',#6541,0.25);
#6541 = AXIS2_PLACEMENT_3D('',#6542,#6543,#6544);
#6542 = CARTESIAN_POINT('',(1.27542,-8.174999,-4.E-02));
#6543 = DIRECTION('',(0.,0.,1.));
#6544 = DIRECTION('',(-0.,-1.,0.));
#6545 = CYLINDRICAL_SURFACE('',#6546,0.25);
#6546 = AXIS2_PLACEMENT_3D('',#6547,#6548,#6549);
#6547 = CARTESIAN_POINT('',(1.27542,-8.174999,-4.E-02));
#6548 = DIRECTION('',(-0.,-0.,-1.));
#6549 = DIRECTION('',(-0.,-1.,0.));
#6550 = ADVANCED_FACE('',(#6551,#6554),#6565,.F.);
#6551 = FACE_BOUND('',#6552,.F.);
#6552 = EDGE_LOOP('',(#6553));
#6553 = ORIENTED_EDGE('',*,*,#6539,.T.);
#6554 = FACE_BOUND('',#6555,.F.);
#6555 = EDGE_LOOP('',(#6556));
#6556 = ORIENTED_EDGE('',*,*,#6557,.T.);
#6557 = EDGE_CURVE('',#6558,#6558,#6560,.T.);
#6558 = VERTEX_POINT('',#6559);
#6559 = CARTESIAN_POINT('',(1.27542,-8.399999,-4.E-02));
#6560 = CIRCLE('',#6561,0.225);
#6561 = AXIS2_PLACEMENT_3D('',#6562,#6563,#6564);
#6562 = CARTESIAN_POINT('',(1.27542,-8.174999,-4.E-02));
#6563 = DIRECTION('',(-0.,0.,-1.));
#6564 = DIRECTION('',(-0.,-1.,0.));
#6565 = PLANE('',#6566);
#6566 = AXIS2_PLACEMENT_3D('',#6567,#6568,#6569);
#6567 = CARTESIAN_POINT('',(1.27542,-8.424999,-4.E-02));
#6568 = DIRECTION('',(0.,0.,1.));
#6569 = DIRECTION('',(1.,0.,-0.));
#6570 = ADVANCED_FACE('',(#6571,#6574),#6585,.T.);
#6571 = FACE_BOUND('',#6572,.T.);
#6572 = EDGE_LOOP('',(#6573));
#6573 = ORIENTED_EDGE('',*,*,#6531,.T.);
#6574 = FACE_BOUND('',#6575,.T.);
#6575 = EDGE_LOOP('',(#6576));
#6576 = ORIENTED_EDGE('',*,*,#6577,.T.);
#6577 = EDGE_CURVE('',#6578,#6578,#6580,.T.);
#6578 = VERTEX_POINT('',#6579);
#6579 = CARTESIAN_POINT('',(1.27542,-8.399999,1.55));
#6580 = CIRCLE('',#6581,0.225);
#6581 = AXIS2_PLACEMENT_3D('',#6582,#6583,#6584);
#6582 = CARTESIAN_POINT('',(1.27542,-8.174999,1.55));
#6583 = DIRECTION('',(-0.,0.,-1.));
#6584 = DIRECTION('',(-0.,-1.,0.));
#6585 = PLANE('',#6586);
#6586 = AXIS2_PLACEMENT_3D('',#6587,#6588,#6589);
#6587 = CARTESIAN_POINT('',(1.27542,-8.424999,1.55));
#6588 = DIRECTION('',(0.,0.,1.));
#6589 = DIRECTION('',(1.,0.,-0.));
#6590 = ADVANCED_FACE('',(#6591),#6602,.F.);
#6591 = FACE_BOUND('',#6592,.T.);
#6592 = EDGE_LOOP('',(#6593,#6594,#6600,#6601));
#6593 = ORIENTED_EDGE('',*,*,#6557,.T.);
#6594 = ORIENTED_EDGE('',*,*,#6595,.T.);
#6595 = EDGE_CURVE('',#6558,#6578,#6596,.T.);
#6596 = LINE('',#6597,#6598);
#6597 = CARTESIAN_POINT('',(1.27542,-8.399999,-4.6E-02));
#6598 = VECTOR('',#6599,1.);
#6599 = DIRECTION('',(0.,0.,1.));
#6600 = ORIENTED_EDGE('',*,*,#6577,.F.);
#6601 = ORIENTED_EDGE('',*,*,#6595,.F.);
#6602 = CYLINDRICAL_SURFACE('',#6603,0.225);
#6603 = AXIS2_PLACEMENT_3D('',#6604,#6605,#6606);
#6604 = CARTESIAN_POINT('',(1.27542,-8.174999,-4.6E-02));
#6605 = DIRECTION('',(-0.,-0.,-1.));
#6606 = DIRECTION('',(-0.,-1.,0.));
#6607 = MANIFOLD_SOLID_BREP('',#6608);
#6608 = CLOSED_SHELL('',(#6609,#6649,#6680,#6711,#6733,#6745));
#6609 = ADVANCED_FACE('',(#6610),#6644,.T.);
#6610 = FACE_BOUND('',#6611,.T.);
#6611 = EDGE_LOOP('',(#6612,#6622,#6630,#6638));
#6612 = ORIENTED_EDGE('',*,*,#6613,.T.);
#6613 = EDGE_CURVE('',#6614,#6616,#6618,.T.);
#6614 = VERTEX_POINT('',#6615);
#6615 = CARTESIAN_POINT('',(-2.75,-32.725,1.51));
#6616 = VERTEX_POINT('',#6617);
#6617 = CARTESIAN_POINT('',(-2.75,-32.725,1.55));
#6618 = LINE('',#6619,#6620);
#6619 = CARTESIAN_POINT('',(-2.75,-32.725,1.51));
#6620 = VECTOR('',#6621,1.);
#6621 = DIRECTION('',(0.,0.,1.));
#6622 = ORIENTED_EDGE('',*,*,#6623,.T.);
#6623 = EDGE_CURVE('',#6616,#6624,#6626,.T.);
#6624 = VERTEX_POINT('',#6625);
#6625 = CARTESIAN_POINT('',(-2.75,-31.225,1.55));
#6626 = LINE('',#6627,#6628);
#6627 = CARTESIAN_POINT('',(-2.75,-32.725,1.55));
#6628 = VECTOR('',#6629,1.);
#6629 = DIRECTION('',(0.,1.,0.));
#6630 = ORIENTED_EDGE('',*,*,#6631,.F.);
#6631 = EDGE_CURVE('',#6632,#6624,#6634,.T.);
#6632 = VERTEX_POINT('',#6633);
#6633 = CARTESIAN_POINT('',(-2.75,-31.225,1.51));
#6634 = LINE('',#6635,#6636);
#6635 = CARTESIAN_POINT('',(-2.75,-31.225,1.51));
#6636 = VECTOR('',#6637,1.);
#6637 = DIRECTION('',(0.,0.,1.));
#6638 = ORIENTED_EDGE('',*,*,#6639,.F.);
#6639 = EDGE_CURVE('',#6614,#6632,#6640,.T.);
#6640 = LINE('',#6641,#6642);
#6641 = CARTESIAN_POINT('',(-2.75,-32.725,1.51));
#6642 = VECTOR('',#6643,1.);
#6643 = DIRECTION('',(0.,1.,0.));
#6644 = PLANE('',#6645);
#6645 = AXIS2_PLACEMENT_3D('',#6646,#6647,#6648);
#6646 = CARTESIAN_POINT('',(-2.75,-32.725,1.51));
#6647 = DIRECTION('',(-1.,0.,0.));
#6648 = DIRECTION('',(0.,1.,0.));
#6649 = ADVANCED_FACE('',(#6650),#6675,.T.);
#6650 = FACE_BOUND('',#6651,.T.);
#6651 = EDGE_LOOP('',(#6652,#6653,#6661,#6669));
#6652 = ORIENTED_EDGE('',*,*,#6631,.T.);
#6653 = ORIENTED_EDGE('',*,*,#6654,.T.);
#6654 = EDGE_CURVE('',#6624,#6655,#6657,.T.);
#6655 = VERTEX_POINT('',#6656);
#6656 = CARTESIAN_POINT('',(-1.25,-31.225,1.55));
#6657 = LINE('',#6658,#6659);
#6658 = CARTESIAN_POINT('',(-2.75,-31.225,1.55));
#6659 = VECTOR('',#6660,1.);
#6660 = DIRECTION('',(1.,0.,0.));
#6661 = ORIENTED_EDGE('',*,*,#6662,.F.);
#6662 = EDGE_CURVE('',#6663,#6655,#6665,.T.);
#6663 = VERTEX_POINT('',#6664);
#6664 = CARTESIAN_POINT('',(-1.25,-31.225,1.51));
#6665 = LINE('',#6666,#6667);
#6666 = CARTESIAN_POINT('',(-1.25,-31.225,1.51));
#6667 = VECTOR('',#6668,1.);
#6668 = DIRECTION('',(0.,0.,1.));
#6669 = ORIENTED_EDGE('',*,*,#6670,.F.);
#6670 = EDGE_CURVE('',#6632,#6663,#6671,.T.);
#6671 = LINE('',#6672,#6673);
#6672 = CARTESIAN_POINT('',(-2.75,-31.225,1.51));
#6673 = VECTOR('',#6674,1.);
#6674 = DIRECTION('',(1.,0.,0.));
#6675 = PLANE('',#6676);
#6676 = AXIS2_PLACEMENT_3D('',#6677,#6678,#6679);
#6677 = CARTESIAN_POINT('',(-2.75,-31.225,1.51));
#6678 = DIRECTION('',(0.,1.,0.));
#6679 = DIRECTION('',(1.,0.,0.));
#6680 = ADVANCED_FACE('',(#6681),#6706,.T.);
#6681 = FACE_BOUND('',#6682,.T.);
#6682 = EDGE_LOOP('',(#6683,#6684,#6692,#6700));
#6683 = ORIENTED_EDGE('',*,*,#6662,.T.);
#6684 = ORIENTED_EDGE('',*,*,#6685,.T.);
#6685 = EDGE_CURVE('',#6655,#6686,#6688,.T.);
#6686 = VERTEX_POINT('',#6687);
#6687 = CARTESIAN_POINT('',(-1.25,-32.725,1.55));
#6688 = LINE('',#6689,#6690);
#6689 = CARTESIAN_POINT('',(-1.25,-31.225,1.55));
#6690 = VECTOR('',#6691,1.);
#6691 = DIRECTION('',(0.,-1.,0.));
#6692 = ORIENTED_EDGE('',*,*,#6693,.F.);
#6693 = EDGE_CURVE('',#6694,#6686,#6696,.T.);
#6694 = VERTEX_POINT('',#6695);
#6695 = CARTESIAN_POINT('',(-1.25,-32.725,1.51));
#6696 = LINE('',#6697,#6698);
#6697 = CARTESIAN_POINT('',(-1.25,-32.725,1.51));
#6698 = VECTOR('',#6699,1.);
#6699 = DIRECTION('',(0.,0.,1.));
#6700 = ORIENTED_EDGE('',*,*,#6701,.F.);
#6701 = EDGE_CURVE('',#6663,#6694,#6702,.T.);
#6702 = LINE('',#6703,#6704);
#6703 = CARTESIAN_POINT('',(-1.25,-31.225,1.51));
#6704 = VECTOR('',#6705,1.);
#6705 = DIRECTION('',(0.,-1.,0.));
#6706 = PLANE('',#6707);
#6707 = AXIS2_PLACEMENT_3D('',#6708,#6709,#6710);
#6708 = CARTESIAN_POINT('',(-1.25,-31.225,1.51));
#6709 = DIRECTION('',(1.,0.,-0.));
#6710 = DIRECTION('',(0.,-1.,0.));
#6711 = ADVANCED_FACE('',(#6712),#6728,.T.);
#6712 = FACE_BOUND('',#6713,.T.);
#6713 = EDGE_LOOP('',(#6714,#6715,#6721,#6722));
#6714 = ORIENTED_EDGE('',*,*,#6693,.T.);
#6715 = ORIENTED_EDGE('',*,*,#6716,.T.);
#6716 = EDGE_CURVE('',#6686,#6616,#6717,.T.);
#6717 = LINE('',#6718,#6719);
#6718 = CARTESIAN_POINT('',(-1.25,-32.725,1.55));
#6719 = VECTOR('',#6720,1.);
#6720 = DIRECTION('',(-1.,0.,0.));
#6721 = ORIENTED_EDGE('',*,*,#6613,.F.);
#6722 = ORIENTED_EDGE('',*,*,#6723,.F.);
#6723 = EDGE_CURVE('',#6694,#6614,#6724,.T.);
#6724 = LINE('',#6725,#6726);
#6725 = CARTESIAN_POINT('',(-1.25,-32.725,1.51));
#6726 = VECTOR('',#6727,1.);
#6727 = DIRECTION('',(-1.,0.,0.));
#6728 = PLANE('',#6729);
#6729 = AXIS2_PLACEMENT_3D('',#6730,#6731,#6732);
#6730 = CARTESIAN_POINT('',(-1.25,-32.725,1.51));
#6731 = DIRECTION('',(0.,-1.,0.));
#6732 = DIRECTION('',(-1.,0.,0.));
#6733 = ADVANCED_FACE('',(#6734),#6740,.F.);
#6734 = FACE_BOUND('',#6735,.T.);
#6735 = EDGE_LOOP('',(#6736,#6737,#6738,#6739));
#6736 = ORIENTED_EDGE('',*,*,#6639,.T.);
#6737 = ORIENTED_EDGE('',*,*,#6670,.T.);
#6738 = ORIENTED_EDGE('',*,*,#6701,.T.);
#6739 = ORIENTED_EDGE('',*,*,#6723,.T.);
#6740 = PLANE('',#6741);
#6741 = AXIS2_PLACEMENT_3D('',#6742,#6743,#6744);
#6742 = CARTESIAN_POINT('',(0.,0.,1.51));
#6743 = DIRECTION('',(0.,0.,1.));
#6744 = DIRECTION('',(1.,0.,-0.));
#6745 = ADVANCED_FACE('',(#6746),#6752,.T.);
#6746 = FACE_BOUND('',#6747,.F.);
#6747 = EDGE_LOOP('',(#6748,#6749,#6750,#6751));
#6748 = ORIENTED_EDGE('',*,*,#6623,.T.);
#6749 = ORIENTED_EDGE('',*,*,#6654,.T.);
#6750 = ORIENTED_EDGE('',*,*,#6685,.T.);
#6751 = ORIENTED_EDGE('',*,*,#6716,.T.);
#6752 = PLANE('',#6753);
#6753 = AXIS2_PLACEMENT_3D('',#6754,#6755,#6756);
#6754 = CARTESIAN_POINT('',(0.,0.,1.55));
#6755 = DIRECTION('',(0.,0.,1.));
#6756 = DIRECTION('',(1.,0.,-0.));
#6757 = ( GEOMETRIC_REPRESENTATION_CONTEXT(3) 
GLOBAL_UNCERTAINTY_ASSIGNED_CONTEXT((#6761)) 
GLOBAL_UNIT_ASSIGNED_CONTEXT((#6758,#6759,#6760)) REPRESENTATION_CONTEXT
('Context #1','3D Context with UNIT and UNCERTAINTY') );
#6758 = ( LENGTH_UNIT() NAMED_UNIT(*) SI_UNIT(.MILLI.,.METRE.) );
#6759 = ( NAMED_UNIT(*) PLANE_ANGLE_UNIT() SI_UNIT($,.RADIAN.) );
#6760 = ( NAMED_UNIT(*) SI_UNIT($,.STERADIAN.) SOLID_ANGLE_UNIT() );
#6761 = UNCERTAINTY_MEASURE_WITH_UNIT(LENGTH_MEASURE(1.E-07),#6758,
  'distance_accuracy_value','confusion accuracy');
#6762 = CONTEXT_DEPENDENT_SHAPE_REPRESENTATION(#6763,#6765);
#6763 = ( REPRESENTATION_RELATIONSHIP('','',#36,#10) 
REPRESENTATION_RELATIONSHIP_WITH_TRANSFORMATION(#6764) 
SHAPE_REPRESENTATION_RELATIONSHIP() );
#6764 = ITEM_DEFINED_TRANSFORMATION('','',#11,#15);
#6765 = PRODUCT_DEFINITION_SHAPE('Placement','Placement of an item',
  #6766);
#6766 = NEXT_ASSEMBLY_USAGE_OCCURRENCE('1','=>[0:1:1:2]','',#5,#31,$);
#6767 = PRODUCT_RELATED_PRODUCT_CATEGORY('part',$,(#33));
#6768 = SHAPE_DEFINITION_REPRESENTATION(#6769,#6775);
#6769 = PRODUCT_DEFINITION_SHAPE('','',#6770);
#6770 = PRODUCT_DEFINITION('design','',#6771,#6774);
#6771 = PRODUCT_DEFINITION_FORMATION('','',#6772);
#6772 = PRODUCT('quad_coils_PCB','quad_coils_PCB','',(#6773));
#6773 = PRODUCT_CONTEXT('',#2,'mechanical');
#6774 = PRODUCT_DEFINITION_CONTEXT('part definition',#2,'design');
#6775 = ADVANCED_BREP_SHAPE_REPRESENTATION('',(#11,#6776),#9518);
#6776 = MANIFOLD_SOLID_BREP('',#6777);
#6777 = CLOSED_SHELL('',(#6778,#6820,#6853,#6886,#7584,#8282,#8299,#8316
    ,#8333,#8350,#8367,#8384,#8401,#8418,#8435,#8452,#8469,#8486,#8503,
    #8520,#8537,#8554,#8566,#8583,#8600,#8617,#8634,#8651,#8668,#8690,
    #8707,#8724,#8741,#8758,#8775,#8792,#8804,#8821,#8838,#8855,#8872,
    #8889,#8906,#8928,#8945,#8962,#8979,#8996,#9013,#9030,#9042,#9059,
    #9076,#9093,#9110,#9127,#9144,#9161,#9178,#9195,#9212,#9234,#9251,
    #9268,#9285,#9302,#9319,#9336,#9348,#9370,#9387,#9404,#9421,#9438,
    #9455,#9472,#9484,#9501));
#6778 = ADVANCED_FACE('',(#6779),#6815,.T.);
#6779 = FACE_BOUND('',#6780,.T.);
#6780 = EDGE_LOOP('',(#6781,#6791,#6800,#6808));
#6781 = ORIENTED_EDGE('',*,*,#6782,.T.);
#6782 = EDGE_CURVE('',#6783,#6785,#6787,.T.);
#6783 = VERTEX_POINT('',#6784);
#6784 = CARTESIAN_POINT('',(12.007246,34.356685,0.));
#6785 = VERTEX_POINT('',#6786);
#6786 = CARTESIAN_POINT('',(12.007246,34.356685,1.51));
#6787 = LINE('',#6788,#6789);
#6788 = CARTESIAN_POINT('',(12.007246,34.356685,0.));
#6789 = VECTOR('',#6790,1.);
#6790 = DIRECTION('',(0.,0.,1.));
#6791 = ORIENTED_EDGE('',*,*,#6792,.T.);
#6792 = EDGE_CURVE('',#6785,#6793,#6795,.T.);
#6793 = VERTEX_POINT('',#6794);
#6794 = CARTESIAN_POINT('',(34.356685,12.007247,1.51));
#6795 = CIRCLE('',#6796,17.771947274768);
#6796 = AXIS2_PLACEMENT_3D('',#6797,#6798,#6799);
#6797 = CARTESIAN_POINT('',(17.433339301192,17.433339543977,1.51));
#6798 = DIRECTION('',(0.,0.,-1.));
#6799 = DIRECTION('',(-0.305317882014,0.952250487489,0.));
#6800 = ORIENTED_EDGE('',*,*,#6801,.F.);
#6801 = EDGE_CURVE('',#6802,#6793,#6804,.T.);
#6802 = VERTEX_POINT('',#6803);
#6803 = CARTESIAN_POINT('',(34.356685,12.007247,0.));
#6804 = LINE('',#6805,#6806);
#6805 = CARTESIAN_POINT('',(34.356685,12.007247,0.));
#6806 = VECTOR('',#6807,1.);
#6807 = DIRECTION('',(0.,0.,1.));
#6808 = ORIENTED_EDGE('',*,*,#6809,.F.);
#6809 = EDGE_CURVE('',#6783,#6802,#6810,.T.);
#6810 = CIRCLE('',#6811,17.771947274768);
#6811 = AXIS2_PLACEMENT_3D('',#6812,#6813,#6814);
#6812 = CARTESIAN_POINT('',(17.433339301192,17.433339543977,0.));
#6813 = DIRECTION('',(0.,0.,-1.));
#6814 = DIRECTION('',(-0.305317882014,0.952250487489,0.));
#6815 = CYLINDRICAL_SURFACE('',#6816,17.771947274768);
#6816 = AXIS2_PLACEMENT_3D('',#6817,#6818,#6819);
#6817 = CARTESIAN_POINT('',(17.433339301192,17.433339543977,0.));
#6818 = DIRECTION('',(0.,0.,-1.));
#6819 = DIRECTION('',(-0.305317882014,0.952250487489,0.));
#6820 = ADVANCED_FACE('',(#6821),#6848,.F.);
#6821 = FACE_BOUND('',#6822,.T.);
#6822 = EDGE_LOOP('',(#6823,#6833,#6840,#6841));
#6823 = ORIENTED_EDGE('',*,*,#6824,.T.);
#6824 = EDGE_CURVE('',#6825,#6827,#6829,.T.);
#6825 = VERTEX_POINT('',#6826);
#6826 = CARTESIAN_POINT('',(8.015,33.97,0.));
#6827 = VERTEX_POINT('',#6828);
#6828 = CARTESIAN_POINT('',(8.015,33.97,1.51));
#6829 = LINE('',#6830,#6831);
#6830 = CARTESIAN_POINT('',(8.015,33.97,0.));
#6831 = VECTOR('',#6832,1.);
#6832 = DIRECTION('',(0.,0.,1.));
#6833 = ORIENTED_EDGE('',*,*,#6834,.T.);
#6834 = EDGE_CURVE('',#6827,#6785,#6835,.T.);
#6835 = CIRCLE('',#6836,15.944241960266);
#6836 = AXIS2_PLACEMENT_3D('',#6837,#6838,#6839);
#6837 = CARTESIAN_POINT('',(8.486180944319,49.907278318622,1.51));
#6838 = DIRECTION('',(0.,0.,1.));
#6839 = DIRECTION('',(-2.955179339936E-02,-0.999563250378,0.));
#6840 = ORIENTED_EDGE('',*,*,#6782,.F.);
#6841 = ORIENTED_EDGE('',*,*,#6842,.F.);
#6842 = EDGE_CURVE('',#6825,#6783,#6843,.T.);
#6843 = CIRCLE('',#6844,15.944241960266);
#6844 = AXIS2_PLACEMENT_3D('',#6845,#6846,#6847);
#6845 = CARTESIAN_POINT('',(8.486180944319,49.907278318622,0.));
#6846 = DIRECTION('',(0.,0.,1.));
#6847 = DIRECTION('',(-2.955179339936E-02,-0.999563250378,0.));
#6848 = CYLINDRICAL_SURFACE('',#6849,15.944241960266);
#6849 = AXIS2_PLACEMENT_3D('',#6850,#6851,#6852);
#6850 = CARTESIAN_POINT('',(8.486180944319,49.907278318622,0.));
#6851 = DIRECTION('',(-0.,-0.,-1.));
#6852 = DIRECTION('',(-2.955179339936E-02,-0.999563250378,0.));
#6853 = ADVANCED_FACE('',(#6854),#6881,.F.);
#6854 = FACE_BOUND('',#6855,.T.);
#6855 = EDGE_LOOP('',(#6856,#6857,#6866,#6874));
#6856 = ORIENTED_EDGE('',*,*,#6801,.T.);
#6857 = ORIENTED_EDGE('',*,*,#6858,.T.);
#6858 = EDGE_CURVE('',#6793,#6859,#6861,.T.);
#6859 = VERTEX_POINT('',#6860);
#6860 = CARTESIAN_POINT('',(33.97,7.845,1.51));
#6861 = CIRCLE('',#6862,17.147464633736);
#6862 = AXIS2_PLACEMENT_3D('',#6863,#6864,#6865);
#6863 = CARTESIAN_POINT('',(51.109975690418,8.351731385539,1.51));
#6864 = DIRECTION('',(0.,0.,1.));
#6865 = DIRECTION('',(-0.977012698277,0.213181114091,0.));
#6866 = ORIENTED_EDGE('',*,*,#6867,.F.);
#6867 = EDGE_CURVE('',#6868,#6859,#6870,.T.);
#6868 = VERTEX_POINT('',#6869);
#6869 = CARTESIAN_POINT('',(33.97,7.845,0.));
#6870 = LINE('',#6871,#6872);
#6871 = CARTESIAN_POINT('',(33.97,7.845,0.));
#6872 = VECTOR('',#6873,1.);
#6873 = DIRECTION('',(0.,0.,1.));
#6874 = ORIENTED_EDGE('',*,*,#6875,.F.);
#6875 = EDGE_CURVE('',#6802,#6868,#6876,.T.);
#6876 = CIRCLE('',#6877,17.147464633736);
#6877 = AXIS2_PLACEMENT_3D('',#6878,#6879,#6880);
#6878 = CARTESIAN_POINT('',(51.109975690418,8.351731385539,0.));
#6879 = DIRECTION('',(0.,0.,1.));
#6880 = DIRECTION('',(-0.977012698277,0.213181114091,0.));
#6881 = CYLINDRICAL_SURFACE('',#6882,17.147464633736);
#6882 = AXIS2_PLACEMENT_3D('',#6883,#6884,#6885);
#6883 = CARTESIAN_POINT('',(51.109975690418,8.351731385539,0.));
#6884 = DIRECTION('',(-0.,-0.,-1.));
#6885 = DIRECTION('',(-0.977012698277,0.213181114091,0.));
#6886 = ADVANCED_FACE('',(#6887,#7035,#7046,#7057,#7068,#7079,#7090,
    #7101,#7171,#7182,#7193,#7204,#7215,#7226,#7237,#7307,#7318,#7329,
    #7340,#7351,#7362,#7373,#7384,#7395,#7406,#7417,#7487,#7557,#7568),
  #7579,.F.);
#6887 = FACE_BOUND('',#6888,.F.);
#6888 = EDGE_LOOP('',(#6889,#6890,#6891,#6899,#6907,#6916,#6925,#6934,
    #6942,#6950,#6959,#6968,#6977,#6985,#6993,#7002,#7011,#7020,#7028,
    #7034));
#6889 = ORIENTED_EDGE('',*,*,#6809,.F.);
#6890 = ORIENTED_EDGE('',*,*,#6842,.F.);
#6891 = ORIENTED_EDGE('',*,*,#6892,.F.);
#6892 = EDGE_CURVE('',#6893,#6825,#6895,.T.);
#6893 = VERTEX_POINT('',#6894);
#6894 = CARTESIAN_POINT('',(8.5E-02,33.97,0.));
#6895 = LINE('',#6896,#6897);
#6896 = CARTESIAN_POINT('',(8.5E-02,33.97,0.));
#6897 = VECTOR('',#6898,1.);
#6898 = DIRECTION('',(1.,0.,0.));
#6899 = ORIENTED_EDGE('',*,*,#6900,.F.);
#6900 = EDGE_CURVE('',#6901,#6893,#6903,.T.);
#6901 = VERTEX_POINT('',#6902);
#6902 = CARTESIAN_POINT('',(-7.845,33.97,0.));
#6903 = LINE('',#6904,#6905);
#6904 = CARTESIAN_POINT('',(-7.845,33.97,0.));
#6905 = VECTOR('',#6906,1.);
#6906 = DIRECTION('',(1.,0.,0.));
#6907 = ORIENTED_EDGE('',*,*,#6908,.F.);
#6908 = EDGE_CURVE('',#6909,#6901,#6911,.T.);
#6909 = VERTEX_POINT('',#6910);
#6910 = CARTESIAN_POINT('',(-12.007246,34.356685,0.));
#6911 = CIRCLE('',#6912,17.147450338268);
#6912 = AXIS2_PLACEMENT_3D('',#6913,#6914,#6915);
#6913 = CARTESIAN_POINT('',(-8.351731837196,51.109961375352,0.));
#6914 = DIRECTION('',(0.,0.,1.));
#6915 = DIRECTION('',(-0.213181207159,-0.97701267797,0.));
#6916 = ORIENTED_EDGE('',*,*,#6917,.F.);
#6917 = EDGE_CURVE('',#6918,#6909,#6920,.T.);
#6918 = VERTEX_POINT('',#6919);
#6919 = CARTESIAN_POINT('',(-34.356685,12.007246,0.));
#6920 = CIRCLE('',#6921,17.771948166256);
#6921 = AXIS2_PLACEMENT_3D('',#6922,#6923,#6924);
#6922 = CARTESIAN_POINT('',(-17.43333828053,17.433338280535,0.));
#6923 = DIRECTION('',(0.,0.,-1.));
#6924 = DIRECTION('',(-0.952250510813,-0.305317809267,-0.));
#6925 = ORIENTED_EDGE('',*,*,#6926,.F.);
#6926 = EDGE_CURVE('',#6927,#6918,#6929,.T.);
#6927 = VERTEX_POINT('',#6928);
#6928 = CARTESIAN_POINT('',(-33.97,8.015,0.));
#6929 = CIRCLE('',#6930,15.944241960266);
#6930 = AXIS2_PLACEMENT_3D('',#6931,#6932,#6933);
#6931 = CARTESIAN_POINT('',(-49.90727831862,8.486180944319,0.));
#6932 = DIRECTION('',(0.,0.,1.));
#6933 = DIRECTION('',(0.999563250378,-2.955179339936E-02,0.));
#6934 = ORIENTED_EDGE('',*,*,#6935,.F.);
#6935 = EDGE_CURVE('',#6936,#6927,#6938,.T.);
#6936 = VERTEX_POINT('',#6937);
#6937 = CARTESIAN_POINT('',(-33.97,8.5E-02,0.));
#6938 = LINE('',#6939,#6940);
#6939 = CARTESIAN_POINT('',(-33.97,8.5E-02,0.));
#6940 = VECTOR('',#6941,1.);
#6941 = DIRECTION('',(0.,1.,0.));
#6942 = ORIENTED_EDGE('',*,*,#6943,.F.);
#6943 = EDGE_CURVE('',#6944,#6936,#6946,.T.);
#6944 = VERTEX_POINT('',#6945);
#6945 = CARTESIAN_POINT('',(-33.97,-7.845,0.));
#6946 = LINE('',#6947,#6948);
#6947 = CARTESIAN_POINT('',(-33.97,-7.845,0.));
#6948 = VECTOR('',#6949,1.);
#6949 = DIRECTION('',(0.,1.,0.));
#6950 = ORIENTED_EDGE('',*,*,#6951,.F.);
#6951 = EDGE_CURVE('',#6952,#6944,#6954,.T.);
#6952 = VERTEX_POINT('',#6953);
#6953 = CARTESIAN_POINT('',(-34.356684,-12.007247,0.));
#6954 = CIRCLE('',#6955,17.147530150385);
#6955 = AXIS2_PLACEMENT_3D('',#6956,#6957,#6958);
#6956 = CARTESIAN_POINT('',(-51.11004129689,-8.35172931558,0.));
#6957 = DIRECTION('',(0.,0.,1.));
#6958 = DIRECTION('',(0.977012849662,-0.213180420291,0.));
#6959 = ORIENTED_EDGE('',*,*,#6960,.F.);
#6960 = EDGE_CURVE('',#6961,#6952,#6963,.T.);
#6961 = VERTEX_POINT('',#6962);
#6962 = CARTESIAN_POINT('',(-12.007246,-34.356685,0.));
#6963 = CIRCLE('',#6964,17.771946988933);
#6964 = AXIS2_PLACEMENT_3D('',#6965,#6966,#6967);
#6965 = CARTESIAN_POINT('',(-17.43333862844,-17.43333962844,0.));
#6966 = DIRECTION('',(0.,0.,-1.));
#6967 = DIRECTION('',(0.30531784907,-0.952250498052,0.));
#6968 = ORIENTED_EDGE('',*,*,#6969,.F.);
#6969 = EDGE_CURVE('',#6970,#6961,#6972,.T.);
#6970 = VERTEX_POINT('',#6971);
#6971 = CARTESIAN_POINT('',(-8.015,-33.97,0.));
#6972 = CIRCLE('',#6973,15.944241960266);
#6973 = AXIS2_PLACEMENT_3D('',#6974,#6975,#6976);
#6974 = CARTESIAN_POINT('',(-8.486180944319,-49.90727831862,0.));
#6975 = DIRECTION('',(0.,0.,1.));
#6976 = DIRECTION('',(2.955179339936E-02,0.999563250378,-0.));
#6977 = ORIENTED_EDGE('',*,*,#6978,.F.);
#6978 = EDGE_CURVE('',#6979,#6970,#6981,.T.);
#6979 = VERTEX_POINT('',#6980);
#6980 = CARTESIAN_POINT('',(-8.5E-02,-33.97,0.));
#6981 = LINE('',#6982,#6983);
#6982 = CARTESIAN_POINT('',(-8.5E-02,-33.97,0.));
#6983 = VECTOR('',#6984,1.);
#6984 = DIRECTION('',(-1.,0.,0.));
#6985 = ORIENTED_EDGE('',*,*,#6986,.F.);
#6986 = EDGE_CURVE('',#6987,#6979,#6989,.T.);
#6987 = VERTEX_POINT('',#6988);
#6988 = CARTESIAN_POINT('',(7.845,-33.97,0.));
#6989 = LINE('',#6990,#6991);
#6990 = CARTESIAN_POINT('',(7.845,-33.97,0.));
#6991 = VECTOR('',#6992,1.);
#6992 = DIRECTION('',(-1.,0.,0.));
#6993 = ORIENTED_EDGE('',*,*,#6994,.F.);
#6994 = EDGE_CURVE('',#6995,#6987,#6997,.T.);
#6995 = VERTEX_POINT('',#6996);
#6996 = CARTESIAN_POINT('',(12.007247,-34.356685,0.));
#6997 = CIRCLE('',#6998,17.147464633736);
#6998 = AXIS2_PLACEMENT_3D('',#6999,#7000,#7001);
#6999 = CARTESIAN_POINT('',(8.351731385539,-51.10997569041,0.));
#7000 = DIRECTION('',(0.,0.,1.));
#7001 = DIRECTION('',(0.213181114091,0.977012698277,-0.));
#7002 = ORIENTED_EDGE('',*,*,#7003,.F.);
#7003 = EDGE_CURVE('',#7004,#6995,#7006,.T.);
#7004 = VERTEX_POINT('',#7005);
#7005 = CARTESIAN_POINT('',(34.356685,-12.007246,0.));
#7006 = CIRCLE('',#7007,17.771947102424);
#7007 = AXIS2_PLACEMENT_3D('',#7008,#7009,#7010);
#7008 = CARTESIAN_POINT('',(17.43333981038,-17.43333956759,0.));
#7009 = DIRECTION('',(0.,0.,-1.));
#7010 = DIRECTION('',(0.952250481733,0.305317899965,0.));
#7011 = ORIENTED_EDGE('',*,*,#7012,.F.);
#7012 = EDGE_CURVE('',#7013,#7004,#7015,.T.);
#7013 = VERTEX_POINT('',#7014);
#7014 = CARTESIAN_POINT('',(33.97,-8.015,0.));
#7015 = CIRCLE('',#7016,15.944241960266);
#7016 = AXIS2_PLACEMENT_3D('',#7017,#7018,#7019);
#7017 = CARTESIAN_POINT('',(49.907278318622,-8.486180944319,0.));
#7018 = DIRECTION('',(0.,0.,1.));
#7019 = DIRECTION('',(-0.999563250378,2.955179339936E-02,0.));
#7020 = ORIENTED_EDGE('',*,*,#7021,.F.);
#7021 = EDGE_CURVE('',#7022,#7013,#7024,.T.);
#7022 = VERTEX_POINT('',#7023);
#7023 = CARTESIAN_POINT('',(33.97,-8.5E-02,0.));
#7024 = LINE('',#7025,#7026);
#7025 = CARTESIAN_POINT('',(33.97,-8.5E-02,0.));
#7026 = VECTOR('',#7027,1.);
#7027 = DIRECTION('',(0.,-1.,0.));
#7028 = ORIENTED_EDGE('',*,*,#7029,.F.);
#7029 = EDGE_CURVE('',#6868,#7022,#7030,.T.);
#7030 = LINE('',#7031,#7032);
#7031 = CARTESIAN_POINT('',(33.97,7.845,0.));
#7032 = VECTOR('',#7033,1.);
#7033 = DIRECTION('',(0.,-1.,0.));
#7034 = ORIENTED_EDGE('',*,*,#6875,.F.);
#7035 = FACE_BOUND('',#7036,.F.);
#7036 = EDGE_LOOP('',(#7037));
#7037 = ORIENTED_EDGE('',*,*,#7038,.T.);
#7038 = EDGE_CURVE('',#7039,#7039,#7041,.T.);
#7039 = VERTEX_POINT('',#7040);
#7040 = CARTESIAN_POINT('',(-20.675914,-20.825914,0.));
#7041 = CIRCLE('',#7042,0.15);
#7042 = AXIS2_PLACEMENT_3D('',#7043,#7044,#7045);
#7043 = CARTESIAN_POINT('',(-20.675914,-20.675914,0.));
#7044 = DIRECTION('',(-0.,0.,-1.));
#7045 = DIRECTION('',(-0.,-1.,0.));
#7046 = FACE_BOUND('',#7047,.F.);
#7047 = EDGE_LOOP('',(#7048));
#7048 = ORIENTED_EDGE('',*,*,#7049,.F.);
#7049 = EDGE_CURVE('',#7050,#7050,#7052,.T.);
#7050 = VERTEX_POINT('',#7051);
#7051 = CARTESIAN_POINT('',(-14.4,-17.6,0.));
#7052 = CIRCLE('',#7053,3.2);
#7053 = AXIS2_PLACEMENT_3D('',#7054,#7055,#7056);
#7054 = CARTESIAN_POINT('',(-17.6,-17.6,0.));
#7055 = DIRECTION('',(0.,0.,1.));
#7056 = DIRECTION('',(1.,0.,-0.));
#7057 = FACE_BOUND('',#7058,.F.);
#7058 = EDGE_LOOP('',(#7059));
#7059 = ORIENTED_EDGE('',*,*,#7060,.T.);
#7060 = EDGE_CURVE('',#7061,#7061,#7063,.T.);
#7061 = VERTEX_POINT('',#7062);
#7062 = CARTESIAN_POINT('',(-27.039876,-1.480478,0.));
#7063 = CIRCLE('',#7064,0.25);
#7064 = AXIS2_PLACEMENT_3D('',#7065,#7066,#7067);
#7065 = CARTESIAN_POINT('',(-27.039876,-1.230478,0.));
#7066 = DIRECTION('',(-0.,0.,-1.));
#7067 = DIRECTION('',(-0.,-1.,0.));
#7068 = FACE_BOUND('',#7069,.F.);
#7069 = EDGE_LOOP('',(#7070));
#7070 = ORIENTED_EDGE('',*,*,#7071,.T.);
#7071 = EDGE_CURVE('',#7072,#7072,#7074,.T.);
#7072 = VERTEX_POINT('',#7073);
#7073 = CARTESIAN_POINT('',(-14.524086,-14.674086,0.));
#7074 = CIRCLE('',#7075,0.15);
#7075 = AXIS2_PLACEMENT_3D('',#7076,#7077,#7078);
#7076 = CARTESIAN_POINT('',(-14.524086,-14.524086,0.));
#7077 = DIRECTION('',(-0.,0.,-1.));
#7078 = DIRECTION('',(-0.,-1.,0.));
#7079 = FACE_BOUND('',#7080,.F.);
#7080 = EDGE_LOOP('',(#7081));
#7081 = ORIENTED_EDGE('',*,*,#7082,.T.);
#7082 = EDGE_CURVE('',#7083,#7083,#7085,.T.);
#7083 = VERTEX_POINT('',#7084);
#7084 = CARTESIAN_POINT('',(-5.08421,-5.23421,0.));
#7085 = CIRCLE('',#7086,0.15);
#7086 = AXIS2_PLACEMENT_3D('',#7087,#7088,#7089);
#7087 = CARTESIAN_POINT('',(-5.08421,-5.08421,0.));
#7088 = DIRECTION('',(-0.,0.,-1.));
#7089 = DIRECTION('',(5.921189464667E-15,-1.,-0.));
#7090 = FACE_BOUND('',#7091,.F.);
#7091 = EDGE_LOOP('',(#7092));
#7092 = ORIENTED_EDGE('',*,*,#7093,.T.);
#7093 = EDGE_CURVE('',#7094,#7094,#7096,.T.);
#7094 = VERTEX_POINT('',#7095);
#7095 = CARTESIAN_POINT('',(-8.174999,-1.52542,0.));
#7096 = CIRCLE('',#7097,0.25);
#7097 = AXIS2_PLACEMENT_3D('',#7098,#7099,#7100);
#7098 = CARTESIAN_POINT('',(-8.174999,-1.27542,0.));
#7099 = DIRECTION('',(-0.,0.,-1.));
#7100 = DIRECTION('',(-0.,-1.,0.));
#7101 = FACE_BOUND('',#7102,.F.);
#7102 = EDGE_LOOP('',(#7103,#7114,#7122,#7131,#7139,#7148,#7156,#7165));
#7103 = ORIENTED_EDGE('',*,*,#7104,.F.);
#7104 = EDGE_CURVE('',#7105,#7107,#7109,.T.);
#7105 = VERTEX_POINT('',#7106);
#7106 = CARTESIAN_POINT('',(-0.7,-30.975,0.));
#7107 = VERTEX_POINT('',#7108);
#7108 = CARTESIAN_POINT('',(-0.85,-31.125,0.));
#7109 = CIRCLE('',#7110,0.150000058649);
#7110 = AXIS2_PLACEMENT_3D('',#7111,#7112,#7113);
#7111 = CARTESIAN_POINT('',(-0.699999941351,-31.12500005864,0.));
#7112 = DIRECTION('',(0.,0.,1.));
#7113 = DIRECTION('',(-3.909953638269E-07,1.,0.));
#7114 = ORIENTED_EDGE('',*,*,#7115,.F.);
#7115 = EDGE_CURVE('',#7116,#7105,#7118,.T.);
#7116 = VERTEX_POINT('',#7117);
#7117 = CARTESIAN_POINT('',(0.7,-30.975,0.));
#7118 = LINE('',#7119,#7120);
#7119 = CARTESIAN_POINT('',(0.7,-30.975,0.));
#7120 = VECTOR('',#7121,1.);
#7121 = DIRECTION('',(-1.,0.,0.));
#7122 = ORIENTED_EDGE('',*,*,#7123,.F.);
#7123 = EDGE_CURVE('',#7124,#7116,#7126,.T.);
#7124 = VERTEX_POINT('',#7125);
#7125 = CARTESIAN_POINT('',(0.85,-31.125,0.));
#7126 = CIRCLE('',#7127,0.150000058649);
#7127 = AXIS2_PLACEMENT_3D('',#7128,#7129,#7130);
#7128 = CARTESIAN_POINT('',(0.699999941351,-31.12500005864,0.));
#7129 = DIRECTION('',(0.,0.,1.));
#7130 = DIRECTION('',(1.,3.909953616065E-07,-0.));
#7131 = ORIENTED_EDGE('',*,*,#7132,.F.);
#7132 = EDGE_CURVE('',#7133,#7124,#7135,.T.);
#7133 = VERTEX_POINT('',#7134);
#7134 = CARTESIAN_POINT('',(0.85,-33.225,0.));
#7135 = LINE('',#7136,#7137);
#7136 = CARTESIAN_POINT('',(0.85,-33.225,0.));
#7137 = VECTOR('',#7138,1.);
#7138 = DIRECTION('',(0.,1.,0.));
#7139 = ORIENTED_EDGE('',*,*,#7140,.F.);
#7140 = EDGE_CURVE('',#7141,#7133,#7143,.T.);
#7141 = VERTEX_POINT('',#7142);
#7142 = CARTESIAN_POINT('',(0.7,-33.375,0.));
#7143 = CIRCLE('',#7144,0.150000058649);
#7144 = AXIS2_PLACEMENT_3D('',#7145,#7146,#7147);
#7145 = CARTESIAN_POINT('',(0.699999941351,-33.22499994135,0.));
#7146 = DIRECTION('',(0.,0.,1.));
#7147 = DIRECTION('',(3.909953519845E-07,-1.,0.));
#7148 = ORIENTED_EDGE('',*,*,#7149,.F.);
#7149 = EDGE_CURVE('',#7150,#7141,#7152,.T.);
#7150 = VERTEX_POINT('',#7151);
#7151 = CARTESIAN_POINT('',(-0.7,-33.375,0.));
#7152 = LINE('',#7153,#7154);
#7153 = CARTESIAN_POINT('',(-0.7,-33.375,0.));
#7154 = VECTOR('',#7155,1.);
#7155 = DIRECTION('',(1.,0.,0.));
#7156 = ORIENTED_EDGE('',*,*,#7157,.F.);
#7157 = EDGE_CURVE('',#7158,#7150,#7160,.T.);
#7158 = VERTEX_POINT('',#7159);
#7159 = CARTESIAN_POINT('',(-0.85,-33.225,0.));
#7160 = CIRCLE('',#7161,0.150000058649);
#7161 = AXIS2_PLACEMENT_3D('',#7162,#7163,#7164);
#7162 = CARTESIAN_POINT('',(-0.699999941351,-33.22499994135,0.));
#7163 = DIRECTION('',(0.,0.,1.));
#7164 = DIRECTION('',(-1.,-3.909953616065E-07,0.));
#7165 = ORIENTED_EDGE('',*,*,#7166,.F.);
#7166 = EDGE_CURVE('',#7107,#7158,#7167,.T.);
#7167 = LINE('',#7168,#7169);
#7168 = CARTESIAN_POINT('',(-0.85,-31.125,0.));
#7169 = VECTOR('',#7170,1.);
#7170 = DIRECTION('',(0.,-1.,0.));
#7171 = FACE_BOUND('',#7172,.F.);
#7172 = EDGE_LOOP('',(#7173));
#7173 = ORIENTED_EDGE('',*,*,#7174,.T.);
#7174 = EDGE_CURVE('',#7175,#7175,#7177,.T.);
#7175 = VERTEX_POINT('',#7176);
#7176 = CARTESIAN_POINT('',(1.230478,-27.289876,0.));
#7177 = CIRCLE('',#7178,0.25);
#7178 = AXIS2_PLACEMENT_3D('',#7179,#7180,#7181);
#7179 = CARTESIAN_POINT('',(1.230478,-27.039876,0.));
#7180 = DIRECTION('',(-0.,0.,-1.));
#7181 = DIRECTION('',(-0.,-1.,0.));
#7182 = FACE_BOUND('',#7183,.F.);
#7183 = EDGE_LOOP('',(#7184));
#7184 = ORIENTED_EDGE('',*,*,#7185,.T.);
#7185 = EDGE_CURVE('',#7186,#7186,#7188,.T.);
#7186 = VERTEX_POINT('',#7187);
#7187 = CARTESIAN_POINT('',(20.675914,-20.825914,0.));
#7188 = CIRCLE('',#7189,0.15);
#7189 = AXIS2_PLACEMENT_3D('',#7190,#7191,#7192);
#7190 = CARTESIAN_POINT('',(20.675914,-20.675914,0.));
#7191 = DIRECTION('',(-0.,0.,-1.));
#7192 = DIRECTION('',(-0.,-1.,0.));
#7193 = FACE_BOUND('',#7194,.F.);
#7194 = EDGE_LOOP('',(#7195));
#7195 = ORIENTED_EDGE('',*,*,#7196,.F.);
#7196 = EDGE_CURVE('',#7197,#7197,#7199,.T.);
#7197 = VERTEX_POINT('',#7198);
#7198 = CARTESIAN_POINT('',(20.8,-17.6,0.));
#7199 = CIRCLE('',#7200,3.2);
#7200 = AXIS2_PLACEMENT_3D('',#7201,#7202,#7203);
#7201 = CARTESIAN_POINT('',(17.6,-17.6,0.));
#7202 = DIRECTION('',(0.,0.,1.));
#7203 = DIRECTION('',(1.,0.,-0.));
#7204 = FACE_BOUND('',#7205,.F.);
#7205 = EDGE_LOOP('',(#7206));
#7206 = ORIENTED_EDGE('',*,*,#7207,.T.);
#7207 = EDGE_CURVE('',#7208,#7208,#7210,.T.);
#7208 = VERTEX_POINT('',#7209);
#7209 = CARTESIAN_POINT('',(14.524086,-14.674086,0.));
#7210 = CIRCLE('',#7211,0.15);
#7211 = AXIS2_PLACEMENT_3D('',#7212,#7213,#7214);
#7212 = CARTESIAN_POINT('',(14.524086,-14.524086,0.));
#7213 = DIRECTION('',(-0.,0.,-1.));
#7214 = DIRECTION('',(-0.,-1.,0.));
#7215 = FACE_BOUND('',#7216,.F.);
#7216 = EDGE_LOOP('',(#7217));
#7217 = ORIENTED_EDGE('',*,*,#7218,.T.);
#7218 = EDGE_CURVE('',#7219,#7219,#7221,.T.);
#7219 = VERTEX_POINT('',#7220);
#7220 = CARTESIAN_POINT('',(1.27542,-8.424999,0.));
#7221 = CIRCLE('',#7222,0.25);
#7222 = AXIS2_PLACEMENT_3D('',#7223,#7224,#7225);
#7223 = CARTESIAN_POINT('',(1.27542,-8.174999,0.));
#7224 = DIRECTION('',(-0.,0.,-1.));
#7225 = DIRECTION('',(-0.,-1.,0.));
#7226 = FACE_BOUND('',#7227,.F.);
#7227 = EDGE_LOOP('',(#7228));
#7228 = ORIENTED_EDGE('',*,*,#7229,.T.);
#7229 = EDGE_CURVE('',#7230,#7230,#7232,.T.);
#7230 = VERTEX_POINT('',#7231);
#7231 = CARTESIAN_POINT('',(5.08421,-5.23421,0.));
#7232 = CIRCLE('',#7233,0.15);
#7233 = AXIS2_PLACEMENT_3D('',#7234,#7235,#7236);
#7234 = CARTESIAN_POINT('',(5.08421,-5.08421,0.));
#7235 = DIRECTION('',(-0.,0.,-1.));
#7236 = DIRECTION('',(-5.921189464668E-15,-1.,0.));
#7237 = FACE_BOUND('',#7238,.F.);
#7238 = EDGE_LOOP('',(#7239,#7250,#7258,#7267,#7275,#7284,#7292,#7301));
#7239 = ORIENTED_EDGE('',*,*,#7240,.F.);
#7240 = EDGE_CURVE('',#7241,#7243,#7245,.T.);
#7241 = VERTEX_POINT('',#7242);
#7242 = CARTESIAN_POINT('',(-33.225,0.85,0.));
#7243 = VERTEX_POINT('',#7244);
#7244 = CARTESIAN_POINT('',(-33.375,0.7,0.));
#7245 = CIRCLE('',#7246,0.150000058649);
#7246 = AXIS2_PLACEMENT_3D('',#7247,#7248,#7249);
#7247 = CARTESIAN_POINT('',(-33.22499994135,0.699999941351,0.));
#7248 = DIRECTION('',(0.,0.,1.));
#7249 = DIRECTION('',(-3.909953616065E-07,1.,0.));
#7250 = ORIENTED_EDGE('',*,*,#7251,.F.);
#7251 = EDGE_CURVE('',#7252,#7241,#7254,.T.);
#7252 = VERTEX_POINT('',#7253);
#7253 = CARTESIAN_POINT('',(-31.125,0.85,0.));
#7254 = LINE('',#7255,#7256);
#7255 = CARTESIAN_POINT('',(-31.125,0.85,0.));
#7256 = VECTOR('',#7257,1.);
#7257 = DIRECTION('',(-1.,0.,0.));
#7258 = ORIENTED_EDGE('',*,*,#7259,.F.);
#7259 = EDGE_CURVE('',#7260,#7252,#7262,.T.);
#7260 = VERTEX_POINT('',#7261);
#7261 = CARTESIAN_POINT('',(-30.975,0.7,0.));
#7262 = CIRCLE('',#7263,0.150000058649);
#7263 = AXIS2_PLACEMENT_3D('',#7264,#7265,#7266);
#7264 = CARTESIAN_POINT('',(-31.12500005864,0.699999941351,0.));
#7265 = DIRECTION('',(0.,0.,1.));
#7266 = DIRECTION('',(1.,3.909953638269E-07,-0.));
#7267 = ORIENTED_EDGE('',*,*,#7268,.F.);
#7268 = EDGE_CURVE('',#7269,#7260,#7271,.T.);
#7269 = VERTEX_POINT('',#7270);
#7270 = CARTESIAN_POINT('',(-30.975,-0.7,0.));
#7271 = LINE('',#7272,#7273);
#7272 = CARTESIAN_POINT('',(-30.975,-0.7,0.));
#7273 = VECTOR('',#7274,1.);
#7274 = DIRECTION('',(0.,1.,0.));
#7275 = ORIENTED_EDGE('',*,*,#7276,.F.);
#7276 = EDGE_CURVE('',#7277,#7269,#7279,.T.);
#7277 = VERTEX_POINT('',#7278);
#7278 = CARTESIAN_POINT('',(-31.125,-0.85,0.));
#7279 = CIRCLE('',#7280,0.150000058649);
#7280 = AXIS2_PLACEMENT_3D('',#7281,#7282,#7283);
#7281 = CARTESIAN_POINT('',(-31.12500005864,-0.699999941351,0.));
#7282 = DIRECTION('',(0.,0.,1.));
#7283 = DIRECTION('',(3.909953616065E-07,-1.,0.));
#7284 = ORIENTED_EDGE('',*,*,#7285,.F.);
#7285 = EDGE_CURVE('',#7286,#7277,#7288,.T.);
#7286 = VERTEX_POINT('',#7287);
#7287 = CARTESIAN_POINT('',(-33.225,-0.85,0.));
#7288 = LINE('',#7289,#7290);
#7289 = CARTESIAN_POINT('',(-33.225,-0.85,0.));
#7290 = VECTOR('',#7291,1.);
#7291 = DIRECTION('',(1.,0.,0.));
#7292 = ORIENTED_EDGE('',*,*,#7293,.F.);
#7293 = EDGE_CURVE('',#7294,#7286,#7296,.T.);
#7294 = VERTEX_POINT('',#7295);
#7295 = CARTESIAN_POINT('',(-33.375,-0.7,0.));
#7296 = CIRCLE('',#7297,0.150000058649);
#7297 = AXIS2_PLACEMENT_3D('',#7298,#7299,#7300);
#7298 = CARTESIAN_POINT('',(-33.22499994135,-0.699999941351,0.));
#7299 = DIRECTION('',(0.,0.,1.));
#7300 = DIRECTION('',(-1.,-3.909953519845E-07,0.));
#7301 = ORIENTED_EDGE('',*,*,#7302,.F.);
#7302 = EDGE_CURVE('',#7243,#7294,#7303,.T.);
#7303 = LINE('',#7304,#7305);
#7304 = CARTESIAN_POINT('',(-33.375,0.7,0.));
#7305 = VECTOR('',#7306,1.);
#7306 = DIRECTION('',(0.,-1.,0.));
#7307 = FACE_BOUND('',#7308,.F.);
#7308 = EDGE_LOOP('',(#7309));
#7309 = ORIENTED_EDGE('',*,*,#7310,.T.);
#7310 = EDGE_CURVE('',#7311,#7311,#7313,.T.);
#7311 = VERTEX_POINT('',#7312);
#7312 = CARTESIAN_POINT('',(-5.08421,4.93421,0.));
#7313 = CIRCLE('',#7314,0.15);
#7314 = AXIS2_PLACEMENT_3D('',#7315,#7316,#7317);
#7315 = CARTESIAN_POINT('',(-5.08421,5.08421,0.));
#7316 = DIRECTION('',(-0.,0.,-1.));
#7317 = DIRECTION('',(5.921189464667E-15,-1.,-0.));
#7318 = FACE_BOUND('',#7319,.F.);
#7319 = EDGE_LOOP('',(#7320));
#7320 = ORIENTED_EDGE('',*,*,#7321,.T.);
#7321 = EDGE_CURVE('',#7322,#7322,#7324,.T.);
#7322 = VERTEX_POINT('',#7323);
#7323 = CARTESIAN_POINT('',(-1.27542,7.924999,0.));
#7324 = CIRCLE('',#7325,0.25);
#7325 = AXIS2_PLACEMENT_3D('',#7326,#7327,#7328);
#7326 = CARTESIAN_POINT('',(-1.27542,8.174999,0.));
#7327 = DIRECTION('',(-0.,0.,-1.));
#7328 = DIRECTION('',(-0.,-1.,0.));
#7329 = FACE_BOUND('',#7330,.F.);
#7330 = EDGE_LOOP('',(#7331));
#7331 = ORIENTED_EDGE('',*,*,#7332,.T.);
#7332 = EDGE_CURVE('',#7333,#7333,#7335,.T.);
#7333 = VERTEX_POINT('',#7334);
#7334 = CARTESIAN_POINT('',(-14.524086,14.374086,0.));
#7335 = CIRCLE('',#7336,0.15);
#7336 = AXIS2_PLACEMENT_3D('',#7337,#7338,#7339);
#7337 = CARTESIAN_POINT('',(-14.524086,14.524086,0.));
#7338 = DIRECTION('',(-0.,0.,-1.));
#7339 = DIRECTION('',(-0.,-1.,0.));
#7340 = FACE_BOUND('',#7341,.F.);
#7341 = EDGE_LOOP('',(#7342));
#7342 = ORIENTED_EDGE('',*,*,#7343,.F.);
#7343 = EDGE_CURVE('',#7344,#7344,#7346,.T.);
#7344 = VERTEX_POINT('',#7345);
#7345 = CARTESIAN_POINT('',(-14.4,17.6,0.));
#7346 = CIRCLE('',#7347,3.2);
#7347 = AXIS2_PLACEMENT_3D('',#7348,#7349,#7350);
#7348 = CARTESIAN_POINT('',(-17.6,17.6,0.));
#7349 = DIRECTION('',(0.,0.,1.));
#7350 = DIRECTION('',(1.,0.,-0.));
#7351 = FACE_BOUND('',#7352,.F.);
#7352 = EDGE_LOOP('',(#7353));
#7353 = ORIENTED_EDGE('',*,*,#7354,.T.);
#7354 = EDGE_CURVE('',#7355,#7355,#7357,.T.);
#7355 = VERTEX_POINT('',#7356);
#7356 = CARTESIAN_POINT('',(-20.675914,20.525914,0.));
#7357 = CIRCLE('',#7358,0.15);
#7358 = AXIS2_PLACEMENT_3D('',#7359,#7360,#7361);
#7359 = CARTESIAN_POINT('',(-20.675914,20.675914,0.));
#7360 = DIRECTION('',(-0.,0.,-1.));
#7361 = DIRECTION('',(-0.,-1.,0.));
#7362 = FACE_BOUND('',#7363,.F.);
#7363 = EDGE_LOOP('',(#7364));
#7364 = ORIENTED_EDGE('',*,*,#7365,.T.);
#7365 = EDGE_CURVE('',#7366,#7366,#7368,.T.);
#7366 = VERTEX_POINT('',#7367);
#7367 = CARTESIAN_POINT('',(-1.230478,26.789876,0.));
#7368 = CIRCLE('',#7369,0.25);
#7369 = AXIS2_PLACEMENT_3D('',#7370,#7371,#7372);
#7370 = CARTESIAN_POINT('',(-1.230478,27.039876,0.));
#7371 = DIRECTION('',(-0.,0.,-1.));
#7372 = DIRECTION('',(-0.,-1.,0.));
#7373 = FACE_BOUND('',#7374,.F.);
#7374 = EDGE_LOOP('',(#7375));
#7375 = ORIENTED_EDGE('',*,*,#7376,.T.);
#7376 = EDGE_CURVE('',#7377,#7377,#7379,.T.);
#7377 = VERTEX_POINT('',#7378);
#7378 = CARTESIAN_POINT('',(8.174999,1.02542,0.));
#7379 = CIRCLE('',#7380,0.25);
#7380 = AXIS2_PLACEMENT_3D('',#7381,#7382,#7383);
#7381 = CARTESIAN_POINT('',(8.174999,1.27542,0.));
#7382 = DIRECTION('',(-0.,0.,-1.));
#7383 = DIRECTION('',(-0.,-1.,0.));
#7384 = FACE_BOUND('',#7385,.F.);
#7385 = EDGE_LOOP('',(#7386));
#7386 = ORIENTED_EDGE('',*,*,#7387,.T.);
#7387 = EDGE_CURVE('',#7388,#7388,#7390,.T.);
#7388 = VERTEX_POINT('',#7389);
#7389 = CARTESIAN_POINT('',(5.08421,4.93421,0.));
#7390 = CIRCLE('',#7391,0.15);
#7391 = AXIS2_PLACEMENT_3D('',#7392,#7393,#7394);
#7392 = CARTESIAN_POINT('',(5.08421,5.08421,0.));
#7393 = DIRECTION('',(-0.,0.,-1.));
#7394 = DIRECTION('',(-5.921189464668E-15,-1.,0.));
#7395 = FACE_BOUND('',#7396,.F.);
#7396 = EDGE_LOOP('',(#7397));
#7397 = ORIENTED_EDGE('',*,*,#7398,.T.);
#7398 = EDGE_CURVE('',#7399,#7399,#7401,.T.);
#7399 = VERTEX_POINT('',#7400);
#7400 = CARTESIAN_POINT('',(14.524086,14.374086,0.));
#7401 = CIRCLE('',#7402,0.15);
#7402 = AXIS2_PLACEMENT_3D('',#7403,#7404,#7405);
#7403 = CARTESIAN_POINT('',(14.524086,14.524086,0.));
#7404 = DIRECTION('',(-0.,0.,-1.));
#7405 = DIRECTION('',(-0.,-1.,0.));
#7406 = FACE_BOUND('',#7407,.F.);
#7407 = EDGE_LOOP('',(#7408));
#7408 = ORIENTED_EDGE('',*,*,#7409,.T.);
#7409 = EDGE_CURVE('',#7410,#7410,#7412,.T.);
#7410 = VERTEX_POINT('',#7411);
#7411 = CARTESIAN_POINT('',(27.039876,0.980478,0.));
#7412 = CIRCLE('',#7413,0.25);
#7413 = AXIS2_PLACEMENT_3D('',#7414,#7415,#7416);
#7414 = CARTESIAN_POINT('',(27.039876,1.230478,0.));
#7415 = DIRECTION('',(-0.,0.,-1.));
#7416 = DIRECTION('',(-0.,-1.,0.));
#7417 = FACE_BOUND('',#7418,.F.);
#7418 = EDGE_LOOP('',(#7419,#7430,#7438,#7447,#7455,#7464,#7472,#7481));
#7419 = ORIENTED_EDGE('',*,*,#7420,.F.);
#7420 = EDGE_CURVE('',#7421,#7423,#7425,.T.);
#7421 = VERTEX_POINT('',#7422);
#7422 = CARTESIAN_POINT('',(31.125,0.85,0.));
#7423 = VERTEX_POINT('',#7424);
#7424 = CARTESIAN_POINT('',(30.975,0.7,0.));
#7425 = CIRCLE('',#7426,0.150000058649);
#7426 = AXIS2_PLACEMENT_3D('',#7427,#7428,#7429);
#7427 = CARTESIAN_POINT('',(31.125000058649,0.699999941351,0.));
#7428 = DIRECTION('',(0.,0.,1.));
#7429 = DIRECTION('',(-3.909953616065E-07,1.,0.));
#7430 = ORIENTED_EDGE('',*,*,#7431,.F.);
#7431 = EDGE_CURVE('',#7432,#7421,#7434,.T.);
#7432 = VERTEX_POINT('',#7433);
#7433 = CARTESIAN_POINT('',(33.225,0.85,0.));
#7434 = LINE('',#7435,#7436);
#7435 = CARTESIAN_POINT('',(33.225,0.85,0.));
#7436 = VECTOR('',#7437,1.);
#7437 = DIRECTION('',(-1.,0.,0.));
#7438 = ORIENTED_EDGE('',*,*,#7439,.F.);
#7439 = EDGE_CURVE('',#7440,#7432,#7442,.T.);
#7440 = VERTEX_POINT('',#7441);
#7441 = CARTESIAN_POINT('',(33.375,0.7,0.));
#7442 = CIRCLE('',#7443,0.150000058649);
#7443 = AXIS2_PLACEMENT_3D('',#7444,#7445,#7446);
#7444 = CARTESIAN_POINT('',(33.224999941351,0.699999941351,0.));
#7445 = DIRECTION('',(0.,0.,1.));
#7446 = DIRECTION('',(1.,3.909953519845E-07,-0.));
#7447 = ORIENTED_EDGE('',*,*,#7448,.F.);
#7448 = EDGE_CURVE('',#7449,#7440,#7451,.T.);
#7449 = VERTEX_POINT('',#7450);
#7450 = CARTESIAN_POINT('',(33.375,-0.7,0.));
#7451 = LINE('',#7452,#7453);
#7452 = CARTESIAN_POINT('',(33.375,-0.7,0.));
#7453 = VECTOR('',#7454,1.);
#7454 = DIRECTION('',(0.,1.,0.));
#7455 = ORIENTED_EDGE('',*,*,#7456,.F.);
#7456 = EDGE_CURVE('',#7457,#7449,#7459,.T.);
#7457 = VERTEX_POINT('',#7458);
#7458 = CARTESIAN_POINT('',(33.225,-0.85,0.));
#7459 = CIRCLE('',#7460,0.150000058649);
#7460 = AXIS2_PLACEMENT_3D('',#7461,#7462,#7463);
#7461 = CARTESIAN_POINT('',(33.224999941351,-0.699999941351,0.));
#7462 = DIRECTION('',(0.,0.,1.));
#7463 = DIRECTION('',(3.909953616065E-07,-1.,0.));
#7464 = ORIENTED_EDGE('',*,*,#7465,.F.);
#7465 = EDGE_CURVE('',#7466,#7457,#7468,.T.);
#7466 = VERTEX_POINT('',#7467);
#7467 = CARTESIAN_POINT('',(31.125,-0.85,0.));
#7468 = LINE('',#7469,#7470);
#7469 = CARTESIAN_POINT('',(31.125,-0.85,0.));
#7470 = VECTOR('',#7471,1.);
#7471 = DIRECTION('',(1.,0.,0.));
#7472 = ORIENTED_EDGE('',*,*,#7473,.F.);
#7473 = EDGE_CURVE('',#7474,#7466,#7476,.T.);
#7474 = VERTEX_POINT('',#7475);
#7475 = CARTESIAN_POINT('',(30.975,-0.7,0.));
#7476 = CIRCLE('',#7477,0.150000058649);
#7477 = AXIS2_PLACEMENT_3D('',#7478,#7479,#7480);
#7478 = CARTESIAN_POINT('',(31.125000058649,-0.699999941351,0.));
#7479 = DIRECTION('',(0.,0.,1.));
#7480 = DIRECTION('',(-1.,-3.909953638269E-07,0.));
#7481 = ORIENTED_EDGE('',*,*,#7482,.F.);
#7482 = EDGE_CURVE('',#7423,#7474,#7483,.T.);
#7483 = LINE('',#7484,#7485);
#7484 = CARTESIAN_POINT('',(30.975,0.7,0.));
#7485 = VECTOR('',#7486,1.);
#7486 = DIRECTION('',(0.,-1.,0.));
#7487 = FACE_BOUND('',#7488,.F.);
#7488 = EDGE_LOOP('',(#7489,#7500,#7508,#7517,#7525,#7534,#7542,#7551));
#7489 = ORIENTED_EDGE('',*,*,#7490,.F.);
#7490 = EDGE_CURVE('',#7491,#7493,#7495,.T.);
#7491 = VERTEX_POINT('',#7492);
#7492 = CARTESIAN_POINT('',(-0.7,33.375,0.));
#7493 = VERTEX_POINT('',#7494);
#7494 = CARTESIAN_POINT('',(-0.85,33.225,0.));
#7495 = CIRCLE('',#7496,0.150000058649);
#7496 = AXIS2_PLACEMENT_3D('',#7497,#7498,#7499);
#7497 = CARTESIAN_POINT('',(-0.699999941351,33.224999941351,0.));
#7498 = DIRECTION('',(0.,0.,1.));
#7499 = DIRECTION('',(-3.909953519845E-07,1.,0.));
#7500 = ORIENTED_EDGE('',*,*,#7501,.F.);
#7501 = EDGE_CURVE('',#7502,#7491,#7504,.T.);
#7502 = VERTEX_POINT('',#7503);
#7503 = CARTESIAN_POINT('',(0.7,33.375,0.));
#7504 = LINE('',#7505,#7506);
#7505 = CARTESIAN_POINT('',(0.7,33.375,0.));
#7506 = VECTOR('',#7507,1.);
#7507 = DIRECTION('',(-1.,0.,0.));
#7508 = ORIENTED_EDGE('',*,*,#7509,.F.);
#7509 = EDGE_CURVE('',#7510,#7502,#7512,.T.);
#7510 = VERTEX_POINT('',#7511);
#7511 = CARTESIAN_POINT('',(0.85,33.225,0.));
#7512 = CIRCLE('',#7513,0.150000058649);
#7513 = AXIS2_PLACEMENT_3D('',#7514,#7515,#7516);
#7514 = CARTESIAN_POINT('',(0.699999941351,33.224999941351,0.));
#7515 = DIRECTION('',(0.,0.,1.));
#7516 = DIRECTION('',(1.,3.909953616065E-07,-0.));
#7517 = ORIENTED_EDGE('',*,*,#7518,.F.);
#7518 = EDGE_CURVE('',#7519,#7510,#7521,.T.);
#7519 = VERTEX_POINT('',#7520);
#7520 = CARTESIAN_POINT('',(0.85,31.125,0.));
#7521 = LINE('',#7522,#7523);
#7522 = CARTESIAN_POINT('',(0.85,31.125,0.));
#7523 = VECTOR('',#7524,1.);
#7524 = DIRECTION('',(0.,1.,0.));
#7525 = ORIENTED_EDGE('',*,*,#7526,.F.);
#7526 = EDGE_CURVE('',#7527,#7519,#7529,.T.);
#7527 = VERTEX_POINT('',#7528);
#7528 = CARTESIAN_POINT('',(0.7,30.975,0.));
#7529 = CIRCLE('',#7530,0.150000058649);
#7530 = AXIS2_PLACEMENT_3D('',#7531,#7532,#7533);
#7531 = CARTESIAN_POINT('',(0.699999941351,31.125000058649,0.));
#7532 = DIRECTION('',(0.,0.,1.));
#7533 = DIRECTION('',(3.909953638269E-07,-1.,0.));
#7534 = ORIENTED_EDGE('',*,*,#7535,.F.);
#7535 = EDGE_CURVE('',#7536,#7527,#7538,.T.);
#7536 = VERTEX_POINT('',#7537);
#7537 = CARTESIAN_POINT('',(-0.7,30.975,0.));
#7538 = LINE('',#7539,#7540);
#7539 = CARTESIAN_POINT('',(-0.7,30.975,0.));
#7540 = VECTOR('',#7541,1.);
#7541 = DIRECTION('',(1.,0.,0.));
#7542 = ORIENTED_EDGE('',*,*,#7543,.F.);
#7543 = EDGE_CURVE('',#7544,#7536,#7546,.T.);
#7544 = VERTEX_POINT('',#7545);
#7545 = CARTESIAN_POINT('',(-0.85,31.125,0.));
#7546 = CIRCLE('',#7547,0.150000058649);
#7547 = AXIS2_PLACEMENT_3D('',#7548,#7549,#7550);
#7548 = CARTESIAN_POINT('',(-0.699999941351,31.125000058649,0.));
#7549 = DIRECTION('',(0.,0.,1.));
#7550 = DIRECTION('',(-1.,-3.909953616065E-07,0.));
#7551 = ORIENTED_EDGE('',*,*,#7552,.F.);
#7552 = EDGE_CURVE('',#7493,#7544,#7553,.T.);
#7553 = LINE('',#7554,#7555);
#7554 = CARTESIAN_POINT('',(-0.85,33.225,0.));
#7555 = VECTOR('',#7556,1.);
#7556 = DIRECTION('',(0.,-1.,0.));
#7557 = FACE_BOUND('',#7558,.F.);
#7558 = EDGE_LOOP('',(#7559));
#7559 = ORIENTED_EDGE('',*,*,#7560,.F.);
#7560 = EDGE_CURVE('',#7561,#7561,#7563,.T.);
#7561 = VERTEX_POINT('',#7562);
#7562 = CARTESIAN_POINT('',(20.8,17.6,0.));
#7563 = CIRCLE('',#7564,3.2);
#7564 = AXIS2_PLACEMENT_3D('',#7565,#7566,#7567);
#7565 = CARTESIAN_POINT('',(17.6,17.6,0.));
#7566 = DIRECTION('',(0.,0.,1.));
#7567 = DIRECTION('',(1.,0.,-0.));
#7568 = FACE_BOUND('',#7569,.F.);
#7569 = EDGE_LOOP('',(#7570));
#7570 = ORIENTED_EDGE('',*,*,#7571,.T.);
#7571 = EDGE_CURVE('',#7572,#7572,#7574,.T.);
#7572 = VERTEX_POINT('',#7573);
#7573 = CARTESIAN_POINT('',(20.675914,20.525914,0.));
#7574 = CIRCLE('',#7575,0.15);
#7575 = AXIS2_PLACEMENT_3D('',#7576,#7577,#7578);
#7576 = CARTESIAN_POINT('',(20.675914,20.675914,0.));
#7577 = DIRECTION('',(-0.,0.,-1.));
#7578 = DIRECTION('',(-0.,-1.,0.));
#7579 = PLANE('',#7580);
#7580 = AXIS2_PLACEMENT_3D('',#7581,#7582,#7583);
#7581 = CARTESIAN_POINT('',(0.,0.,0.));
#7582 = DIRECTION('',(0.,0.,1.));
#7583 = DIRECTION('',(1.,0.,-0.));
#7584 = ADVANCED_FACE('',(#7585,#7733,#7744,#7755,#7766,#7777,#7788,
    #7799,#7869,#7880,#7891,#7902,#7913,#7924,#7935,#8005,#8016,#8027,
    #8038,#8049,#8060,#8071,#8082,#8093,#8104,#8115,#8185,#8255,#8266),
  #8277,.T.);
#7585 = FACE_BOUND('',#7586,.T.);
#7586 = EDGE_LOOP('',(#7587,#7588,#7589,#7597,#7605,#7614,#7623,#7632,
    #7640,#7648,#7657,#7666,#7675,#7683,#7691,#7700,#7709,#7718,#7726,
    #7732));
#7587 = ORIENTED_EDGE('',*,*,#6792,.F.);
#7588 = ORIENTED_EDGE('',*,*,#6834,.F.);
#7589 = ORIENTED_EDGE('',*,*,#7590,.F.);
#7590 = EDGE_CURVE('',#7591,#6827,#7593,.T.);
#7591 = VERTEX_POINT('',#7592);
#7592 = CARTESIAN_POINT('',(8.5E-02,33.97,1.51));
#7593 = LINE('',#7594,#7595);
#7594 = CARTESIAN_POINT('',(8.5E-02,33.97,1.51));
#7595 = VECTOR('',#7596,1.);
#7596 = DIRECTION('',(1.,0.,0.));
#7597 = ORIENTED_EDGE('',*,*,#7598,.F.);
#7598 = EDGE_CURVE('',#7599,#7591,#7601,.T.);
#7599 = VERTEX_POINT('',#7600);
#7600 = CARTESIAN_POINT('',(-7.845,33.97,1.51));
#7601 = LINE('',#7602,#7603);
#7602 = CARTESIAN_POINT('',(-7.845,33.97,1.51));
#7603 = VECTOR('',#7604,1.);
#7604 = DIRECTION('',(1.,0.,0.));
#7605 = ORIENTED_EDGE('',*,*,#7606,.F.);
#7606 = EDGE_CURVE('',#7607,#7599,#7609,.T.);
#7607 = VERTEX_POINT('',#7608);
#7608 = CARTESIAN_POINT('',(-12.007246,34.356685,1.51));
#7609 = CIRCLE('',#7610,17.147450338268);
#7610 = AXIS2_PLACEMENT_3D('',#7611,#7612,#7613);
#7611 = CARTESIAN_POINT('',(-8.351731837196,51.109961375352,1.51));
#7612 = DIRECTION('',(0.,0.,1.));
#7613 = DIRECTION('',(-0.213181207159,-0.97701267797,0.));
#7614 = ORIENTED_EDGE('',*,*,#7615,.F.);
#7615 = EDGE_CURVE('',#7616,#7607,#7618,.T.);
#7616 = VERTEX_POINT('',#7617);
#7617 = CARTESIAN_POINT('',(-34.356685,12.007246,1.51));
#7618 = CIRCLE('',#7619,17.771948166256);
#7619 = AXIS2_PLACEMENT_3D('',#7620,#7621,#7622);
#7620 = CARTESIAN_POINT('',(-17.43333828053,17.433338280535,1.51));
#7621 = DIRECTION('',(0.,0.,-1.));
#7622 = DIRECTION('',(-0.952250510813,-0.305317809267,-0.));
#7623 = ORIENTED_EDGE('',*,*,#7624,.F.);
#7624 = EDGE_CURVE('',#7625,#7616,#7627,.T.);
#7625 = VERTEX_POINT('',#7626);
#7626 = CARTESIAN_POINT('',(-33.97,8.015,1.51));
#7627 = CIRCLE('',#7628,15.944241960266);
#7628 = AXIS2_PLACEMENT_3D('',#7629,#7630,#7631);
#7629 = CARTESIAN_POINT('',(-49.90727831862,8.486180944319,1.51));
#7630 = DIRECTION('',(0.,0.,1.));
#7631 = DIRECTION('',(0.999563250378,-2.955179339936E-02,0.));
#7632 = ORIENTED_EDGE('',*,*,#7633,.F.);
#7633 = EDGE_CURVE('',#7634,#7625,#7636,.T.);
#7634 = VERTEX_POINT('',#7635);
#7635 = CARTESIAN_POINT('',(-33.97,8.5E-02,1.51));
#7636 = LINE('',#7637,#7638);
#7637 = CARTESIAN_POINT('',(-33.97,8.5E-02,1.51));
#7638 = VECTOR('',#7639,1.);
#7639 = DIRECTION('',(0.,1.,0.));
#7640 = ORIENTED_EDGE('',*,*,#7641,.F.);
#7641 = EDGE_CURVE('',#7642,#7634,#7644,.T.);
#7642 = VERTEX_POINT('',#7643);
#7643 = CARTESIAN_POINT('',(-33.97,-7.845,1.51));
#7644 = LINE('',#7645,#7646);
#7645 = CARTESIAN_POINT('',(-33.97,-7.845,1.51));
#7646 = VECTOR('',#7647,1.);
#7647 = DIRECTION('',(0.,1.,0.));
#7648 = ORIENTED_EDGE('',*,*,#7649,.F.);
#7649 = EDGE_CURVE('',#7650,#7642,#7652,.T.);
#7650 = VERTEX_POINT('',#7651);
#7651 = CARTESIAN_POINT('',(-34.356684,-12.007247,1.51));
#7652 = CIRCLE('',#7653,17.147530150385);
#7653 = AXIS2_PLACEMENT_3D('',#7654,#7655,#7656);
#7654 = CARTESIAN_POINT('',(-51.11004129689,-8.35172931558,1.51));
#7655 = DIRECTION('',(0.,0.,1.));
#7656 = DIRECTION('',(0.977012849662,-0.213180420291,0.));
#7657 = ORIENTED_EDGE('',*,*,#7658,.F.);
#7658 = EDGE_CURVE('',#7659,#7650,#7661,.T.);
#7659 = VERTEX_POINT('',#7660);
#7660 = CARTESIAN_POINT('',(-12.007246,-34.356685,1.51));
#7661 = CIRCLE('',#7662,17.771946988933);
#7662 = AXIS2_PLACEMENT_3D('',#7663,#7664,#7665);
#7663 = CARTESIAN_POINT('',(-17.43333862844,-17.43333962844,1.51));
#7664 = DIRECTION('',(0.,0.,-1.));
#7665 = DIRECTION('',(0.30531784907,-0.952250498052,0.));
#7666 = ORIENTED_EDGE('',*,*,#7667,.F.);
#7667 = EDGE_CURVE('',#7668,#7659,#7670,.T.);
#7668 = VERTEX_POINT('',#7669);
#7669 = CARTESIAN_POINT('',(-8.015,-33.97,1.51));
#7670 = CIRCLE('',#7671,15.944241960266);
#7671 = AXIS2_PLACEMENT_3D('',#7672,#7673,#7674);
#7672 = CARTESIAN_POINT('',(-8.486180944319,-49.90727831862,1.51));
#7673 = DIRECTION('',(0.,0.,1.));
#7674 = DIRECTION('',(2.955179339936E-02,0.999563250378,-0.));
#7675 = ORIENTED_EDGE('',*,*,#7676,.F.);
#7676 = EDGE_CURVE('',#7677,#7668,#7679,.T.);
#7677 = VERTEX_POINT('',#7678);
#7678 = CARTESIAN_POINT('',(-8.5E-02,-33.97,1.51));
#7679 = LINE('',#7680,#7681);
#7680 = CARTESIAN_POINT('',(-8.5E-02,-33.97,1.51));
#7681 = VECTOR('',#7682,1.);
#7682 = DIRECTION('',(-1.,0.,0.));
#7683 = ORIENTED_EDGE('',*,*,#7684,.F.);
#7684 = EDGE_CURVE('',#7685,#7677,#7687,.T.);
#7685 = VERTEX_POINT('',#7686);
#7686 = CARTESIAN_POINT('',(7.845,-33.97,1.51));
#7687 = LINE('',#7688,#7689);
#7688 = CARTESIAN_POINT('',(7.845,-33.97,1.51));
#7689 = VECTOR('',#7690,1.);
#7690 = DIRECTION('',(-1.,0.,0.));
#7691 = ORIENTED_EDGE('',*,*,#7692,.F.);
#7692 = EDGE_CURVE('',#7693,#7685,#7695,.T.);
#7693 = VERTEX_POINT('',#7694);
#7694 = CARTESIAN_POINT('',(12.007247,-34.356685,1.51));
#7695 = CIRCLE('',#7696,17.147464633736);
#7696 = AXIS2_PLACEMENT_3D('',#7697,#7698,#7699);
#7697 = CARTESIAN_POINT('',(8.351731385539,-51.10997569041,1.51));
#7698 = DIRECTION('',(0.,0.,1.));
#7699 = DIRECTION('',(0.213181114091,0.977012698277,-0.));
#7700 = ORIENTED_EDGE('',*,*,#7701,.F.);
#7701 = EDGE_CURVE('',#7702,#7693,#7704,.T.);
#7702 = VERTEX_POINT('',#7703);
#7703 = CARTESIAN_POINT('',(34.356685,-12.007246,1.51));
#7704 = CIRCLE('',#7705,17.771947102424);
#7705 = AXIS2_PLACEMENT_3D('',#7706,#7707,#7708);
#7706 = CARTESIAN_POINT('',(17.43333981038,-17.43333956759,1.51));
#7707 = DIRECTION('',(0.,0.,-1.));
#7708 = DIRECTION('',(0.952250481733,0.305317899965,0.));
#7709 = ORIENTED_EDGE('',*,*,#7710,.F.);
#7710 = EDGE_CURVE('',#7711,#7702,#7713,.T.);
#7711 = VERTEX_POINT('',#7712);
#7712 = CARTESIAN_POINT('',(33.97,-8.015,1.51));
#7713 = CIRCLE('',#7714,15.944241960266);
#7714 = AXIS2_PLACEMENT_3D('',#7715,#7716,#7717);
#7715 = CARTESIAN_POINT('',(49.907278318622,-8.486180944319,1.51));
#7716 = DIRECTION('',(0.,0.,1.));
#7717 = DIRECTION('',(-0.999563250378,2.955179339936E-02,0.));
#7718 = ORIENTED_EDGE('',*,*,#7719,.F.);
#7719 = EDGE_CURVE('',#7720,#7711,#7722,.T.);
#7720 = VERTEX_POINT('',#7721);
#7721 = CARTESIAN_POINT('',(33.97,-8.5E-02,1.51));
#7722 = LINE('',#7723,#7724);
#7723 = CARTESIAN_POINT('',(33.97,-8.5E-02,1.51));
#7724 = VECTOR('',#7725,1.);
#7725 = DIRECTION('',(0.,-1.,0.));
#7726 = ORIENTED_EDGE('',*,*,#7727,.F.);
#7727 = EDGE_CURVE('',#6859,#7720,#7728,.T.);
#7728 = LINE('',#7729,#7730);
#7729 = CARTESIAN_POINT('',(33.97,7.845,1.51));
#7730 = VECTOR('',#7731,1.);
#7731 = DIRECTION('',(0.,-1.,0.));
#7732 = ORIENTED_EDGE('',*,*,#6858,.F.);
#7733 = FACE_BOUND('',#7734,.T.);
#7734 = EDGE_LOOP('',(#7735));
#7735 = ORIENTED_EDGE('',*,*,#7736,.T.);
#7736 = EDGE_CURVE('',#7737,#7737,#7739,.T.);
#7737 = VERTEX_POINT('',#7738);
#7738 = CARTESIAN_POINT('',(-20.675914,-20.825914,1.51));
#7739 = CIRCLE('',#7740,0.15);
#7740 = AXIS2_PLACEMENT_3D('',#7741,#7742,#7743);
#7741 = CARTESIAN_POINT('',(-20.675914,-20.675914,1.51));
#7742 = DIRECTION('',(-0.,0.,-1.));
#7743 = DIRECTION('',(-0.,-1.,0.));
#7744 = FACE_BOUND('',#7745,.T.);
#7745 = EDGE_LOOP('',(#7746));
#7746 = ORIENTED_EDGE('',*,*,#7747,.F.);
#7747 = EDGE_CURVE('',#7748,#7748,#7750,.T.);
#7748 = VERTEX_POINT('',#7749);
#7749 = CARTESIAN_POINT('',(-14.4,-17.6,1.51));
#7750 = CIRCLE('',#7751,3.2);
#7751 = AXIS2_PLACEMENT_3D('',#7752,#7753,#7754);
#7752 = CARTESIAN_POINT('',(-17.6,-17.6,1.51));
#7753 = DIRECTION('',(0.,0.,1.));
#7754 = DIRECTION('',(1.,0.,-0.));
#7755 = FACE_BOUND('',#7756,.T.);
#7756 = EDGE_LOOP('',(#7757));
#7757 = ORIENTED_EDGE('',*,*,#7758,.T.);
#7758 = EDGE_CURVE('',#7759,#7759,#7761,.T.);
#7759 = VERTEX_POINT('',#7760);
#7760 = CARTESIAN_POINT('',(-27.039876,-1.480478,1.51));
#7761 = CIRCLE('',#7762,0.25);
#7762 = AXIS2_PLACEMENT_3D('',#7763,#7764,#7765);
#7763 = CARTESIAN_POINT('',(-27.039876,-1.230478,1.51));
#7764 = DIRECTION('',(-0.,0.,-1.));
#7765 = DIRECTION('',(-0.,-1.,0.));
#7766 = FACE_BOUND('',#7767,.T.);
#7767 = EDGE_LOOP('',(#7768));
#7768 = ORIENTED_EDGE('',*,*,#7769,.T.);
#7769 = EDGE_CURVE('',#7770,#7770,#7772,.T.);
#7770 = VERTEX_POINT('',#7771);
#7771 = CARTESIAN_POINT('',(-14.524086,-14.674086,1.51));
#7772 = CIRCLE('',#7773,0.15);
#7773 = AXIS2_PLACEMENT_3D('',#7774,#7775,#7776);
#7774 = CARTESIAN_POINT('',(-14.524086,-14.524086,1.51));
#7775 = DIRECTION('',(-0.,0.,-1.));
#7776 = DIRECTION('',(-0.,-1.,0.));
#7777 = FACE_BOUND('',#7778,.T.);
#7778 = EDGE_LOOP('',(#7779));
#7779 = ORIENTED_EDGE('',*,*,#7780,.T.);
#7780 = EDGE_CURVE('',#7781,#7781,#7783,.T.);
#7781 = VERTEX_POINT('',#7782);
#7782 = CARTESIAN_POINT('',(-5.08421,-5.23421,1.51));
#7783 = CIRCLE('',#7784,0.15);
#7784 = AXIS2_PLACEMENT_3D('',#7785,#7786,#7787);
#7785 = CARTESIAN_POINT('',(-5.08421,-5.08421,1.51));
#7786 = DIRECTION('',(-0.,0.,-1.));
#7787 = DIRECTION('',(5.921189464667E-15,-1.,-0.));
#7788 = FACE_BOUND('',#7789,.T.);
#7789 = EDGE_LOOP('',(#7790));
#7790 = ORIENTED_EDGE('',*,*,#7791,.T.);
#7791 = EDGE_CURVE('',#7792,#7792,#7794,.T.);
#7792 = VERTEX_POINT('',#7793);
#7793 = CARTESIAN_POINT('',(-8.174999,-1.52542,1.51));
#7794 = CIRCLE('',#7795,0.25);
#7795 = AXIS2_PLACEMENT_3D('',#7796,#7797,#7798);
#7796 = CARTESIAN_POINT('',(-8.174999,-1.27542,1.51));
#7797 = DIRECTION('',(-0.,0.,-1.));
#7798 = DIRECTION('',(-0.,-1.,0.));
#7799 = FACE_BOUND('',#7800,.T.);
#7800 = EDGE_LOOP('',(#7801,#7812,#7820,#7829,#7837,#7846,#7854,#7863));
#7801 = ORIENTED_EDGE('',*,*,#7802,.F.);
#7802 = EDGE_CURVE('',#7803,#7805,#7807,.T.);
#7803 = VERTEX_POINT('',#7804);
#7804 = CARTESIAN_POINT('',(-0.7,-30.975,1.51));
#7805 = VERTEX_POINT('',#7806);
#7806 = CARTESIAN_POINT('',(-0.85,-31.125,1.51));
#7807 = CIRCLE('',#7808,0.150000058649);
#7808 = AXIS2_PLACEMENT_3D('',#7809,#7810,#7811);
#7809 = CARTESIAN_POINT('',(-0.699999941351,-31.12500005864,1.51));
#7810 = DIRECTION('',(0.,0.,1.));
#7811 = DIRECTION('',(-3.909953638269E-07,1.,0.));
#7812 = ORIENTED_EDGE('',*,*,#7813,.F.);
#7813 = EDGE_CURVE('',#7814,#7803,#7816,.T.);
#7814 = VERTEX_POINT('',#7815);
#7815 = CARTESIAN_POINT('',(0.7,-30.975,1.51));
#7816 = LINE('',#7817,#7818);
#7817 = CARTESIAN_POINT('',(0.7,-30.975,1.51));
#7818 = VECTOR('',#7819,1.);
#7819 = DIRECTION('',(-1.,0.,0.));
#7820 = ORIENTED_EDGE('',*,*,#7821,.F.);
#7821 = EDGE_CURVE('',#7822,#7814,#7824,.T.);
#7822 = VERTEX_POINT('',#7823);
#7823 = CARTESIAN_POINT('',(0.85,-31.125,1.51));
#7824 = CIRCLE('',#7825,0.150000058649);
#7825 = AXIS2_PLACEMENT_3D('',#7826,#7827,#7828);
#7826 = CARTESIAN_POINT('',(0.699999941351,-31.12500005864,1.51));
#7827 = DIRECTION('',(0.,0.,1.));
#7828 = DIRECTION('',(1.,3.909953616065E-07,-0.));
#7829 = ORIENTED_EDGE('',*,*,#7830,.F.);
#7830 = EDGE_CURVE('',#7831,#7822,#7833,.T.);
#7831 = VERTEX_POINT('',#7832);
#7832 = CARTESIAN_POINT('',(0.85,-33.225,1.51));
#7833 = LINE('',#7834,#7835);
#7834 = CARTESIAN_POINT('',(0.85,-33.225,1.51));
#7835 = VECTOR('',#7836,1.);
#7836 = DIRECTION('',(0.,1.,0.));
#7837 = ORIENTED_EDGE('',*,*,#7838,.F.);
#7838 = EDGE_CURVE('',#7839,#7831,#7841,.T.);
#7839 = VERTEX_POINT('',#7840);
#7840 = CARTESIAN_POINT('',(0.7,-33.375,1.51));
#7841 = CIRCLE('',#7842,0.150000058649);
#7842 = AXIS2_PLACEMENT_3D('',#7843,#7844,#7845);
#7843 = CARTESIAN_POINT('',(0.699999941351,-33.22499994135,1.51));
#7844 = DIRECTION('',(0.,0.,1.));
#7845 = DIRECTION('',(3.909953519845E-07,-1.,0.));
#7846 = ORIENTED_EDGE('',*,*,#7847,.F.);
#7847 = EDGE_CURVE('',#7848,#7839,#7850,.T.);
#7848 = VERTEX_POINT('',#7849);
#7849 = CARTESIAN_POINT('',(-0.7,-33.375,1.51));
#7850 = LINE('',#7851,#7852);
#7851 = CARTESIAN_POINT('',(-0.7,-33.375,1.51));
#7852 = VECTOR('',#7853,1.);
#7853 = DIRECTION('',(1.,0.,0.));
#7854 = ORIENTED_EDGE('',*,*,#7855,.F.);
#7855 = EDGE_CURVE('',#7856,#7848,#7858,.T.);
#7856 = VERTEX_POINT('',#7857);
#7857 = CARTESIAN_POINT('',(-0.85,-33.225,1.51));
#7858 = CIRCLE('',#7859,0.150000058649);
#7859 = AXIS2_PLACEMENT_3D('',#7860,#7861,#7862);
#7860 = CARTESIAN_POINT('',(-0.699999941351,-33.22499994135,1.51));
#7861 = DIRECTION('',(0.,0.,1.));
#7862 = DIRECTION('',(-1.,-3.909953616065E-07,0.));
#7863 = ORIENTED_EDGE('',*,*,#7864,.F.);
#7864 = EDGE_CURVE('',#7805,#7856,#7865,.T.);
#7865 = LINE('',#7866,#7867);
#7866 = CARTESIAN_POINT('',(-0.85,-31.125,1.51));
#7867 = VECTOR('',#7868,1.);
#7868 = DIRECTION('',(0.,-1.,0.));
#7869 = FACE_BOUND('',#7870,.T.);
#7870 = EDGE_LOOP('',(#7871));
#7871 = ORIENTED_EDGE('',*,*,#7872,.T.);
#7872 = EDGE_CURVE('',#7873,#7873,#7875,.T.);
#7873 = VERTEX_POINT('',#7874);
#7874 = CARTESIAN_POINT('',(1.230478,-27.289876,1.51));
#7875 = CIRCLE('',#7876,0.25);
#7876 = AXIS2_PLACEMENT_3D('',#7877,#7878,#7879);
#7877 = CARTESIAN_POINT('',(1.230478,-27.039876,1.51));
#7878 = DIRECTION('',(-0.,0.,-1.));
#7879 = DIRECTION('',(-0.,-1.,0.));
#7880 = FACE_BOUND('',#7881,.T.);
#7881 = EDGE_LOOP('',(#7882));
#7882 = ORIENTED_EDGE('',*,*,#7883,.T.);
#7883 = EDGE_CURVE('',#7884,#7884,#7886,.T.);
#7884 = VERTEX_POINT('',#7885);
#7885 = CARTESIAN_POINT('',(20.675914,-20.825914,1.51));
#7886 = CIRCLE('',#7887,0.15);
#7887 = AXIS2_PLACEMENT_3D('',#7888,#7889,#7890);
#7888 = CARTESIAN_POINT('',(20.675914,-20.675914,1.51));
#7889 = DIRECTION('',(-0.,0.,-1.));
#7890 = DIRECTION('',(-0.,-1.,0.));
#7891 = FACE_BOUND('',#7892,.T.);
#7892 = EDGE_LOOP('',(#7893));
#7893 = ORIENTED_EDGE('',*,*,#7894,.F.);
#7894 = EDGE_CURVE('',#7895,#7895,#7897,.T.);
#7895 = VERTEX_POINT('',#7896);
#7896 = CARTESIAN_POINT('',(20.8,-17.6,1.51));
#7897 = CIRCLE('',#7898,3.2);
#7898 = AXIS2_PLACEMENT_3D('',#7899,#7900,#7901);
#7899 = CARTESIAN_POINT('',(17.6,-17.6,1.51));
#7900 = DIRECTION('',(0.,0.,1.));
#7901 = DIRECTION('',(1.,0.,-0.));
#7902 = FACE_BOUND('',#7903,.T.);
#7903 = EDGE_LOOP('',(#7904));
#7904 = ORIENTED_EDGE('',*,*,#7905,.T.);
#7905 = EDGE_CURVE('',#7906,#7906,#7908,.T.);
#7906 = VERTEX_POINT('',#7907);
#7907 = CARTESIAN_POINT('',(14.524086,-14.674086,1.51));
#7908 = CIRCLE('',#7909,0.15);
#7909 = AXIS2_PLACEMENT_3D('',#7910,#7911,#7912);
#7910 = CARTESIAN_POINT('',(14.524086,-14.524086,1.51));
#7911 = DIRECTION('',(-0.,0.,-1.));
#7912 = DIRECTION('',(-0.,-1.,0.));
#7913 = FACE_BOUND('',#7914,.T.);
#7914 = EDGE_LOOP('',(#7915));
#7915 = ORIENTED_EDGE('',*,*,#7916,.T.);
#7916 = EDGE_CURVE('',#7917,#7917,#7919,.T.);
#7917 = VERTEX_POINT('',#7918);
#7918 = CARTESIAN_POINT('',(1.27542,-8.424999,1.51));
#7919 = CIRCLE('',#7920,0.25);
#7920 = AXIS2_PLACEMENT_3D('',#7921,#7922,#7923);
#7921 = CARTESIAN_POINT('',(1.27542,-8.174999,1.51));
#7922 = DIRECTION('',(-0.,0.,-1.));
#7923 = DIRECTION('',(-0.,-1.,0.));
#7924 = FACE_BOUND('',#7925,.T.);
#7925 = EDGE_LOOP('',(#7926));
#7926 = ORIENTED_EDGE('',*,*,#7927,.T.);
#7927 = EDGE_CURVE('',#7928,#7928,#7930,.T.);
#7928 = VERTEX_POINT('',#7929);
#7929 = CARTESIAN_POINT('',(5.08421,-5.23421,1.51));
#7930 = CIRCLE('',#7931,0.15);
#7931 = AXIS2_PLACEMENT_3D('',#7932,#7933,#7934);
#7932 = CARTESIAN_POINT('',(5.08421,-5.08421,1.51));
#7933 = DIRECTION('',(-0.,0.,-1.));
#7934 = DIRECTION('',(-5.921189464668E-15,-1.,0.));
#7935 = FACE_BOUND('',#7936,.T.);
#7936 = EDGE_LOOP('',(#7937,#7948,#7956,#7965,#7973,#7982,#7990,#7999));
#7937 = ORIENTED_EDGE('',*,*,#7938,.F.);
#7938 = EDGE_CURVE('',#7939,#7941,#7943,.T.);
#7939 = VERTEX_POINT('',#7940);
#7940 = CARTESIAN_POINT('',(-33.225,0.85,1.51));
#7941 = VERTEX_POINT('',#7942);
#7942 = CARTESIAN_POINT('',(-33.375,0.7,1.51));
#7943 = CIRCLE('',#7944,0.150000058649);
#7944 = AXIS2_PLACEMENT_3D('',#7945,#7946,#7947);
#7945 = CARTESIAN_POINT('',(-33.22499994135,0.699999941351,1.51));
#7946 = DIRECTION('',(0.,0.,1.));
#7947 = DIRECTION('',(-3.909953616065E-07,1.,0.));
#7948 = ORIENTED_EDGE('',*,*,#7949,.F.);
#7949 = EDGE_CURVE('',#7950,#7939,#7952,.T.);
#7950 = VERTEX_POINT('',#7951);
#7951 = CARTESIAN_POINT('',(-31.125,0.85,1.51));
#7952 = LINE('',#7953,#7954);
#7953 = CARTESIAN_POINT('',(-31.125,0.85,1.51));
#7954 = VECTOR('',#7955,1.);
#7955 = DIRECTION('',(-1.,0.,0.));
#7956 = ORIENTED_EDGE('',*,*,#7957,.F.);
#7957 = EDGE_CURVE('',#7958,#7950,#7960,.T.);
#7958 = VERTEX_POINT('',#7959);
#7959 = CARTESIAN_POINT('',(-30.975,0.7,1.51));
#7960 = CIRCLE('',#7961,0.150000058649);
#7961 = AXIS2_PLACEMENT_3D('',#7962,#7963,#7964);
#7962 = CARTESIAN_POINT('',(-31.12500005864,0.699999941351,1.51));
#7963 = DIRECTION('',(0.,0.,1.));
#7964 = DIRECTION('',(1.,3.909953638269E-07,-0.));
#7965 = ORIENTED_EDGE('',*,*,#7966,.F.);
#7966 = EDGE_CURVE('',#7967,#7958,#7969,.T.);
#7967 = VERTEX_POINT('',#7968);
#7968 = CARTESIAN_POINT('',(-30.975,-0.7,1.51));
#7969 = LINE('',#7970,#7971);
#7970 = CARTESIAN_POINT('',(-30.975,-0.7,1.51));
#7971 = VECTOR('',#7972,1.);
#7972 = DIRECTION('',(0.,1.,0.));
#7973 = ORIENTED_EDGE('',*,*,#7974,.F.);
#7974 = EDGE_CURVE('',#7975,#7967,#7977,.T.);
#7975 = VERTEX_POINT('',#7976);
#7976 = CARTESIAN_POINT('',(-31.125,-0.85,1.51));
#7977 = CIRCLE('',#7978,0.150000058649);
#7978 = AXIS2_PLACEMENT_3D('',#7979,#7980,#7981);
#7979 = CARTESIAN_POINT('',(-31.12500005864,-0.699999941351,1.51));
#7980 = DIRECTION('',(0.,0.,1.));
#7981 = DIRECTION('',(3.909953616065E-07,-1.,0.));
#7982 = ORIENTED_EDGE('',*,*,#7983,.F.);
#7983 = EDGE_CURVE('',#7984,#7975,#7986,.T.);
#7984 = VERTEX_POINT('',#7985);
#7985 = CARTESIAN_POINT('',(-33.225,-0.85,1.51));
#7986 = LINE('',#7987,#7988);
#7987 = CARTESIAN_POINT('',(-33.225,-0.85,1.51));
#7988 = VECTOR('',#7989,1.);
#7989 = DIRECTION('',(1.,0.,0.));
#7990 = ORIENTED_EDGE('',*,*,#7991,.F.);
#7991 = EDGE_CURVE('',#7992,#7984,#7994,.T.);
#7992 = VERTEX_POINT('',#7993);
#7993 = CARTESIAN_POINT('',(-33.375,-0.7,1.51));
#7994 = CIRCLE('',#7995,0.150000058649);
#7995 = AXIS2_PLACEMENT_3D('',#7996,#7997,#7998);
#7996 = CARTESIAN_POINT('',(-33.22499994135,-0.699999941351,1.51));
#7997 = DIRECTION('',(0.,0.,1.));
#7998 = DIRECTION('',(-1.,-3.909953519845E-07,0.));
#7999 = ORIENTED_EDGE('',*,*,#8000,.F.);
#8000 = EDGE_CURVE('',#7941,#7992,#8001,.T.);
#8001 = LINE('',#8002,#8003);
#8002 = CARTESIAN_POINT('',(-33.375,0.7,1.51));
#8003 = VECTOR('',#8004,1.);
#8004 = DIRECTION('',(0.,-1.,0.));
#8005 = FACE_BOUND('',#8006,.T.);
#8006 = EDGE_LOOP('',(#8007));
#8007 = ORIENTED_EDGE('',*,*,#8008,.T.);
#8008 = EDGE_CURVE('',#8009,#8009,#8011,.T.);
#8009 = VERTEX_POINT('',#8010);
#8010 = CARTESIAN_POINT('',(-5.08421,4.93421,1.51));
#8011 = CIRCLE('',#8012,0.15);
#8012 = AXIS2_PLACEMENT_3D('',#8013,#8014,#8015);
#8013 = CARTESIAN_POINT('',(-5.08421,5.08421,1.51));
#8014 = DIRECTION('',(-0.,0.,-1.));
#8015 = DIRECTION('',(5.921189464667E-15,-1.,-0.));
#8016 = FACE_BOUND('',#8017,.T.);
#8017 = EDGE_LOOP('',(#8018));
#8018 = ORIENTED_EDGE('',*,*,#8019,.T.);
#8019 = EDGE_CURVE('',#8020,#8020,#8022,.T.);
#8020 = VERTEX_POINT('',#8021);
#8021 = CARTESIAN_POINT('',(-1.27542,7.924999,1.51));
#8022 = CIRCLE('',#8023,0.25);
#8023 = AXIS2_PLACEMENT_3D('',#8024,#8025,#8026);
#8024 = CARTESIAN_POINT('',(-1.27542,8.174999,1.51));
#8025 = DIRECTION('',(-0.,0.,-1.));
#8026 = DIRECTION('',(-0.,-1.,0.));
#8027 = FACE_BOUND('',#8028,.T.);
#8028 = EDGE_LOOP('',(#8029));
#8029 = ORIENTED_EDGE('',*,*,#8030,.T.);
#8030 = EDGE_CURVE('',#8031,#8031,#8033,.T.);
#8031 = VERTEX_POINT('',#8032);
#8032 = CARTESIAN_POINT('',(-14.524086,14.374086,1.51));
#8033 = CIRCLE('',#8034,0.15);
#8034 = AXIS2_PLACEMENT_3D('',#8035,#8036,#8037);
#8035 = CARTESIAN_POINT('',(-14.524086,14.524086,1.51));
#8036 = DIRECTION('',(-0.,0.,-1.));
#8037 = DIRECTION('',(-0.,-1.,0.));
#8038 = FACE_BOUND('',#8039,.T.);
#8039 = EDGE_LOOP('',(#8040));
#8040 = ORIENTED_EDGE('',*,*,#8041,.F.);
#8041 = EDGE_CURVE('',#8042,#8042,#8044,.T.);
#8042 = VERTEX_POINT('',#8043);
#8043 = CARTESIAN_POINT('',(-14.4,17.6,1.51));
#8044 = CIRCLE('',#8045,3.2);
#8045 = AXIS2_PLACEMENT_3D('',#8046,#8047,#8048);
#8046 = CARTESIAN_POINT('',(-17.6,17.6,1.51));
#8047 = DIRECTION('',(0.,0.,1.));
#8048 = DIRECTION('',(1.,0.,-0.));
#8049 = FACE_BOUND('',#8050,.T.);
#8050 = EDGE_LOOP('',(#8051));
#8051 = ORIENTED_EDGE('',*,*,#8052,.T.);
#8052 = EDGE_CURVE('',#8053,#8053,#8055,.T.);
#8053 = VERTEX_POINT('',#8054);
#8054 = CARTESIAN_POINT('',(-20.675914,20.525914,1.51));
#8055 = CIRCLE('',#8056,0.15);
#8056 = AXIS2_PLACEMENT_3D('',#8057,#8058,#8059);
#8057 = CARTESIAN_POINT('',(-20.675914,20.675914,1.51));
#8058 = DIRECTION('',(-0.,0.,-1.));
#8059 = DIRECTION('',(-0.,-1.,0.));
#8060 = FACE_BOUND('',#8061,.T.);
#8061 = EDGE_LOOP('',(#8062));
#8062 = ORIENTED_EDGE('',*,*,#8063,.T.);
#8063 = EDGE_CURVE('',#8064,#8064,#8066,.T.);
#8064 = VERTEX_POINT('',#8065);
#8065 = CARTESIAN_POINT('',(-1.230478,26.789876,1.51));
#8066 = CIRCLE('',#8067,0.25);
#8067 = AXIS2_PLACEMENT_3D('',#8068,#8069,#8070);
#8068 = CARTESIAN_POINT('',(-1.230478,27.039876,1.51));
#8069 = DIRECTION('',(-0.,0.,-1.));
#8070 = DIRECTION('',(-0.,-1.,0.));
#8071 = FACE_BOUND('',#8072,.T.);
#8072 = EDGE_LOOP('',(#8073));
#8073 = ORIENTED_EDGE('',*,*,#8074,.T.);
#8074 = EDGE_CURVE('',#8075,#8075,#8077,.T.);
#8075 = VERTEX_POINT('',#8076);
#8076 = CARTESIAN_POINT('',(8.174999,1.02542,1.51));
#8077 = CIRCLE('',#8078,0.25);
#8078 = AXIS2_PLACEMENT_3D('',#8079,#8080,#8081);
#8079 = CARTESIAN_POINT('',(8.174999,1.27542,1.51));
#8080 = DIRECTION('',(-0.,0.,-1.));
#8081 = DIRECTION('',(-0.,-1.,0.));
#8082 = FACE_BOUND('',#8083,.T.);
#8083 = EDGE_LOOP('',(#8084));
#8084 = ORIENTED_EDGE('',*,*,#8085,.T.);
#8085 = EDGE_CURVE('',#8086,#8086,#8088,.T.);
#8086 = VERTEX_POINT('',#8087);
#8087 = CARTESIAN_POINT('',(5.08421,4.93421,1.51));
#8088 = CIRCLE('',#8089,0.15);
#8089 = AXIS2_PLACEMENT_3D('',#8090,#8091,#8092);
#8090 = CARTESIAN_POINT('',(5.08421,5.08421,1.51));
#8091 = DIRECTION('',(-0.,0.,-1.));
#8092 = DIRECTION('',(-5.921189464668E-15,-1.,0.));
#8093 = FACE_BOUND('',#8094,.T.);
#8094 = EDGE_LOOP('',(#8095));
#8095 = ORIENTED_EDGE('',*,*,#8096,.T.);
#8096 = EDGE_CURVE('',#8097,#8097,#8099,.T.);
#8097 = VERTEX_POINT('',#8098);
#8098 = CARTESIAN_POINT('',(14.524086,14.374086,1.51));
#8099 = CIRCLE('',#8100,0.15);
#8100 = AXIS2_PLACEMENT_3D('',#8101,#8102,#8103);
#8101 = CARTESIAN_POINT('',(14.524086,14.524086,1.51));
#8102 = DIRECTION('',(-0.,0.,-1.));
#8103 = DIRECTION('',(-0.,-1.,0.));
#8104 = FACE_BOUND('',#8105,.T.);
#8105 = EDGE_LOOP('',(#8106));
#8106 = ORIENTED_EDGE('',*,*,#8107,.T.);
#8107 = EDGE_CURVE('',#8108,#8108,#8110,.T.);
#8108 = VERTEX_POINT('',#8109);
#8109 = CARTESIAN_POINT('',(27.039876,0.980478,1.51));
#8110 = CIRCLE('',#8111,0.25);
#8111 = AXIS2_PLACEMENT_3D('',#8112,#8113,#8114);
#8112 = CARTESIAN_POINT('',(27.039876,1.230478,1.51));
#8113 = DIRECTION('',(-0.,0.,-1.));
#8114 = DIRECTION('',(-0.,-1.,0.));
#8115 = FACE_BOUND('',#8116,.T.);
#8116 = EDGE_LOOP('',(#8117,#8128,#8136,#8145,#8153,#8162,#8170,#8179));
#8117 = ORIENTED_EDGE('',*,*,#8118,.F.);
#8118 = EDGE_CURVE('',#8119,#8121,#8123,.T.);
#8119 = VERTEX_POINT('',#8120);
#8120 = CARTESIAN_POINT('',(31.125,0.85,1.51));
#8121 = VERTEX_POINT('',#8122);
#8122 = CARTESIAN_POINT('',(30.975,0.7,1.51));
#8123 = CIRCLE('',#8124,0.150000058649);
#8124 = AXIS2_PLACEMENT_3D('',#8125,#8126,#8127);
#8125 = CARTESIAN_POINT('',(31.125000058649,0.699999941351,1.51));
#8126 = DIRECTION('',(0.,0.,1.));
#8127 = DIRECTION('',(-3.909953616065E-07,1.,0.));
#8128 = ORIENTED_EDGE('',*,*,#8129,.F.);
#8129 = EDGE_CURVE('',#8130,#8119,#8132,.T.);
#8130 = VERTEX_POINT('',#8131);
#8131 = CARTESIAN_POINT('',(33.225,0.85,1.51));
#8132 = LINE('',#8133,#8134);
#8133 = CARTESIAN_POINT('',(33.225,0.85,1.51));
#8134 = VECTOR('',#8135,1.);
#8135 = DIRECTION('',(-1.,0.,0.));
#8136 = ORIENTED_EDGE('',*,*,#8137,.F.);
#8137 = EDGE_CURVE('',#8138,#8130,#8140,.T.);
#8138 = VERTEX_POINT('',#8139);
#8139 = CARTESIAN_POINT('',(33.375,0.7,1.51));
#8140 = CIRCLE('',#8141,0.150000058649);
#8141 = AXIS2_PLACEMENT_3D('',#8142,#8143,#8144);
#8142 = CARTESIAN_POINT('',(33.224999941351,0.699999941351,1.51));
#8143 = DIRECTION('',(0.,0.,1.));
#8144 = DIRECTION('',(1.,3.909953519845E-07,-0.));
#8145 = ORIENTED_EDGE('',*,*,#8146,.F.);
#8146 = EDGE_CURVE('',#8147,#8138,#8149,.T.);
#8147 = VERTEX_POINT('',#8148);
#8148 = CARTESIAN_POINT('',(33.375,-0.7,1.51));
#8149 = LINE('',#8150,#8151);
#8150 = CARTESIAN_POINT('',(33.375,-0.7,1.51));
#8151 = VECTOR('',#8152,1.);
#8152 = DIRECTION('',(0.,1.,0.));
#8153 = ORIENTED_EDGE('',*,*,#8154,.F.);
#8154 = EDGE_CURVE('',#8155,#8147,#8157,.T.);
#8155 = VERTEX_POINT('',#8156);
#8156 = CARTESIAN_POINT('',(33.225,-0.85,1.51));
#8157 = CIRCLE('',#8158,0.150000058649);
#8158 = AXIS2_PLACEMENT_3D('',#8159,#8160,#8161);
#8159 = CARTESIAN_POINT('',(33.224999941351,-0.699999941351,1.51));
#8160 = DIRECTION('',(0.,0.,1.));
#8161 = DIRECTION('',(3.909953616065E-07,-1.,0.));
#8162 = ORIENTED_EDGE('',*,*,#8163,.F.);
#8163 = EDGE_CURVE('',#8164,#8155,#8166,.T.);
#8164 = VERTEX_POINT('',#8165);
#8165 = CARTESIAN_POINT('',(31.125,-0.85,1.51));
#8166 = LINE('',#8167,#8168);
#8167 = CARTESIAN_POINT('',(31.125,-0.85,1.51));
#8168 = VECTOR('',#8169,1.);
#8169 = DIRECTION('',(1.,0.,0.));
#8170 = ORIENTED_EDGE('',*,*,#8171,.F.);
#8171 = EDGE_CURVE('',#8172,#8164,#8174,.T.);
#8172 = VERTEX_POINT('',#8173);
#8173 = CARTESIAN_POINT('',(30.975,-0.7,1.51));
#8174 = CIRCLE('',#8175,0.150000058649);
#8175 = AXIS2_PLACEMENT_3D('',#8176,#8177,#8178);
#8176 = CARTESIAN_POINT('',(31.125000058649,-0.699999941351,1.51));
#8177 = DIRECTION('',(0.,0.,1.));
#8178 = DIRECTION('',(-1.,-3.909953638269E-07,0.));
#8179 = ORIENTED_EDGE('',*,*,#8180,.F.);
#8180 = EDGE_CURVE('',#8121,#8172,#8181,.T.);
#8181 = LINE('',#8182,#8183);
#8182 = CARTESIAN_POINT('',(30.975,0.7,1.51));
#8183 = VECTOR('',#8184,1.);
#8184 = DIRECTION('',(0.,-1.,0.));
#8185 = FACE_BOUND('',#8186,.T.);
#8186 = EDGE_LOOP('',(#8187,#8198,#8206,#8215,#8223,#8232,#8240,#8249));
#8187 = ORIENTED_EDGE('',*,*,#8188,.F.);
#8188 = EDGE_CURVE('',#8189,#8191,#8193,.T.);
#8189 = VERTEX_POINT('',#8190);
#8190 = CARTESIAN_POINT('',(-0.7,33.375,1.51));
#8191 = VERTEX_POINT('',#8192);
#8192 = CARTESIAN_POINT('',(-0.85,33.225,1.51));
#8193 = CIRCLE('',#8194,0.150000058649);
#8194 = AXIS2_PLACEMENT_3D('',#8195,#8196,#8197);
#8195 = CARTESIAN_POINT('',(-0.699999941351,33.224999941351,1.51));
#8196 = DIRECTION('',(0.,0.,1.));
#8197 = DIRECTION('',(-3.909953519845E-07,1.,0.));
#8198 = ORIENTED_EDGE('',*,*,#8199,.F.);
#8199 = EDGE_CURVE('',#8200,#8189,#8202,.T.);
#8200 = VERTEX_POINT('',#8201);
#8201 = CARTESIAN_POINT('',(0.7,33.375,1.51));
#8202 = LINE('',#8203,#8204);
#8203 = CARTESIAN_POINT('',(0.7,33.375,1.51));
#8204 = VECTOR('',#8205,1.);
#8205 = DIRECTION('',(-1.,0.,0.));
#8206 = ORIENTED_EDGE('',*,*,#8207,.F.);
#8207 = EDGE_CURVE('',#8208,#8200,#8210,.T.);
#8208 = VERTEX_POINT('',#8209);
#8209 = CARTESIAN_POINT('',(0.85,33.225,1.51));
#8210 = CIRCLE('',#8211,0.150000058649);
#8211 = AXIS2_PLACEMENT_3D('',#8212,#8213,#8214);
#8212 = CARTESIAN_POINT('',(0.699999941351,33.224999941351,1.51));
#8213 = DIRECTION('',(0.,0.,1.));
#8214 = DIRECTION('',(1.,3.909953616065E-07,-0.));
#8215 = ORIENTED_EDGE('',*,*,#8216,.F.);
#8216 = EDGE_CURVE('',#8217,#8208,#8219,.T.);
#8217 = VERTEX_POINT('',#8218);
#8218 = CARTESIAN_POINT('',(0.85,31.125,1.51));
#8219 = LINE('',#8220,#8221);
#8220 = CARTESIAN_POINT('',(0.85,31.125,1.51));
#8221 = VECTOR('',#8222,1.);
#8222 = DIRECTION('',(0.,1.,0.));
#8223 = ORIENTED_EDGE('',*,*,#8224,.F.);
#8224 = EDGE_CURVE('',#8225,#8217,#8227,.T.);
#8225 = VERTEX_POINT('',#8226);
#8226 = CARTESIAN_POINT('',(0.7,30.975,1.51));
#8227 = CIRCLE('',#8228,0.150000058649);
#8228 = AXIS2_PLACEMENT_3D('',#8229,#8230,#8231);
#8229 = CARTESIAN_POINT('',(0.699999941351,31.125000058649,1.51));
#8230 = DIRECTION('',(0.,0.,1.));
#8231 = DIRECTION('',(3.909953638269E-07,-1.,0.));
#8232 = ORIENTED_EDGE('',*,*,#8233,.F.);
#8233 = EDGE_CURVE('',#8234,#8225,#8236,.T.);
#8234 = VERTEX_POINT('',#8235);
#8235 = CARTESIAN_POINT('',(-0.7,30.975,1.51));
#8236 = LINE('',#8237,#8238);
#8237 = CARTESIAN_POINT('',(-0.7,30.975,1.51));
#8238 = VECTOR('',#8239,1.);
#8239 = DIRECTION('',(1.,0.,0.));
#8240 = ORIENTED_EDGE('',*,*,#8241,.F.);
#8241 = EDGE_CURVE('',#8242,#8234,#8244,.T.);
#8242 = VERTEX_POINT('',#8243);
#8243 = CARTESIAN_POINT('',(-0.85,31.125,1.51));
#8244 = CIRCLE('',#8245,0.150000058649);
#8245 = AXIS2_PLACEMENT_3D('',#8246,#8247,#8248);
#8246 = CARTESIAN_POINT('',(-0.699999941351,31.125000058649,1.51));
#8247 = DIRECTION('',(0.,0.,1.));
#8248 = DIRECTION('',(-1.,-3.909953616065E-07,0.));
#8249 = ORIENTED_EDGE('',*,*,#8250,.F.);
#8250 = EDGE_CURVE('',#8191,#8242,#8251,.T.);
#8251 = LINE('',#8252,#8253);
#8252 = CARTESIAN_POINT('',(-0.85,33.225,1.51));
#8253 = VECTOR('',#8254,1.);
#8254 = DIRECTION('',(0.,-1.,0.));
#8255 = FACE_BOUND('',#8256,.T.);
#8256 = EDGE_LOOP('',(#8257));
#8257 = ORIENTED_EDGE('',*,*,#8258,.F.);
#8258 = EDGE_CURVE('',#8259,#8259,#8261,.T.);
#8259 = VERTEX_POINT('',#8260);
#8260 = CARTESIAN_POINT('',(20.8,17.6,1.51));
#8261 = CIRCLE('',#8262,3.2);
#8262 = AXIS2_PLACEMENT_3D('',#8263,#8264,#8265);
#8263 = CARTESIAN_POINT('',(17.6,17.6,1.51));
#8264 = DIRECTION('',(0.,0.,1.));
#8265 = DIRECTION('',(1.,0.,-0.));
#8266 = FACE_BOUND('',#8267,.T.);
#8267 = EDGE_LOOP('',(#8268));
#8268 = ORIENTED_EDGE('',*,*,#8269,.T.);
#8269 = EDGE_CURVE('',#8270,#8270,#8272,.T.);
#8270 = VERTEX_POINT('',#8271);
#8271 = CARTESIAN_POINT('',(20.675914,20.525914,1.51));
#8272 = CIRCLE('',#8273,0.15);
#8273 = AXIS2_PLACEMENT_3D('',#8274,#8275,#8276);
#8274 = CARTESIAN_POINT('',(20.675914,20.675914,1.51));
#8275 = DIRECTION('',(-0.,0.,-1.));
#8276 = DIRECTION('',(-0.,-1.,0.));
#8277 = PLANE('',#8278);
#8278 = AXIS2_PLACEMENT_3D('',#8279,#8280,#8281);
#8279 = CARTESIAN_POINT('',(0.,0.,1.51));
#8280 = DIRECTION('',(0.,0.,1.));
#8281 = DIRECTION('',(1.,0.,-0.));
#8282 = ADVANCED_FACE('',(#8283),#8294,.T.);
#8283 = FACE_BOUND('',#8284,.T.);
#8284 = EDGE_LOOP('',(#8285,#8291,#8292,#8293));
#8285 = ORIENTED_EDGE('',*,*,#8286,.T.);
#8286 = EDGE_CURVE('',#6893,#7591,#8287,.T.);
#8287 = LINE('',#8288,#8289);
#8288 = CARTESIAN_POINT('',(8.5E-02,33.97,0.));
#8289 = VECTOR('',#8290,1.);
#8290 = DIRECTION('',(0.,0.,1.));
#8291 = ORIENTED_EDGE('',*,*,#7590,.T.);
#8292 = ORIENTED_EDGE('',*,*,#6824,.F.);
#8293 = ORIENTED_EDGE('',*,*,#6892,.F.);
#8294 = PLANE('',#8295);
#8295 = AXIS2_PLACEMENT_3D('',#8296,#8297,#8298);
#8296 = CARTESIAN_POINT('',(8.5E-02,33.97,0.));
#8297 = DIRECTION('',(0.,1.,0.));
#8298 = DIRECTION('',(1.,0.,0.));
#8299 = ADVANCED_FACE('',(#8300),#8311,.T.);
#8300 = FACE_BOUND('',#8301,.T.);
#8301 = EDGE_LOOP('',(#8302,#8303,#8304,#8310));
#8302 = ORIENTED_EDGE('',*,*,#6867,.T.);
#8303 = ORIENTED_EDGE('',*,*,#7727,.T.);
#8304 = ORIENTED_EDGE('',*,*,#8305,.F.);
#8305 = EDGE_CURVE('',#7022,#7720,#8306,.T.);
#8306 = LINE('',#8307,#8308);
#8307 = CARTESIAN_POINT('',(33.97,-8.5E-02,0.));
#8308 = VECTOR('',#8309,1.);
#8309 = DIRECTION('',(0.,0.,1.));
#8310 = ORIENTED_EDGE('',*,*,#7029,.F.);
#8311 = PLANE('',#8312);
#8312 = AXIS2_PLACEMENT_3D('',#8313,#8314,#8315);
#8313 = CARTESIAN_POINT('',(33.97,7.845,0.));
#8314 = DIRECTION('',(1.,0.,-0.));
#8315 = DIRECTION('',(0.,-1.,0.));
#8316 = ADVANCED_FACE('',(#8317),#8328,.T.);
#8317 = FACE_BOUND('',#8318,.T.);
#8318 = EDGE_LOOP('',(#8319,#8325,#8326,#8327));
#8319 = ORIENTED_EDGE('',*,*,#8320,.T.);
#8320 = EDGE_CURVE('',#6901,#7599,#8321,.T.);
#8321 = LINE('',#8322,#8323);
#8322 = CARTESIAN_POINT('',(-7.845,33.97,0.));
#8323 = VECTOR('',#8324,1.);
#8324 = DIRECTION('',(0.,0.,1.));
#8325 = ORIENTED_EDGE('',*,*,#7598,.T.);
#8326 = ORIENTED_EDGE('',*,*,#8286,.F.);
#8327 = ORIENTED_EDGE('',*,*,#6900,.F.);
#8328 = PLANE('',#8329);
#8329 = AXIS2_PLACEMENT_3D('',#8330,#8331,#8332);
#8330 = CARTESIAN_POINT('',(-7.845,33.97,0.));
#8331 = DIRECTION('',(0.,1.,0.));
#8332 = DIRECTION('',(1.,0.,0.));
#8333 = ADVANCED_FACE('',(#8334),#8345,.T.);
#8334 = FACE_BOUND('',#8335,.T.);
#8335 = EDGE_LOOP('',(#8336,#8337,#8338,#8344));
#8336 = ORIENTED_EDGE('',*,*,#8305,.T.);
#8337 = ORIENTED_EDGE('',*,*,#7719,.T.);
#8338 = ORIENTED_EDGE('',*,*,#8339,.F.);
#8339 = EDGE_CURVE('',#7013,#7711,#8340,.T.);
#8340 = LINE('',#8341,#8342);
#8341 = CARTESIAN_POINT('',(33.97,-8.015,0.));
#8342 = VECTOR('',#8343,1.);
#8343 = DIRECTION('',(0.,0.,1.));
#8344 = ORIENTED_EDGE('',*,*,#7021,.F.);
#8345 = PLANE('',#8346);
#8346 = AXIS2_PLACEMENT_3D('',#8347,#8348,#8349);
#8347 = CARTESIAN_POINT('',(33.97,-8.5E-02,0.));
#8348 = DIRECTION('',(1.,0.,-0.));
#8349 = DIRECTION('',(0.,-1.,0.));
#8350 = ADVANCED_FACE('',(#8351),#8362,.F.);
#8351 = FACE_BOUND('',#8352,.T.);
#8352 = EDGE_LOOP('',(#8353,#8359,#8360,#8361));
#8353 = ORIENTED_EDGE('',*,*,#8354,.T.);
#8354 = EDGE_CURVE('',#6909,#7607,#8355,.T.);
#8355 = LINE('',#8356,#8357);
#8356 = CARTESIAN_POINT('',(-12.007246,34.356685,0.));
#8357 = VECTOR('',#8358,1.);
#8358 = DIRECTION('',(0.,0.,1.));
#8359 = ORIENTED_EDGE('',*,*,#7606,.T.);
#8360 = ORIENTED_EDGE('',*,*,#8320,.F.);
#8361 = ORIENTED_EDGE('',*,*,#6908,.F.);
#8362 = CYLINDRICAL_SURFACE('',#8363,17.147450338268);
#8363 = AXIS2_PLACEMENT_3D('',#8364,#8365,#8366);
#8364 = CARTESIAN_POINT('',(-8.351731837196,51.109961375352,0.));
#8365 = DIRECTION('',(-0.,-0.,-1.));
#8366 = DIRECTION('',(-0.213181207159,-0.97701267797,0.));
#8367 = ADVANCED_FACE('',(#8368),#8379,.F.);
#8368 = FACE_BOUND('',#8369,.T.);
#8369 = EDGE_LOOP('',(#8370,#8371,#8372,#8378));
#8370 = ORIENTED_EDGE('',*,*,#8339,.T.);
#8371 = ORIENTED_EDGE('',*,*,#7710,.T.);
#8372 = ORIENTED_EDGE('',*,*,#8373,.F.);
#8373 = EDGE_CURVE('',#7004,#7702,#8374,.T.);
#8374 = LINE('',#8375,#8376);
#8375 = CARTESIAN_POINT('',(34.356685,-12.007246,0.));
#8376 = VECTOR('',#8377,1.);
#8377 = DIRECTION('',(0.,0.,1.));
#8378 = ORIENTED_EDGE('',*,*,#7012,.F.);
#8379 = CYLINDRICAL_SURFACE('',#8380,15.944241960266);
#8380 = AXIS2_PLACEMENT_3D('',#8381,#8382,#8383);
#8381 = CARTESIAN_POINT('',(49.907278318622,-8.486180944319,0.));
#8382 = DIRECTION('',(-0.,-0.,-1.));
#8383 = DIRECTION('',(-0.999563250378,2.955179339936E-02,0.));
#8384 = ADVANCED_FACE('',(#8385),#8396,.T.);
#8385 = FACE_BOUND('',#8386,.T.);
#8386 = EDGE_LOOP('',(#8387,#8393,#8394,#8395));
#8387 = ORIENTED_EDGE('',*,*,#8388,.T.);
#8388 = EDGE_CURVE('',#6918,#7616,#8389,.T.);
#8389 = LINE('',#8390,#8391);
#8390 = CARTESIAN_POINT('',(-34.356685,12.007246,0.));
#8391 = VECTOR('',#8392,1.);
#8392 = DIRECTION('',(0.,0.,1.));
#8393 = ORIENTED_EDGE('',*,*,#7615,.T.);
#8394 = ORIENTED_EDGE('',*,*,#8354,.F.);
#8395 = ORIENTED_EDGE('',*,*,#6917,.F.);
#8396 = CYLINDRICAL_SURFACE('',#8397,17.771948166256);
#8397 = AXIS2_PLACEMENT_3D('',#8398,#8399,#8400);
#8398 = CARTESIAN_POINT('',(-17.43333828053,17.433338280535,0.));
#8399 = DIRECTION('',(0.,0.,-1.));
#8400 = DIRECTION('',(-0.952250510813,-0.305317809267,-0.));
#8401 = ADVANCED_FACE('',(#8402),#8413,.T.);
#8402 = FACE_BOUND('',#8403,.T.);
#8403 = EDGE_LOOP('',(#8404,#8405,#8406,#8412));
#8404 = ORIENTED_EDGE('',*,*,#8373,.T.);
#8405 = ORIENTED_EDGE('',*,*,#7701,.T.);
#8406 = ORIENTED_EDGE('',*,*,#8407,.F.);
#8407 = EDGE_CURVE('',#6995,#7693,#8408,.T.);
#8408 = LINE('',#8409,#8410);
#8409 = CARTESIAN_POINT('',(12.007247,-34.356685,0.));
#8410 = VECTOR('',#8411,1.);
#8411 = DIRECTION('',(0.,0.,1.));
#8412 = ORIENTED_EDGE('',*,*,#7003,.F.);
#8413 = CYLINDRICAL_SURFACE('',#8414,17.771947102424);
#8414 = AXIS2_PLACEMENT_3D('',#8415,#8416,#8417);
#8415 = CARTESIAN_POINT('',(17.43333981038,-17.43333956759,0.));
#8416 = DIRECTION('',(0.,0.,-1.));
#8417 = DIRECTION('',(0.952250481733,0.305317899965,0.));
#8418 = ADVANCED_FACE('',(#8419),#8430,.F.);
#8419 = FACE_BOUND('',#8420,.T.);
#8420 = EDGE_LOOP('',(#8421,#8427,#8428,#8429));
#8421 = ORIENTED_EDGE('',*,*,#8422,.T.);
#8422 = EDGE_CURVE('',#6927,#7625,#8423,.T.);
#8423 = LINE('',#8424,#8425);
#8424 = CARTESIAN_POINT('',(-33.97,8.015,0.));
#8425 = VECTOR('',#8426,1.);
#8426 = DIRECTION('',(0.,0.,1.));
#8427 = ORIENTED_EDGE('',*,*,#7624,.T.);
#8428 = ORIENTED_EDGE('',*,*,#8388,.F.);
#8429 = ORIENTED_EDGE('',*,*,#6926,.F.);
#8430 = CYLINDRICAL_SURFACE('',#8431,15.944241960266);
#8431 = AXIS2_PLACEMENT_3D('',#8432,#8433,#8434);
#8432 = CARTESIAN_POINT('',(-49.90727831862,8.486180944319,0.));
#8433 = DIRECTION('',(-0.,-0.,-1.));
#8434 = DIRECTION('',(0.999563250378,-2.955179339936E-02,0.));
#8435 = ADVANCED_FACE('',(#8436),#8447,.F.);
#8436 = FACE_BOUND('',#8437,.T.);
#8437 = EDGE_LOOP('',(#8438,#8439,#8440,#8446));
#8438 = ORIENTED_EDGE('',*,*,#8407,.T.);
#8439 = ORIENTED_EDGE('',*,*,#7692,.T.);
#8440 = ORIENTED_EDGE('',*,*,#8441,.F.);
#8441 = EDGE_CURVE('',#6987,#7685,#8442,.T.);
#8442 = LINE('',#8443,#8444);
#8443 = CARTESIAN_POINT('',(7.845,-33.97,0.));
#8444 = VECTOR('',#8445,1.);
#8445 = DIRECTION('',(0.,0.,1.));
#8446 = ORIENTED_EDGE('',*,*,#6994,.F.);
#8447 = CYLINDRICAL_SURFACE('',#8448,17.147464633736);
#8448 = AXIS2_PLACEMENT_3D('',#8449,#8450,#8451);
#8449 = CARTESIAN_POINT('',(8.351731385539,-51.10997569041,0.));
#8450 = DIRECTION('',(-0.,-0.,-1.));
#8451 = DIRECTION('',(0.213181114091,0.977012698277,-0.));
#8452 = ADVANCED_FACE('',(#8453),#8464,.T.);
#8453 = FACE_BOUND('',#8454,.T.);
#8454 = EDGE_LOOP('',(#8455,#8461,#8462,#8463));
#8455 = ORIENTED_EDGE('',*,*,#8456,.T.);
#8456 = EDGE_CURVE('',#6936,#7634,#8457,.T.);
#8457 = LINE('',#8458,#8459);
#8458 = CARTESIAN_POINT('',(-33.97,8.5E-02,0.));
#8459 = VECTOR('',#8460,1.);
#8460 = DIRECTION('',(0.,0.,1.));
#8461 = ORIENTED_EDGE('',*,*,#7633,.T.);
#8462 = ORIENTED_EDGE('',*,*,#8422,.F.);
#8463 = ORIENTED_EDGE('',*,*,#6935,.F.);
#8464 = PLANE('',#8465);
#8465 = AXIS2_PLACEMENT_3D('',#8466,#8467,#8468);
#8466 = CARTESIAN_POINT('',(-33.97,8.5E-02,0.));
#8467 = DIRECTION('',(-1.,0.,0.));
#8468 = DIRECTION('',(0.,1.,0.));
#8469 = ADVANCED_FACE('',(#8470),#8481,.T.);
#8470 = FACE_BOUND('',#8471,.T.);
#8471 = EDGE_LOOP('',(#8472,#8473,#8474,#8480));
#8472 = ORIENTED_EDGE('',*,*,#8441,.T.);
#8473 = ORIENTED_EDGE('',*,*,#7684,.T.);
#8474 = ORIENTED_EDGE('',*,*,#8475,.F.);
#8475 = EDGE_CURVE('',#6979,#7677,#8476,.T.);
#8476 = LINE('',#8477,#8478);
#8477 = CARTESIAN_POINT('',(-8.5E-02,-33.97,0.));
#8478 = VECTOR('',#8479,1.);
#8479 = DIRECTION('',(0.,0.,1.));
#8480 = ORIENTED_EDGE('',*,*,#6986,.F.);
#8481 = PLANE('',#8482);
#8482 = AXIS2_PLACEMENT_3D('',#8483,#8484,#8485);
#8483 = CARTESIAN_POINT('',(7.845,-33.97,0.));
#8484 = DIRECTION('',(0.,-1.,0.));
#8485 = DIRECTION('',(-1.,0.,0.));
#8486 = ADVANCED_FACE('',(#8487),#8498,.T.);
#8487 = FACE_BOUND('',#8488,.T.);
#8488 = EDGE_LOOP('',(#8489,#8495,#8496,#8497));
#8489 = ORIENTED_EDGE('',*,*,#8490,.T.);
#8490 = EDGE_CURVE('',#6944,#7642,#8491,.T.);
#8491 = LINE('',#8492,#8493);
#8492 = CARTESIAN_POINT('',(-33.97,-7.845,0.));
#8493 = VECTOR('',#8494,1.);
#8494 = DIRECTION('',(0.,0.,1.));
#8495 = ORIENTED_EDGE('',*,*,#7641,.T.);
#8496 = ORIENTED_EDGE('',*,*,#8456,.F.);
#8497 = ORIENTED_EDGE('',*,*,#6943,.F.);
#8498 = PLANE('',#8499);
#8499 = AXIS2_PLACEMENT_3D('',#8500,#8501,#8502);
#8500 = CARTESIAN_POINT('',(-33.97,-7.845,0.));
#8501 = DIRECTION('',(-1.,0.,0.));
#8502 = DIRECTION('',(0.,1.,0.));
#8503 = ADVANCED_FACE('',(#8504),#8515,.T.);
#8504 = FACE_BOUND('',#8505,.T.);
#8505 = EDGE_LOOP('',(#8506,#8507,#8508,#8514));
#8506 = ORIENTED_EDGE('',*,*,#8475,.T.);
#8507 = ORIENTED_EDGE('',*,*,#7676,.T.);
#8508 = ORIENTED_EDGE('',*,*,#8509,.F.);
#8509 = EDGE_CURVE('',#6970,#7668,#8510,.T.);
#8510 = LINE('',#8511,#8512);
#8511 = CARTESIAN_POINT('',(-8.015,-33.97,0.));
#8512 = VECTOR('',#8513,1.);
#8513 = DIRECTION('',(0.,0.,1.));
#8514 = ORIENTED_EDGE('',*,*,#6978,.F.);
#8515 = PLANE('',#8516);
#8516 = AXIS2_PLACEMENT_3D('',#8517,#8518,#8519);
#8517 = CARTESIAN_POINT('',(-8.5E-02,-33.97,0.));
#8518 = DIRECTION('',(0.,-1.,0.));
#8519 = DIRECTION('',(-1.,0.,0.));
#8520 = ADVANCED_FACE('',(#8521),#8532,.F.);
#8521 = FACE_BOUND('',#8522,.T.);
#8522 = EDGE_LOOP('',(#8523,#8529,#8530,#8531));
#8523 = ORIENTED_EDGE('',*,*,#8524,.T.);
#8524 = EDGE_CURVE('',#6952,#7650,#8525,.T.);
#8525 = LINE('',#8526,#8527);
#8526 = CARTESIAN_POINT('',(-34.356684,-12.007247,0.));
#8527 = VECTOR('',#8528,1.);
#8528 = DIRECTION('',(0.,0.,1.));
#8529 = ORIENTED_EDGE('',*,*,#7649,.T.);
#8530 = ORIENTED_EDGE('',*,*,#8490,.F.);
#8531 = ORIENTED_EDGE('',*,*,#6951,.F.);
#8532 = CYLINDRICAL_SURFACE('',#8533,17.147530150385);
#8533 = AXIS2_PLACEMENT_3D('',#8534,#8535,#8536);
#8534 = CARTESIAN_POINT('',(-51.11004129689,-8.35172931558,0.));
#8535 = DIRECTION('',(-0.,-0.,-1.));
#8536 = DIRECTION('',(0.977012849662,-0.213180420291,0.));
#8537 = ADVANCED_FACE('',(#8538),#8549,.F.);
#8538 = FACE_BOUND('',#8539,.T.);
#8539 = EDGE_LOOP('',(#8540,#8541,#8542,#8548));
#8540 = ORIENTED_EDGE('',*,*,#8509,.T.);
#8541 = ORIENTED_EDGE('',*,*,#7667,.T.);
#8542 = ORIENTED_EDGE('',*,*,#8543,.F.);
#8543 = EDGE_CURVE('',#6961,#7659,#8544,.T.);
#8544 = LINE('',#8545,#8546);
#8545 = CARTESIAN_POINT('',(-12.007246,-34.356685,0.));
#8546 = VECTOR('',#8547,1.);
#8547 = DIRECTION('',(0.,0.,1.));
#8548 = ORIENTED_EDGE('',*,*,#6969,.F.);
#8549 = CYLINDRICAL_SURFACE('',#8550,15.944241960266);
#8550 = AXIS2_PLACEMENT_3D('',#8551,#8552,#8553);
#8551 = CARTESIAN_POINT('',(-8.486180944319,-49.90727831862,0.));
#8552 = DIRECTION('',(-0.,-0.,-1.));
#8553 = DIRECTION('',(2.955179339936E-02,0.999563250378,-0.));
#8554 = ADVANCED_FACE('',(#8555),#8561,.T.);
#8555 = FACE_BOUND('',#8556,.T.);
#8556 = EDGE_LOOP('',(#8557,#8558,#8559,#8560));
#8557 = ORIENTED_EDGE('',*,*,#8543,.T.);
#8558 = ORIENTED_EDGE('',*,*,#7658,.T.);
#8559 = ORIENTED_EDGE('',*,*,#8524,.F.);
#8560 = ORIENTED_EDGE('',*,*,#6960,.F.);
#8561 = CYLINDRICAL_SURFACE('',#8562,17.771946988933);
#8562 = AXIS2_PLACEMENT_3D('',#8563,#8564,#8565);
#8563 = CARTESIAN_POINT('',(-17.43333862844,-17.43333962844,0.));
#8564 = DIRECTION('',(0.,0.,-1.));
#8565 = DIRECTION('',(0.30531784907,-0.952250498052,0.));
#8566 = ADVANCED_FACE('',(#8567),#8578,.F.);
#8567 = FACE_BOUND('',#8568,.T.);
#8568 = EDGE_LOOP('',(#8569,#8570,#8576,#8577));
#8569 = ORIENTED_EDGE('',*,*,#7038,.T.);
#8570 = ORIENTED_EDGE('',*,*,#8571,.T.);
#8571 = EDGE_CURVE('',#7039,#7737,#8572,.T.);
#8572 = LINE('',#8573,#8574);
#8573 = CARTESIAN_POINT('',(-20.675914,-20.825914,-4.6E-02));
#8574 = VECTOR('',#8575,1.);
#8575 = DIRECTION('',(0.,0.,1.));
#8576 = ORIENTED_EDGE('',*,*,#7736,.F.);
#8577 = ORIENTED_EDGE('',*,*,#8571,.F.);
#8578 = CYLINDRICAL_SURFACE('',#8579,0.15);
#8579 = AXIS2_PLACEMENT_3D('',#8580,#8581,#8582);
#8580 = CARTESIAN_POINT('',(-20.675914,-20.675914,-4.6E-02));
#8581 = DIRECTION('',(-0.,-0.,-1.));
#8582 = DIRECTION('',(-0.,-1.,0.));
#8583 = ADVANCED_FACE('',(#8584),#8595,.F.);
#8584 = FACE_BOUND('',#8585,.T.);
#8585 = EDGE_LOOP('',(#8586,#8592,#8593,#8594));
#8586 = ORIENTED_EDGE('',*,*,#8587,.T.);
#8587 = EDGE_CURVE('',#7050,#7748,#8588,.T.);
#8588 = LINE('',#8589,#8590);
#8589 = CARTESIAN_POINT('',(-14.4,-17.6,0.));
#8590 = VECTOR('',#8591,1.);
#8591 = DIRECTION('',(0.,0.,1.));
#8592 = ORIENTED_EDGE('',*,*,#7747,.T.);
#8593 = ORIENTED_EDGE('',*,*,#8587,.F.);
#8594 = ORIENTED_EDGE('',*,*,#7049,.F.);
#8595 = CYLINDRICAL_SURFACE('',#8596,3.2);
#8596 = AXIS2_PLACEMENT_3D('',#8597,#8598,#8599);
#8597 = CARTESIAN_POINT('',(-17.6,-17.6,0.));
#8598 = DIRECTION('',(-0.,-0.,-1.));
#8599 = DIRECTION('',(1.,0.,-0.));
#8600 = ADVANCED_FACE('',(#8601),#8612,.F.);
#8601 = FACE_BOUND('',#8602,.T.);
#8602 = EDGE_LOOP('',(#8603,#8604,#8610,#8611));
#8603 = ORIENTED_EDGE('',*,*,#7060,.T.);
#8604 = ORIENTED_EDGE('',*,*,#8605,.T.);
#8605 = EDGE_CURVE('',#7061,#7759,#8606,.T.);
#8606 = LINE('',#8607,#8608);
#8607 = CARTESIAN_POINT('',(-27.039876,-1.480478,-4.6E-02));
#8608 = VECTOR('',#8609,1.);
#8609 = DIRECTION('',(0.,0.,1.));
#8610 = ORIENTED_EDGE('',*,*,#7758,.F.);
#8611 = ORIENTED_EDGE('',*,*,#8605,.F.);
#8612 = CYLINDRICAL_SURFACE('',#8613,0.25);
#8613 = AXIS2_PLACEMENT_3D('',#8614,#8615,#8616);
#8614 = CARTESIAN_POINT('',(-27.039876,-1.230478,-4.6E-02));
#8615 = DIRECTION('',(-0.,-0.,-1.));
#8616 = DIRECTION('',(-0.,-1.,0.));
#8617 = ADVANCED_FACE('',(#8618),#8629,.F.);
#8618 = FACE_BOUND('',#8619,.T.);
#8619 = EDGE_LOOP('',(#8620,#8621,#8627,#8628));
#8620 = ORIENTED_EDGE('',*,*,#7071,.T.);
#8621 = ORIENTED_EDGE('',*,*,#8622,.T.);
#8622 = EDGE_CURVE('',#7072,#7770,#8623,.T.);
#8623 = LINE('',#8624,#8625);
#8624 = CARTESIAN_POINT('',(-14.524086,-14.674086,-4.6E-02));
#8625 = VECTOR('',#8626,1.);
#8626 = DIRECTION('',(0.,0.,1.));
#8627 = ORIENTED_EDGE('',*,*,#7769,.F.);
#8628 = ORIENTED_EDGE('',*,*,#8622,.F.);
#8629 = CYLINDRICAL_SURFACE('',#8630,0.15);
#8630 = AXIS2_PLACEMENT_3D('',#8631,#8632,#8633);
#8631 = CARTESIAN_POINT('',(-14.524086,-14.524086,-4.6E-02));
#8632 = DIRECTION('',(-0.,-0.,-1.));
#8633 = DIRECTION('',(-0.,-1.,0.));
#8634 = ADVANCED_FACE('',(#8635),#8646,.F.);
#8635 = FACE_BOUND('',#8636,.T.);
#8636 = EDGE_LOOP('',(#8637,#8638,#8644,#8645));
#8637 = ORIENTED_EDGE('',*,*,#7082,.T.);
#8638 = ORIENTED_EDGE('',*,*,#8639,.T.);
#8639 = EDGE_CURVE('',#7083,#7781,#8640,.T.);
#8640 = LINE('',#8641,#8642);
#8641 = CARTESIAN_POINT('',(-5.08421,-5.23421,-4.6E-02));
#8642 = VECTOR('',#8643,1.);
#8643 = DIRECTION('',(0.,0.,1.));
#8644 = ORIENTED_EDGE('',*,*,#7780,.F.);
#8645 = ORIENTED_EDGE('',*,*,#8639,.F.);
#8646 = CYLINDRICAL_SURFACE('',#8647,0.15);
#8647 = AXIS2_PLACEMENT_3D('',#8648,#8649,#8650);
#8648 = CARTESIAN_POINT('',(-5.08421,-5.08421,-4.6E-02));
#8649 = DIRECTION('',(-0.,0.,-1.));
#8650 = DIRECTION('',(5.921189464667E-15,-1.,-0.));
#8651 = ADVANCED_FACE('',(#8652),#8663,.F.);
#8652 = FACE_BOUND('',#8653,.T.);
#8653 = EDGE_LOOP('',(#8654,#8655,#8661,#8662));
#8654 = ORIENTED_EDGE('',*,*,#7093,.T.);
#8655 = ORIENTED_EDGE('',*,*,#8656,.T.);
#8656 = EDGE_CURVE('',#7094,#7792,#8657,.T.);
#8657 = LINE('',#8658,#8659);
#8658 = CARTESIAN_POINT('',(-8.174999,-1.52542,-4.6E-02));
#8659 = VECTOR('',#8660,1.);
#8660 = DIRECTION('',(0.,0.,1.));
#8661 = ORIENTED_EDGE('',*,*,#7791,.F.);
#8662 = ORIENTED_EDGE('',*,*,#8656,.F.);
#8663 = CYLINDRICAL_SURFACE('',#8664,0.25);
#8664 = AXIS2_PLACEMENT_3D('',#8665,#8666,#8667);
#8665 = CARTESIAN_POINT('',(-8.174999,-1.27542,-4.6E-02));
#8666 = DIRECTION('',(-0.,-0.,-1.));
#8667 = DIRECTION('',(-0.,-1.,0.));
#8668 = ADVANCED_FACE('',(#8669),#8685,.F.);
#8669 = FACE_BOUND('',#8670,.T.);
#8670 = EDGE_LOOP('',(#8671,#8677,#8678,#8684));
#8671 = ORIENTED_EDGE('',*,*,#8672,.T.);
#8672 = EDGE_CURVE('',#7105,#7803,#8673,.T.);
#8673 = LINE('',#8674,#8675);
#8674 = CARTESIAN_POINT('',(-0.7,-30.975,0.));
#8675 = VECTOR('',#8676,1.);
#8676 = DIRECTION('',(0.,0.,1.));
#8677 = ORIENTED_EDGE('',*,*,#7802,.T.);
#8678 = ORIENTED_EDGE('',*,*,#8679,.F.);
#8679 = EDGE_CURVE('',#7107,#7805,#8680,.T.);
#8680 = LINE('',#8681,#8682);
#8681 = CARTESIAN_POINT('',(-0.85,-31.125,0.));
#8682 = VECTOR('',#8683,1.);
#8683 = DIRECTION('',(0.,0.,1.));
#8684 = ORIENTED_EDGE('',*,*,#7104,.F.);
#8685 = CYLINDRICAL_SURFACE('',#8686,0.150000058649);
#8686 = AXIS2_PLACEMENT_3D('',#8687,#8688,#8689);
#8687 = CARTESIAN_POINT('',(-0.699999941351,-31.12500005864,0.));
#8688 = DIRECTION('',(-0.,-0.,-1.));
#8689 = DIRECTION('',(-3.909953638269E-07,1.,0.));
#8690 = ADVANCED_FACE('',(#8691),#8702,.T.);
#8691 = FACE_BOUND('',#8692,.T.);
#8692 = EDGE_LOOP('',(#8693,#8699,#8700,#8701));
#8693 = ORIENTED_EDGE('',*,*,#8694,.T.);
#8694 = EDGE_CURVE('',#7116,#7814,#8695,.T.);
#8695 = LINE('',#8696,#8697);
#8696 = CARTESIAN_POINT('',(0.7,-30.975,0.));
#8697 = VECTOR('',#8698,1.);
#8698 = DIRECTION('',(0.,0.,1.));
#8699 = ORIENTED_EDGE('',*,*,#7813,.T.);
#8700 = ORIENTED_EDGE('',*,*,#8672,.F.);
#8701 = ORIENTED_EDGE('',*,*,#7115,.F.);
#8702 = PLANE('',#8703);
#8703 = AXIS2_PLACEMENT_3D('',#8704,#8705,#8706);
#8704 = CARTESIAN_POINT('',(0.7,-30.975,0.));
#8705 = DIRECTION('',(0.,-1.,0.));
#8706 = DIRECTION('',(-1.,0.,0.));
#8707 = ADVANCED_FACE('',(#8708),#8719,.T.);
#8708 = FACE_BOUND('',#8709,.T.);
#8709 = EDGE_LOOP('',(#8710,#8711,#8712,#8718));
#8710 = ORIENTED_EDGE('',*,*,#8679,.T.);
#8711 = ORIENTED_EDGE('',*,*,#7864,.T.);
#8712 = ORIENTED_EDGE('',*,*,#8713,.F.);
#8713 = EDGE_CURVE('',#7158,#7856,#8714,.T.);
#8714 = LINE('',#8715,#8716);
#8715 = CARTESIAN_POINT('',(-0.85,-33.225,0.));
#8716 = VECTOR('',#8717,1.);
#8717 = DIRECTION('',(0.,0.,1.));
#8718 = ORIENTED_EDGE('',*,*,#7166,.F.);
#8719 = PLANE('',#8720);
#8720 = AXIS2_PLACEMENT_3D('',#8721,#8722,#8723);
#8721 = CARTESIAN_POINT('',(-0.85,-31.125,0.));
#8722 = DIRECTION('',(1.,0.,-0.));
#8723 = DIRECTION('',(0.,-1.,0.));
#8724 = ADVANCED_FACE('',(#8725),#8736,.F.);
#8725 = FACE_BOUND('',#8726,.T.);
#8726 = EDGE_LOOP('',(#8727,#8733,#8734,#8735));
#8727 = ORIENTED_EDGE('',*,*,#8728,.T.);
#8728 = EDGE_CURVE('',#7124,#7822,#8729,.T.);
#8729 = LINE('',#8730,#8731);
#8730 = CARTESIAN_POINT('',(0.85,-31.125,0.));
#8731 = VECTOR('',#8732,1.);
#8732 = DIRECTION('',(0.,0.,1.));
#8733 = ORIENTED_EDGE('',*,*,#7821,.T.);
#8734 = ORIENTED_EDGE('',*,*,#8694,.F.);
#8735 = ORIENTED_EDGE('',*,*,#7123,.F.);
#8736 = CYLINDRICAL_SURFACE('',#8737,0.150000058649);
#8737 = AXIS2_PLACEMENT_3D('',#8738,#8739,#8740);
#8738 = CARTESIAN_POINT('',(0.699999941351,-31.12500005864,0.));
#8739 = DIRECTION('',(-0.,-0.,-1.));
#8740 = DIRECTION('',(1.,3.909953616065E-07,-0.));
#8741 = ADVANCED_FACE('',(#8742),#8753,.F.);
#8742 = FACE_BOUND('',#8743,.T.);
#8743 = EDGE_LOOP('',(#8744,#8745,#8746,#8752));
#8744 = ORIENTED_EDGE('',*,*,#8713,.T.);
#8745 = ORIENTED_EDGE('',*,*,#7855,.T.);
#8746 = ORIENTED_EDGE('',*,*,#8747,.F.);
#8747 = EDGE_CURVE('',#7150,#7848,#8748,.T.);
#8748 = LINE('',#8749,#8750);
#8749 = CARTESIAN_POINT('',(-0.7,-33.375,0.));
#8750 = VECTOR('',#8751,1.);
#8751 = DIRECTION('',(0.,0.,1.));
#8752 = ORIENTED_EDGE('',*,*,#7157,.F.);
#8753 = CYLINDRICAL_SURFACE('',#8754,0.150000058649);
#8754 = AXIS2_PLACEMENT_3D('',#8755,#8756,#8757);
#8755 = CARTESIAN_POINT('',(-0.699999941351,-33.22499994135,0.));
#8756 = DIRECTION('',(-0.,-0.,-1.));
#8757 = DIRECTION('',(-1.,-3.909953616065E-07,0.));
#8758 = ADVANCED_FACE('',(#8759),#8770,.T.);
#8759 = FACE_BOUND('',#8760,.T.);
#8760 = EDGE_LOOP('',(#8761,#8767,#8768,#8769));
#8761 = ORIENTED_EDGE('',*,*,#8762,.T.);
#8762 = EDGE_CURVE('',#7133,#7831,#8763,.T.);
#8763 = LINE('',#8764,#8765);
#8764 = CARTESIAN_POINT('',(0.85,-33.225,0.));
#8765 = VECTOR('',#8766,1.);
#8766 = DIRECTION('',(0.,0.,1.));
#8767 = ORIENTED_EDGE('',*,*,#7830,.T.);
#8768 = ORIENTED_EDGE('',*,*,#8728,.F.);
#8769 = ORIENTED_EDGE('',*,*,#7132,.F.);
#8770 = PLANE('',#8771);
#8771 = AXIS2_PLACEMENT_3D('',#8772,#8773,#8774);
#8772 = CARTESIAN_POINT('',(0.85,-33.225,0.));
#8773 = DIRECTION('',(-1.,0.,0.));
#8774 = DIRECTION('',(0.,1.,0.));
#8775 = ADVANCED_FACE('',(#8776),#8787,.T.);
#8776 = FACE_BOUND('',#8777,.T.);
#8777 = EDGE_LOOP('',(#8778,#8779,#8780,#8786));
#8778 = ORIENTED_EDGE('',*,*,#8747,.T.);
#8779 = ORIENTED_EDGE('',*,*,#7847,.T.);
#8780 = ORIENTED_EDGE('',*,*,#8781,.F.);
#8781 = EDGE_CURVE('',#7141,#7839,#8782,.T.);
#8782 = LINE('',#8783,#8784);
#8783 = CARTESIAN_POINT('',(0.7,-33.375,0.));
#8784 = VECTOR('',#8785,1.);
#8785 = DIRECTION('',(0.,0.,1.));
#8786 = ORIENTED_EDGE('',*,*,#7149,.F.);
#8787 = PLANE('',#8788);
#8788 = AXIS2_PLACEMENT_3D('',#8789,#8790,#8791);
#8789 = CARTESIAN_POINT('',(-0.7,-33.375,0.));
#8790 = DIRECTION('',(0.,1.,0.));
#8791 = DIRECTION('',(1.,0.,0.));
#8792 = ADVANCED_FACE('',(#8793),#8799,.F.);
#8793 = FACE_BOUND('',#8794,.T.);
#8794 = EDGE_LOOP('',(#8795,#8796,#8797,#8798));
#8795 = ORIENTED_EDGE('',*,*,#8781,.T.);
#8796 = ORIENTED_EDGE('',*,*,#7838,.T.);
#8797 = ORIENTED_EDGE('',*,*,#8762,.F.);
#8798 = ORIENTED_EDGE('',*,*,#7140,.F.);
#8799 = CYLINDRICAL_SURFACE('',#8800,0.150000058649);
#8800 = AXIS2_PLACEMENT_3D('',#8801,#8802,#8803);
#8801 = CARTESIAN_POINT('',(0.699999941351,-33.22499994135,0.));
#8802 = DIRECTION('',(-0.,-0.,-1.));
#8803 = DIRECTION('',(3.909953519845E-07,-1.,0.));
#8804 = ADVANCED_FACE('',(#8805),#8816,.F.);
#8805 = FACE_BOUND('',#8806,.T.);
#8806 = EDGE_LOOP('',(#8807,#8808,#8814,#8815));
#8807 = ORIENTED_EDGE('',*,*,#7174,.T.);
#8808 = ORIENTED_EDGE('',*,*,#8809,.T.);
#8809 = EDGE_CURVE('',#7175,#7873,#8810,.T.);
#8810 = LINE('',#8811,#8812);
#8811 = CARTESIAN_POINT('',(1.230478,-27.289876,-4.6E-02));
#8812 = VECTOR('',#8813,1.);
#8813 = DIRECTION('',(0.,0.,1.));
#8814 = ORIENTED_EDGE('',*,*,#7872,.F.);
#8815 = ORIENTED_EDGE('',*,*,#8809,.F.);
#8816 = CYLINDRICAL_SURFACE('',#8817,0.25);
#8817 = AXIS2_PLACEMENT_3D('',#8818,#8819,#8820);
#8818 = CARTESIAN_POINT('',(1.230478,-27.039876,-4.6E-02));
#8819 = DIRECTION('',(-0.,-0.,-1.));
#8820 = DIRECTION('',(-0.,-1.,0.));
#8821 = ADVANCED_FACE('',(#8822),#8833,.F.);
#8822 = FACE_BOUND('',#8823,.T.);
#8823 = EDGE_LOOP('',(#8824,#8825,#8831,#8832));
#8824 = ORIENTED_EDGE('',*,*,#7185,.T.);
#8825 = ORIENTED_EDGE('',*,*,#8826,.T.);
#8826 = EDGE_CURVE('',#7186,#7884,#8827,.T.);
#8827 = LINE('',#8828,#8829);
#8828 = CARTESIAN_POINT('',(20.675914,-20.825914,-4.6E-02));
#8829 = VECTOR('',#8830,1.);
#8830 = DIRECTION('',(0.,0.,1.));
#8831 = ORIENTED_EDGE('',*,*,#7883,.F.);
#8832 = ORIENTED_EDGE('',*,*,#8826,.F.);
#8833 = CYLINDRICAL_SURFACE('',#8834,0.15);
#8834 = AXIS2_PLACEMENT_3D('',#8835,#8836,#8837);
#8835 = CARTESIAN_POINT('',(20.675914,-20.675914,-4.6E-02));
#8836 = DIRECTION('',(-0.,-0.,-1.));
#8837 = DIRECTION('',(-0.,-1.,0.));
#8838 = ADVANCED_FACE('',(#8839),#8850,.F.);
#8839 = FACE_BOUND('',#8840,.T.);
#8840 = EDGE_LOOP('',(#8841,#8847,#8848,#8849));
#8841 = ORIENTED_EDGE('',*,*,#8842,.T.);
#8842 = EDGE_CURVE('',#7197,#7895,#8843,.T.);
#8843 = LINE('',#8844,#8845);
#8844 = CARTESIAN_POINT('',(20.8,-17.6,0.));
#8845 = VECTOR('',#8846,1.);
#8846 = DIRECTION('',(0.,0.,1.));
#8847 = ORIENTED_EDGE('',*,*,#7894,.T.);
#8848 = ORIENTED_EDGE('',*,*,#8842,.F.);
#8849 = ORIENTED_EDGE('',*,*,#7196,.F.);
#8850 = CYLINDRICAL_SURFACE('',#8851,3.2);
#8851 = AXIS2_PLACEMENT_3D('',#8852,#8853,#8854);
#8852 = CARTESIAN_POINT('',(17.6,-17.6,0.));
#8853 = DIRECTION('',(-0.,-0.,-1.));
#8854 = DIRECTION('',(1.,0.,-0.));
#8855 = ADVANCED_FACE('',(#8856),#8867,.F.);
#8856 = FACE_BOUND('',#8857,.T.);
#8857 = EDGE_LOOP('',(#8858,#8859,#8865,#8866));
#8858 = ORIENTED_EDGE('',*,*,#7207,.T.);
#8859 = ORIENTED_EDGE('',*,*,#8860,.T.);
#8860 = EDGE_CURVE('',#7208,#7906,#8861,.T.);
#8861 = LINE('',#8862,#8863);
#8862 = CARTESIAN_POINT('',(14.524086,-14.674086,-4.6E-02));
#8863 = VECTOR('',#8864,1.);
#8864 = DIRECTION('',(0.,0.,1.));
#8865 = ORIENTED_EDGE('',*,*,#7905,.F.);
#8866 = ORIENTED_EDGE('',*,*,#8860,.F.);
#8867 = CYLINDRICAL_SURFACE('',#8868,0.15);
#8868 = AXIS2_PLACEMENT_3D('',#8869,#8870,#8871);
#8869 = CARTESIAN_POINT('',(14.524086,-14.524086,-4.6E-02));
#8870 = DIRECTION('',(-0.,-0.,-1.));
#8871 = DIRECTION('',(-0.,-1.,0.));
#8872 = ADVANCED_FACE('',(#8873),#8884,.F.);
#8873 = FACE_BOUND('',#8874,.T.);
#8874 = EDGE_LOOP('',(#8875,#8876,#8882,#8883));
#8875 = ORIENTED_EDGE('',*,*,#7218,.T.);
#8876 = ORIENTED_EDGE('',*,*,#8877,.T.);
#8877 = EDGE_CURVE('',#7219,#7917,#8878,.T.);
#8878 = LINE('',#8879,#8880);
#8879 = CARTESIAN_POINT('',(1.27542,-8.424999,-4.6E-02));
#8880 = VECTOR('',#8881,1.);
#8881 = DIRECTION('',(0.,0.,1.));
#8882 = ORIENTED_EDGE('',*,*,#7916,.F.);
#8883 = ORIENTED_EDGE('',*,*,#8877,.F.);
#8884 = CYLINDRICAL_SURFACE('',#8885,0.25);
#8885 = AXIS2_PLACEMENT_3D('',#8886,#8887,#8888);
#8886 = CARTESIAN_POINT('',(1.27542,-8.174999,-4.6E-02));
#8887 = DIRECTION('',(-0.,-0.,-1.));
#8888 = DIRECTION('',(-0.,-1.,0.));
#8889 = ADVANCED_FACE('',(#8890),#8901,.F.);
#8890 = FACE_BOUND('',#8891,.T.);
#8891 = EDGE_LOOP('',(#8892,#8893,#8899,#8900));
#8892 = ORIENTED_EDGE('',*,*,#7229,.T.);
#8893 = ORIENTED_EDGE('',*,*,#8894,.T.);
#8894 = EDGE_CURVE('',#7230,#7928,#8895,.T.);
#8895 = LINE('',#8896,#8897);
#8896 = CARTESIAN_POINT('',(5.08421,-5.23421,-4.6E-02));
#8897 = VECTOR('',#8898,1.);
#8898 = DIRECTION('',(0.,0.,1.));
#8899 = ORIENTED_EDGE('',*,*,#7927,.F.);
#8900 = ORIENTED_EDGE('',*,*,#8894,.F.);
#8901 = CYLINDRICAL_SURFACE('',#8902,0.15);
#8902 = AXIS2_PLACEMENT_3D('',#8903,#8904,#8905);
#8903 = CARTESIAN_POINT('',(5.08421,-5.08421,-4.6E-02));
#8904 = DIRECTION('',(-0.,-0.,-1.));
#8905 = DIRECTION('',(-5.921189464668E-15,-1.,0.));
#8906 = ADVANCED_FACE('',(#8907),#8923,.F.);
#8907 = FACE_BOUND('',#8908,.T.);
#8908 = EDGE_LOOP('',(#8909,#8915,#8916,#8922));
#8909 = ORIENTED_EDGE('',*,*,#8910,.T.);
#8910 = EDGE_CURVE('',#7241,#7939,#8911,.T.);
#8911 = LINE('',#8912,#8913);
#8912 = CARTESIAN_POINT('',(-33.225,0.85,0.));
#8913 = VECTOR('',#8914,1.);
#8914 = DIRECTION('',(0.,0.,1.));
#8915 = ORIENTED_EDGE('',*,*,#7938,.T.);
#8916 = ORIENTED_EDGE('',*,*,#8917,.F.);
#8917 = EDGE_CURVE('',#7243,#7941,#8918,.T.);
#8918 = LINE('',#8919,#8920);
#8919 = CARTESIAN_POINT('',(-33.375,0.7,0.));
#8920 = VECTOR('',#8921,1.);
#8921 = DIRECTION('',(0.,0.,1.));
#8922 = ORIENTED_EDGE('',*,*,#7240,.F.);
#8923 = CYLINDRICAL_SURFACE('',#8924,0.150000058649);
#8924 = AXIS2_PLACEMENT_3D('',#8925,#8926,#8927);
#8925 = CARTESIAN_POINT('',(-33.22499994135,0.699999941351,0.));
#8926 = DIRECTION('',(-0.,-0.,-1.));
#8927 = DIRECTION('',(-3.909953616065E-07,1.,0.));
#8928 = ADVANCED_FACE('',(#8929),#8940,.T.);
#8929 = FACE_BOUND('',#8930,.T.);
#8930 = EDGE_LOOP('',(#8931,#8937,#8938,#8939));
#8931 = ORIENTED_EDGE('',*,*,#8932,.T.);
#8932 = EDGE_CURVE('',#7252,#7950,#8933,.T.);
#8933 = LINE('',#8934,#8935);
#8934 = CARTESIAN_POINT('',(-31.125,0.85,0.));
#8935 = VECTOR('',#8936,1.);
#8936 = DIRECTION('',(0.,0.,1.));
#8937 = ORIENTED_EDGE('',*,*,#7949,.T.);
#8938 = ORIENTED_EDGE('',*,*,#8910,.F.);
#8939 = ORIENTED_EDGE('',*,*,#7251,.F.);
#8940 = PLANE('',#8941);
#8941 = AXIS2_PLACEMENT_3D('',#8942,#8943,#8944);
#8942 = CARTESIAN_POINT('',(-31.125,0.85,0.));
#8943 = DIRECTION('',(0.,-1.,0.));
#8944 = DIRECTION('',(-1.,0.,0.));
#8945 = ADVANCED_FACE('',(#8946),#8957,.T.);
#8946 = FACE_BOUND('',#8947,.T.);
#8947 = EDGE_LOOP('',(#8948,#8949,#8950,#8956));
#8948 = ORIENTED_EDGE('',*,*,#8917,.T.);
#8949 = ORIENTED_EDGE('',*,*,#8000,.T.);
#8950 = ORIENTED_EDGE('',*,*,#8951,.F.);
#8951 = EDGE_CURVE('',#7294,#7992,#8952,.T.);
#8952 = LINE('',#8953,#8954);
#8953 = CARTESIAN_POINT('',(-33.375,-0.7,0.));
#8954 = VECTOR('',#8955,1.);
#8955 = DIRECTION('',(0.,0.,1.));
#8956 = ORIENTED_EDGE('',*,*,#7302,.F.);
#8957 = PLANE('',#8958);
#8958 = AXIS2_PLACEMENT_3D('',#8959,#8960,#8961);
#8959 = CARTESIAN_POINT('',(-33.375,0.7,0.));
#8960 = DIRECTION('',(1.,0.,-0.));
#8961 = DIRECTION('',(0.,-1.,0.));
#8962 = ADVANCED_FACE('',(#8963),#8974,.F.);
#8963 = FACE_BOUND('',#8964,.T.);
#8964 = EDGE_LOOP('',(#8965,#8971,#8972,#8973));
#8965 = ORIENTED_EDGE('',*,*,#8966,.T.);
#8966 = EDGE_CURVE('',#7260,#7958,#8967,.T.);
#8967 = LINE('',#8968,#8969);
#8968 = CARTESIAN_POINT('',(-30.975,0.7,0.));
#8969 = VECTOR('',#8970,1.);
#8970 = DIRECTION('',(0.,0.,1.));
#8971 = ORIENTED_EDGE('',*,*,#7957,.T.);
#8972 = ORIENTED_EDGE('',*,*,#8932,.F.);
#8973 = ORIENTED_EDGE('',*,*,#7259,.F.);
#8974 = CYLINDRICAL_SURFACE('',#8975,0.150000058649);
#8975 = AXIS2_PLACEMENT_3D('',#8976,#8977,#8978);
#8976 = CARTESIAN_POINT('',(-31.12500005864,0.699999941351,0.));
#8977 = DIRECTION('',(-0.,-0.,-1.));
#8978 = DIRECTION('',(1.,3.909953638269E-07,-0.));
#8979 = ADVANCED_FACE('',(#8980),#8991,.F.);
#8980 = FACE_BOUND('',#8981,.T.);
#8981 = EDGE_LOOP('',(#8982,#8983,#8984,#8990));
#8982 = ORIENTED_EDGE('',*,*,#8951,.T.);
#8983 = ORIENTED_EDGE('',*,*,#7991,.T.);
#8984 = ORIENTED_EDGE('',*,*,#8985,.F.);
#8985 = EDGE_CURVE('',#7286,#7984,#8986,.T.);
#8986 = LINE('',#8987,#8988);
#8987 = CARTESIAN_POINT('',(-33.225,-0.85,0.));
#8988 = VECTOR('',#8989,1.);
#8989 = DIRECTION('',(0.,0.,1.));
#8990 = ORIENTED_EDGE('',*,*,#7293,.F.);
#8991 = CYLINDRICAL_SURFACE('',#8992,0.150000058649);
#8992 = AXIS2_PLACEMENT_3D('',#8993,#8994,#8995);
#8993 = CARTESIAN_POINT('',(-33.22499994135,-0.699999941351,0.));
#8994 = DIRECTION('',(-0.,-0.,-1.));
#8995 = DIRECTION('',(-1.,-3.909953519845E-07,0.));
#8996 = ADVANCED_FACE('',(#8997),#9008,.T.);
#8997 = FACE_BOUND('',#8998,.T.);
#8998 = EDGE_LOOP('',(#8999,#9005,#9006,#9007));
#8999 = ORIENTED_EDGE('',*,*,#9000,.T.);
#9000 = EDGE_CURVE('',#7269,#7967,#9001,.T.);
#9001 = LINE('',#9002,#9003);
#9002 = CARTESIAN_POINT('',(-30.975,-0.7,0.));
#9003 = VECTOR('',#9004,1.);
#9004 = DIRECTION('',(0.,0.,1.));
#9005 = ORIENTED_EDGE('',*,*,#7966,.T.);
#9006 = ORIENTED_EDGE('',*,*,#8966,.F.);
#9007 = ORIENTED_EDGE('',*,*,#7268,.F.);
#9008 = PLANE('',#9009);
#9009 = AXIS2_PLACEMENT_3D('',#9010,#9011,#9012);
#9010 = CARTESIAN_POINT('',(-30.975,-0.7,0.));
#9011 = DIRECTION('',(-1.,0.,0.));
#9012 = DIRECTION('',(0.,1.,0.));
#9013 = ADVANCED_FACE('',(#9014),#9025,.T.);
#9014 = FACE_BOUND('',#9015,.T.);
#9015 = EDGE_LOOP('',(#9016,#9017,#9018,#9024));
#9016 = ORIENTED_EDGE('',*,*,#8985,.T.);
#9017 = ORIENTED_EDGE('',*,*,#7983,.T.);
#9018 = ORIENTED_EDGE('',*,*,#9019,.F.);
#9019 = EDGE_CURVE('',#7277,#7975,#9020,.T.);
#9020 = LINE('',#9021,#9022);
#9021 = CARTESIAN_POINT('',(-31.125,-0.85,0.));
#9022 = VECTOR('',#9023,1.);
#9023 = DIRECTION('',(0.,0.,1.));
#9024 = ORIENTED_EDGE('',*,*,#7285,.F.);
#9025 = PLANE('',#9026);
#9026 = AXIS2_PLACEMENT_3D('',#9027,#9028,#9029);
#9027 = CARTESIAN_POINT('',(-33.225,-0.85,0.));
#9028 = DIRECTION('',(0.,1.,0.));
#9029 = DIRECTION('',(1.,0.,0.));
#9030 = ADVANCED_FACE('',(#9031),#9037,.F.);
#9031 = FACE_BOUND('',#9032,.T.);
#9032 = EDGE_LOOP('',(#9033,#9034,#9035,#9036));
#9033 = ORIENTED_EDGE('',*,*,#9019,.T.);
#9034 = ORIENTED_EDGE('',*,*,#7974,.T.);
#9035 = ORIENTED_EDGE('',*,*,#9000,.F.);
#9036 = ORIENTED_EDGE('',*,*,#7276,.F.);
#9037 = CYLINDRICAL_SURFACE('',#9038,0.150000058649);
#9038 = AXIS2_PLACEMENT_3D('',#9039,#9040,#9041);
#9039 = CARTESIAN_POINT('',(-31.12500005864,-0.699999941351,0.));
#9040 = DIRECTION('',(-0.,-0.,-1.));
#9041 = DIRECTION('',(3.909953616065E-07,-1.,0.));
#9042 = ADVANCED_FACE('',(#9043),#9054,.F.);
#9043 = FACE_BOUND('',#9044,.T.);
#9044 = EDGE_LOOP('',(#9045,#9046,#9052,#9053));
#9045 = ORIENTED_EDGE('',*,*,#7310,.T.);
#9046 = ORIENTED_EDGE('',*,*,#9047,.T.);
#9047 = EDGE_CURVE('',#7311,#8009,#9048,.T.);
#9048 = LINE('',#9049,#9050);
#9049 = CARTESIAN_POINT('',(-5.08421,4.93421,-4.6E-02));
#9050 = VECTOR('',#9051,1.);
#9051 = DIRECTION('',(0.,0.,1.));
#9052 = ORIENTED_EDGE('',*,*,#8008,.F.);
#9053 = ORIENTED_EDGE('',*,*,#9047,.F.);
#9054 = CYLINDRICAL_SURFACE('',#9055,0.15);
#9055 = AXIS2_PLACEMENT_3D('',#9056,#9057,#9058);
#9056 = CARTESIAN_POINT('',(-5.08421,5.08421,-4.6E-02));
#9057 = DIRECTION('',(-0.,0.,-1.));
#9058 = DIRECTION('',(5.921189464667E-15,-1.,-0.));
#9059 = ADVANCED_FACE('',(#9060),#9071,.F.);
#9060 = FACE_BOUND('',#9061,.T.);
#9061 = EDGE_LOOP('',(#9062,#9063,#9069,#9070));
#9062 = ORIENTED_EDGE('',*,*,#7321,.T.);
#9063 = ORIENTED_EDGE('',*,*,#9064,.T.);
#9064 = EDGE_CURVE('',#7322,#8020,#9065,.T.);
#9065 = LINE('',#9066,#9067);
#9066 = CARTESIAN_POINT('',(-1.27542,7.924999,-4.6E-02));
#9067 = VECTOR('',#9068,1.);
#9068 = DIRECTION('',(0.,0.,1.));
#9069 = ORIENTED_EDGE('',*,*,#8019,.F.);
#9070 = ORIENTED_EDGE('',*,*,#9064,.F.);
#9071 = CYLINDRICAL_SURFACE('',#9072,0.25);
#9072 = AXIS2_PLACEMENT_3D('',#9073,#9074,#9075);
#9073 = CARTESIAN_POINT('',(-1.27542,8.174999,-4.6E-02));
#9074 = DIRECTION('',(-0.,-0.,-1.));
#9075 = DIRECTION('',(-0.,-1.,0.));
#9076 = ADVANCED_FACE('',(#9077),#9088,.F.);
#9077 = FACE_BOUND('',#9078,.T.);
#9078 = EDGE_LOOP('',(#9079,#9080,#9086,#9087));
#9079 = ORIENTED_EDGE('',*,*,#7332,.T.);
#9080 = ORIENTED_EDGE('',*,*,#9081,.T.);
#9081 = EDGE_CURVE('',#7333,#8031,#9082,.T.);
#9082 = LINE('',#9083,#9084);
#9083 = CARTESIAN_POINT('',(-14.524086,14.374086,-4.6E-02));
#9084 = VECTOR('',#9085,1.);
#9085 = DIRECTION('',(0.,0.,1.));
#9086 = ORIENTED_EDGE('',*,*,#8030,.F.);
#9087 = ORIENTED_EDGE('',*,*,#9081,.F.);
#9088 = CYLINDRICAL_SURFACE('',#9089,0.15);
#9089 = AXIS2_PLACEMENT_3D('',#9090,#9091,#9092);
#9090 = CARTESIAN_POINT('',(-14.524086,14.524086,-4.6E-02));
#9091 = DIRECTION('',(-0.,-0.,-1.));
#9092 = DIRECTION('',(-0.,-1.,0.));
#9093 = ADVANCED_FACE('',(#9094),#9105,.F.);
#9094 = FACE_BOUND('',#9095,.T.);
#9095 = EDGE_LOOP('',(#9096,#9102,#9103,#9104));
#9096 = ORIENTED_EDGE('',*,*,#9097,.T.);
#9097 = EDGE_CURVE('',#7344,#8042,#9098,.T.);
#9098 = LINE('',#9099,#9100);
#9099 = CARTESIAN_POINT('',(-14.4,17.6,0.));
#9100 = VECTOR('',#9101,1.);
#9101 = DIRECTION('',(0.,0.,1.));
#9102 = ORIENTED_EDGE('',*,*,#8041,.T.);
#9103 = ORIENTED_EDGE('',*,*,#9097,.F.);
#9104 = ORIENTED_EDGE('',*,*,#7343,.F.);
#9105 = CYLINDRICAL_SURFACE('',#9106,3.2);
#9106 = AXIS2_PLACEMENT_3D('',#9107,#9108,#9109);
#9107 = CARTESIAN_POINT('',(-17.6,17.6,0.));
#9108 = DIRECTION('',(-0.,-0.,-1.));
#9109 = DIRECTION('',(1.,0.,-0.));
#9110 = ADVANCED_FACE('',(#9111),#9122,.F.);
#9111 = FACE_BOUND('',#9112,.T.);
#9112 = EDGE_LOOP('',(#9113,#9114,#9120,#9121));
#9113 = ORIENTED_EDGE('',*,*,#7354,.T.);
#9114 = ORIENTED_EDGE('',*,*,#9115,.T.);
#9115 = EDGE_CURVE('',#7355,#8053,#9116,.T.);
#9116 = LINE('',#9117,#9118);
#9117 = CARTESIAN_POINT('',(-20.675914,20.525914,-4.6E-02));
#9118 = VECTOR('',#9119,1.);
#9119 = DIRECTION('',(0.,0.,1.));
#9120 = ORIENTED_EDGE('',*,*,#8052,.F.);
#9121 = ORIENTED_EDGE('',*,*,#9115,.F.);
#9122 = CYLINDRICAL_SURFACE('',#9123,0.15);
#9123 = AXIS2_PLACEMENT_3D('',#9124,#9125,#9126);
#9124 = CARTESIAN_POINT('',(-20.675914,20.675914,-4.6E-02));
#9125 = DIRECTION('',(-0.,-0.,-1.));
#9126 = DIRECTION('',(-0.,-1.,0.));
#9127 = ADVANCED_FACE('',(#9128),#9139,.F.);
#9128 = FACE_BOUND('',#9129,.T.);
#9129 = EDGE_LOOP('',(#9130,#9131,#9137,#9138));
#9130 = ORIENTED_EDGE('',*,*,#7365,.T.);
#9131 = ORIENTED_EDGE('',*,*,#9132,.T.);
#9132 = EDGE_CURVE('',#7366,#8064,#9133,.T.);
#9133 = LINE('',#9134,#9135);
#9134 = CARTESIAN_POINT('',(-1.230478,26.789876,-4.6E-02));
#9135 = VECTOR('',#9136,1.);
#9136 = DIRECTION('',(0.,0.,1.));
#9137 = ORIENTED_EDGE('',*,*,#8063,.F.);
#9138 = ORIENTED_EDGE('',*,*,#9132,.F.);
#9139 = CYLINDRICAL_SURFACE('',#9140,0.25);
#9140 = AXIS2_PLACEMENT_3D('',#9141,#9142,#9143);
#9141 = CARTESIAN_POINT('',(-1.230478,27.039876,-4.6E-02));
#9142 = DIRECTION('',(-0.,-0.,-1.));
#9143 = DIRECTION('',(-0.,-1.,0.));
#9144 = ADVANCED_FACE('',(#9145),#9156,.F.);
#9145 = FACE_BOUND('',#9146,.T.);
#9146 = EDGE_LOOP('',(#9147,#9148,#9154,#9155));
#9147 = ORIENTED_EDGE('',*,*,#7376,.T.);
#9148 = ORIENTED_EDGE('',*,*,#9149,.T.);
#9149 = EDGE_CURVE('',#7377,#8075,#9150,.T.);
#9150 = LINE('',#9151,#9152);
#9151 = CARTESIAN_POINT('',(8.174999,1.02542,-4.6E-02));
#9152 = VECTOR('',#9153,1.);
#9153 = DIRECTION('',(0.,0.,1.));
#9154 = ORIENTED_EDGE('',*,*,#8074,.F.);
#9155 = ORIENTED_EDGE('',*,*,#9149,.F.);
#9156 = CYLINDRICAL_SURFACE('',#9157,0.25);
#9157 = AXIS2_PLACEMENT_3D('',#9158,#9159,#9160);
#9158 = CARTESIAN_POINT('',(8.174999,1.27542,-4.6E-02));
#9159 = DIRECTION('',(-0.,-0.,-1.));
#9160 = DIRECTION('',(-0.,-1.,0.));
#9161 = ADVANCED_FACE('',(#9162),#9173,.F.);
#9162 = FACE_BOUND('',#9163,.T.);
#9163 = EDGE_LOOP('',(#9164,#9165,#9171,#9172));
#9164 = ORIENTED_EDGE('',*,*,#7387,.T.);
#9165 = ORIENTED_EDGE('',*,*,#9166,.T.);
#9166 = EDGE_CURVE('',#7388,#8086,#9167,.T.);
#9167 = LINE('',#9168,#9169);
#9168 = CARTESIAN_POINT('',(5.08421,4.93421,-4.6E-02));
#9169 = VECTOR('',#9170,1.);
#9170 = DIRECTION('',(0.,0.,1.));
#9171 = ORIENTED_EDGE('',*,*,#8085,.F.);
#9172 = ORIENTED_EDGE('',*,*,#9166,.F.);
#9173 = CYLINDRICAL_SURFACE('',#9174,0.15);
#9174 = AXIS2_PLACEMENT_3D('',#9175,#9176,#9177);
#9175 = CARTESIAN_POINT('',(5.08421,5.08421,-4.6E-02));
#9176 = DIRECTION('',(-0.,-0.,-1.));
#9177 = DIRECTION('',(-5.921189464668E-15,-1.,0.));
#9178 = ADVANCED_FACE('',(#9179),#9190,.F.);
#9179 = FACE_BOUND('',#9180,.T.);
#9180 = EDGE_LOOP('',(#9181,#9182,#9188,#9189));
#9181 = ORIENTED_EDGE('',*,*,#7398,.T.);
#9182 = ORIENTED_EDGE('',*,*,#9183,.T.);
#9183 = EDGE_CURVE('',#7399,#8097,#9184,.T.);
#9184 = LINE('',#9185,#9186);
#9185 = CARTESIAN_POINT('',(14.524086,14.374086,-4.6E-02));
#9186 = VECTOR('',#9187,1.);
#9187 = DIRECTION('',(0.,0.,1.));
#9188 = ORIENTED_EDGE('',*,*,#8096,.F.);
#9189 = ORIENTED_EDGE('',*,*,#9183,.F.);
#9190 = CYLINDRICAL_SURFACE('',#9191,0.15);
#9191 = AXIS2_PLACEMENT_3D('',#9192,#9193,#9194);
#9192 = CARTESIAN_POINT('',(14.524086,14.524086,-4.6E-02));
#9193 = DIRECTION('',(-0.,-0.,-1.));
#9194 = DIRECTION('',(-0.,-1.,0.));
#9195 = ADVANCED_FACE('',(#9196),#9207,.F.);
#9196 = FACE_BOUND('',#9197,.T.);
#9197 = EDGE_LOOP('',(#9198,#9199,#9205,#9206));
#9198 = ORIENTED_EDGE('',*,*,#7409,.T.);
#9199 = ORIENTED_EDGE('',*,*,#9200,.T.);
#9200 = EDGE_CURVE('',#7410,#8108,#9201,.T.);
#9201 = LINE('',#9202,#9203);
#9202 = CARTESIAN_POINT('',(27.039876,0.980478,-4.6E-02));
#9203 = VECTOR('',#9204,1.);
#9204 = DIRECTION('',(0.,0.,1.));
#9205 = ORIENTED_EDGE('',*,*,#8107,.F.);
#9206 = ORIENTED_EDGE('',*,*,#9200,.F.);
#9207 = CYLINDRICAL_SURFACE('',#9208,0.25);
#9208 = AXIS2_PLACEMENT_3D('',#9209,#9210,#9211);
#9209 = CARTESIAN_POINT('',(27.039876,1.230478,-4.6E-02));
#9210 = DIRECTION('',(-0.,-0.,-1.));
#9211 = DIRECTION('',(-0.,-1.,0.));
#9212 = ADVANCED_FACE('',(#9213),#9229,.F.);
#9213 = FACE_BOUND('',#9214,.T.);
#9214 = EDGE_LOOP('',(#9215,#9221,#9222,#9228));
#9215 = ORIENTED_EDGE('',*,*,#9216,.T.);
#9216 = EDGE_CURVE('',#7421,#8119,#9217,.T.);
#9217 = LINE('',#9218,#9219);
#9218 = CARTESIAN_POINT('',(31.125,0.85,0.));
#9219 = VECTOR('',#9220,1.);
#9220 = DIRECTION('',(0.,0.,1.));
#9221 = ORIENTED_EDGE('',*,*,#8118,.T.);
#9222 = ORIENTED_EDGE('',*,*,#9223,.F.);
#9223 = EDGE_CURVE('',#7423,#8121,#9224,.T.);
#9224 = LINE('',#9225,#9226);
#9225 = CARTESIAN_POINT('',(30.975,0.7,0.));
#9226 = VECTOR('',#9227,1.);
#9227 = DIRECTION('',(0.,0.,1.));
#9228 = ORIENTED_EDGE('',*,*,#7420,.F.);
#9229 = CYLINDRICAL_SURFACE('',#9230,0.150000058649);
#9230 = AXIS2_PLACEMENT_3D('',#9231,#9232,#9233);
#9231 = CARTESIAN_POINT('',(31.125000058649,0.699999941351,0.));
#9232 = DIRECTION('',(-0.,-0.,-1.));
#9233 = DIRECTION('',(-3.909953616065E-07,1.,0.));
#9234 = ADVANCED_FACE('',(#9235),#9246,.T.);
#9235 = FACE_BOUND('',#9236,.T.);
#9236 = EDGE_LOOP('',(#9237,#9243,#9244,#9245));
#9237 = ORIENTED_EDGE('',*,*,#9238,.T.);
#9238 = EDGE_CURVE('',#7432,#8130,#9239,.T.);
#9239 = LINE('',#9240,#9241);
#9240 = CARTESIAN_POINT('',(33.225,0.85,0.));
#9241 = VECTOR('',#9242,1.);
#9242 = DIRECTION('',(0.,0.,1.));
#9243 = ORIENTED_EDGE('',*,*,#8129,.T.);
#9244 = ORIENTED_EDGE('',*,*,#9216,.F.);
#9245 = ORIENTED_EDGE('',*,*,#7431,.F.);
#9246 = PLANE('',#9247);
#9247 = AXIS2_PLACEMENT_3D('',#9248,#9249,#9250);
#9248 = CARTESIAN_POINT('',(33.225,0.85,0.));
#9249 = DIRECTION('',(0.,-1.,0.));
#9250 = DIRECTION('',(-1.,0.,0.));
#9251 = ADVANCED_FACE('',(#9252),#9263,.T.);
#9252 = FACE_BOUND('',#9253,.T.);
#9253 = EDGE_LOOP('',(#9254,#9255,#9256,#9262));
#9254 = ORIENTED_EDGE('',*,*,#9223,.T.);
#9255 = ORIENTED_EDGE('',*,*,#8180,.T.);
#9256 = ORIENTED_EDGE('',*,*,#9257,.F.);
#9257 = EDGE_CURVE('',#7474,#8172,#9258,.T.);
#9258 = LINE('',#9259,#9260);
#9259 = CARTESIAN_POINT('',(30.975,-0.7,0.));
#9260 = VECTOR('',#9261,1.);
#9261 = DIRECTION('',(0.,0.,1.));
#9262 = ORIENTED_EDGE('',*,*,#7482,.F.);
#9263 = PLANE('',#9264);
#9264 = AXIS2_PLACEMENT_3D('',#9265,#9266,#9267);
#9265 = CARTESIAN_POINT('',(30.975,0.7,0.));
#9266 = DIRECTION('',(1.,0.,-0.));
#9267 = DIRECTION('',(0.,-1.,0.));
#9268 = ADVANCED_FACE('',(#9269),#9280,.F.);
#9269 = FACE_BOUND('',#9270,.T.);
#9270 = EDGE_LOOP('',(#9271,#9277,#9278,#9279));
#9271 = ORIENTED_EDGE('',*,*,#9272,.T.);
#9272 = EDGE_CURVE('',#7440,#8138,#9273,.T.);
#9273 = LINE('',#9274,#9275);
#9274 = CARTESIAN_POINT('',(33.375,0.7,0.));
#9275 = VECTOR('',#9276,1.);
#9276 = DIRECTION('',(0.,0.,1.));
#9277 = ORIENTED_EDGE('',*,*,#8137,.T.);
#9278 = ORIENTED_EDGE('',*,*,#9238,.F.);
#9279 = ORIENTED_EDGE('',*,*,#7439,.F.);
#9280 = CYLINDRICAL_SURFACE('',#9281,0.150000058649);
#9281 = AXIS2_PLACEMENT_3D('',#9282,#9283,#9284);
#9282 = CARTESIAN_POINT('',(33.224999941351,0.699999941351,0.));
#9283 = DIRECTION('',(-0.,-0.,-1.));
#9284 = DIRECTION('',(1.,3.909953519845E-07,-0.));
#9285 = ADVANCED_FACE('',(#9286),#9297,.F.);
#9286 = FACE_BOUND('',#9287,.T.);
#9287 = EDGE_LOOP('',(#9288,#9289,#9290,#9296));
#9288 = ORIENTED_EDGE('',*,*,#9257,.T.);
#9289 = ORIENTED_EDGE('',*,*,#8171,.T.);
#9290 = ORIENTED_EDGE('',*,*,#9291,.F.);
#9291 = EDGE_CURVE('',#7466,#8164,#9292,.T.);
#9292 = LINE('',#9293,#9294);
#9293 = CARTESIAN_POINT('',(31.125,-0.85,0.));
#9294 = VECTOR('',#9295,1.);
#9295 = DIRECTION('',(0.,0.,1.));
#9296 = ORIENTED_EDGE('',*,*,#7473,.F.);
#9297 = CYLINDRICAL_SURFACE('',#9298,0.150000058649);
#9298 = AXIS2_PLACEMENT_3D('',#9299,#9300,#9301);
#9299 = CARTESIAN_POINT('',(31.125000058649,-0.699999941351,0.));
#9300 = DIRECTION('',(-0.,-0.,-1.));
#9301 = DIRECTION('',(-1.,-3.909953638269E-07,0.));
#9302 = ADVANCED_FACE('',(#9303),#9314,.T.);
#9303 = FACE_BOUND('',#9304,.T.);
#9304 = EDGE_LOOP('',(#9305,#9311,#9312,#9313));
#9305 = ORIENTED_EDGE('',*,*,#9306,.T.);
#9306 = EDGE_CURVE('',#7449,#8147,#9307,.T.);
#9307 = LINE('',#9308,#9309);
#9308 = CARTESIAN_POINT('',(33.375,-0.7,0.));
#9309 = VECTOR('',#9310,1.);
#9310 = DIRECTION('',(0.,0.,1.));
#9311 = ORIENTED_EDGE('',*,*,#8146,.T.);
#9312 = ORIENTED_EDGE('',*,*,#9272,.F.);
#9313 = ORIENTED_EDGE('',*,*,#7448,.F.);
#9314 = PLANE('',#9315);
#9315 = AXIS2_PLACEMENT_3D('',#9316,#9317,#9318);
#9316 = CARTESIAN_POINT('',(33.375,-0.7,0.));
#9317 = DIRECTION('',(-1.,0.,0.));
#9318 = DIRECTION('',(0.,1.,0.));
#9319 = ADVANCED_FACE('',(#9320),#9331,.T.);
#9320 = FACE_BOUND('',#9321,.T.);
#9321 = EDGE_LOOP('',(#9322,#9323,#9324,#9330));
#9322 = ORIENTED_EDGE('',*,*,#9291,.T.);
#9323 = ORIENTED_EDGE('',*,*,#8163,.T.);
#9324 = ORIENTED_EDGE('',*,*,#9325,.F.);
#9325 = EDGE_CURVE('',#7457,#8155,#9326,.T.);
#9326 = LINE('',#9327,#9328);
#9327 = CARTESIAN_POINT('',(33.225,-0.85,0.));
#9328 = VECTOR('',#9329,1.);
#9329 = DIRECTION('',(0.,0.,1.));
#9330 = ORIENTED_EDGE('',*,*,#7465,.F.);
#9331 = PLANE('',#9332);
#9332 = AXIS2_PLACEMENT_3D('',#9333,#9334,#9335);
#9333 = CARTESIAN_POINT('',(31.125,-0.85,0.));
#9334 = DIRECTION('',(0.,1.,0.));
#9335 = DIRECTION('',(1.,0.,0.));
#9336 = ADVANCED_FACE('',(#9337),#9343,.F.);
#9337 = FACE_BOUND('',#9338,.T.);
#9338 = EDGE_LOOP('',(#9339,#9340,#9341,#9342));
#9339 = ORIENTED_EDGE('',*,*,#9325,.T.);
#9340 = ORIENTED_EDGE('',*,*,#8154,.T.);
#9341 = ORIENTED_EDGE('',*,*,#9306,.F.);
#9342 = ORIENTED_EDGE('',*,*,#7456,.F.);
#9343 = CYLINDRICAL_SURFACE('',#9344,0.150000058649);
#9344 = AXIS2_PLACEMENT_3D('',#9345,#9346,#9347);
#9345 = CARTESIAN_POINT('',(33.224999941351,-0.699999941351,0.));
#9346 = DIRECTION('',(-0.,-0.,-1.));
#9347 = DIRECTION('',(3.909953616065E-07,-1.,0.));
#9348 = ADVANCED_FACE('',(#9349),#9365,.F.);
#9349 = FACE_BOUND('',#9350,.T.);
#9350 = EDGE_LOOP('',(#9351,#9357,#9358,#9364));
#9351 = ORIENTED_EDGE('',*,*,#9352,.T.);
#9352 = EDGE_CURVE('',#7491,#8189,#9353,.T.);
#9353 = LINE('',#9354,#9355);
#9354 = CARTESIAN_POINT('',(-0.7,33.375,0.));
#9355 = VECTOR('',#9356,1.);
#9356 = DIRECTION('',(0.,0.,1.));
#9357 = ORIENTED_EDGE('',*,*,#8188,.T.);
#9358 = ORIENTED_EDGE('',*,*,#9359,.F.);
#9359 = EDGE_CURVE('',#7493,#8191,#9360,.T.);
#9360 = LINE('',#9361,#9362);
#9361 = CARTESIAN_POINT('',(-0.85,33.225,0.));
#9362 = VECTOR('',#9363,1.);
#9363 = DIRECTION('',(0.,0.,1.));
#9364 = ORIENTED_EDGE('',*,*,#7490,.F.);
#9365 = CYLINDRICAL_SURFACE('',#9366,0.150000058649);
#9366 = AXIS2_PLACEMENT_3D('',#9367,#9368,#9369);
#9367 = CARTESIAN_POINT('',(-0.699999941351,33.224999941351,0.));
#9368 = DIRECTION('',(-0.,-0.,-1.));
#9369 = DIRECTION('',(-3.909953519845E-07,1.,0.));
#9370 = ADVANCED_FACE('',(#9371),#9382,.T.);
#9371 = FACE_BOUND('',#9372,.T.);
#9372 = EDGE_LOOP('',(#9373,#9379,#9380,#9381));
#9373 = ORIENTED_EDGE('',*,*,#9374,.T.);
#9374 = EDGE_CURVE('',#7502,#8200,#9375,.T.);
#9375 = LINE('',#9376,#9377);
#9376 = CARTESIAN_POINT('',(0.7,33.375,0.));
#9377 = VECTOR('',#9378,1.);
#9378 = DIRECTION('',(0.,0.,1.));
#9379 = ORIENTED_EDGE('',*,*,#8199,.T.);
#9380 = ORIENTED_EDGE('',*,*,#9352,.F.);
#9381 = ORIENTED_EDGE('',*,*,#7501,.F.);
#9382 = PLANE('',#9383);
#9383 = AXIS2_PLACEMENT_3D('',#9384,#9385,#9386);
#9384 = CARTESIAN_POINT('',(0.7,33.375,0.));
#9385 = DIRECTION('',(0.,-1.,0.));
#9386 = DIRECTION('',(-1.,0.,0.));
#9387 = ADVANCED_FACE('',(#9388),#9399,.T.);
#9388 = FACE_BOUND('',#9389,.T.);
#9389 = EDGE_LOOP('',(#9390,#9391,#9392,#9398));
#9390 = ORIENTED_EDGE('',*,*,#9359,.T.);
#9391 = ORIENTED_EDGE('',*,*,#8250,.T.);
#9392 = ORIENTED_EDGE('',*,*,#9393,.F.);
#9393 = EDGE_CURVE('',#7544,#8242,#9394,.T.);
#9394 = LINE('',#9395,#9396);
#9395 = CARTESIAN_POINT('',(-0.85,31.125,0.));
#9396 = VECTOR('',#9397,1.);
#9397 = DIRECTION('',(0.,0.,1.));
#9398 = ORIENTED_EDGE('',*,*,#7552,.F.);
#9399 = PLANE('',#9400);
#9400 = AXIS2_PLACEMENT_3D('',#9401,#9402,#9403);
#9401 = CARTESIAN_POINT('',(-0.85,33.225,0.));
#9402 = DIRECTION('',(1.,0.,-0.));
#9403 = DIRECTION('',(0.,-1.,0.));
#9404 = ADVANCED_FACE('',(#9405),#9416,.F.);
#9405 = FACE_BOUND('',#9406,.T.);
#9406 = EDGE_LOOP('',(#9407,#9413,#9414,#9415));
#9407 = ORIENTED_EDGE('',*,*,#9408,.T.);
#9408 = EDGE_CURVE('',#7510,#8208,#9409,.T.);
#9409 = LINE('',#9410,#9411);
#9410 = CARTESIAN_POINT('',(0.85,33.225,0.));
#9411 = VECTOR('',#9412,1.);
#9412 = DIRECTION('',(0.,0.,1.));
#9413 = ORIENTED_EDGE('',*,*,#8207,.T.);
#9414 = ORIENTED_EDGE('',*,*,#9374,.F.);
#9415 = ORIENTED_EDGE('',*,*,#7509,.F.);
#9416 = CYLINDRICAL_SURFACE('',#9417,0.150000058649);
#9417 = AXIS2_PLACEMENT_3D('',#9418,#9419,#9420);
#9418 = CARTESIAN_POINT('',(0.699999941351,33.224999941351,0.));
#9419 = DIRECTION('',(-0.,-0.,-1.));
#9420 = DIRECTION('',(1.,3.909953616065E-07,-0.));
#9421 = ADVANCED_FACE('',(#9422),#9433,.F.);
#9422 = FACE_BOUND('',#9423,.T.);
#9423 = EDGE_LOOP('',(#9424,#9425,#9426,#9432));
#9424 = ORIENTED_EDGE('',*,*,#9393,.T.);
#9425 = ORIENTED_EDGE('',*,*,#8241,.T.);
#9426 = ORIENTED_EDGE('',*,*,#9427,.F.);
#9427 = EDGE_CURVE('',#7536,#8234,#9428,.T.);
#9428 = LINE('',#9429,#9430);
#9429 = CARTESIAN_POINT('',(-0.7,30.975,0.));
#9430 = VECTOR('',#9431,1.);
#9431 = DIRECTION('',(0.,0.,1.));
#9432 = ORIENTED_EDGE('',*,*,#7543,.F.);
#9433 = CYLINDRICAL_SURFACE('',#9434,0.150000058649);
#9434 = AXIS2_PLACEMENT_3D('',#9435,#9436,#9437);
#9435 = CARTESIAN_POINT('',(-0.699999941351,31.125000058649,0.));
#9436 = DIRECTION('',(-0.,-0.,-1.));
#9437 = DIRECTION('',(-1.,-3.909953616065E-07,0.));
#9438 = ADVANCED_FACE('',(#9439),#9450,.T.);
#9439 = FACE_BOUND('',#9440,.T.);
#9440 = EDGE_LOOP('',(#9441,#9447,#9448,#9449));
#9441 = ORIENTED_EDGE('',*,*,#9442,.T.);
#9442 = EDGE_CURVE('',#7519,#8217,#9443,.T.);
#9443 = LINE('',#9444,#9445);
#9444 = CARTESIAN_POINT('',(0.85,31.125,0.));
#9445 = VECTOR('',#9446,1.);
#9446 = DIRECTION('',(0.,0.,1.));
#9447 = ORIENTED_EDGE('',*,*,#8216,.T.);
#9448 = ORIENTED_EDGE('',*,*,#9408,.F.);
#9449 = ORIENTED_EDGE('',*,*,#7518,.F.);
#9450 = PLANE('',#9451);
#9451 = AXIS2_PLACEMENT_3D('',#9452,#9453,#9454);
#9452 = CARTESIAN_POINT('',(0.85,31.125,0.));
#9453 = DIRECTION('',(-1.,0.,0.));
#9454 = DIRECTION('',(0.,1.,0.));
#9455 = ADVANCED_FACE('',(#9456),#9467,.T.);
#9456 = FACE_BOUND('',#9457,.T.);
#9457 = EDGE_LOOP('',(#9458,#9459,#9460,#9466));
#9458 = ORIENTED_EDGE('',*,*,#9427,.T.);
#9459 = ORIENTED_EDGE('',*,*,#8233,.T.);
#9460 = ORIENTED_EDGE('',*,*,#9461,.F.);
#9461 = EDGE_CURVE('',#7527,#8225,#9462,.T.);
#9462 = LINE('',#9463,#9464);
#9463 = CARTESIAN_POINT('',(0.7,30.975,0.));
#9464 = VECTOR('',#9465,1.);
#9465 = DIRECTION('',(0.,0.,1.));
#9466 = ORIENTED_EDGE('',*,*,#7535,.F.);
#9467 = PLANE('',#9468);
#9468 = AXIS2_PLACEMENT_3D('',#9469,#9470,#9471);
#9469 = CARTESIAN_POINT('',(-0.7,30.975,0.));
#9470 = DIRECTION('',(0.,1.,0.));
#9471 = DIRECTION('',(1.,0.,0.));
#9472 = ADVANCED_FACE('',(#9473),#9479,.F.);
#9473 = FACE_BOUND('',#9474,.T.);
#9474 = EDGE_LOOP('',(#9475,#9476,#9477,#9478));
#9475 = ORIENTED_EDGE('',*,*,#9461,.T.);
#9476 = ORIENTED_EDGE('',*,*,#8224,.T.);
#9477 = ORIENTED_EDGE('',*,*,#9442,.F.);
#9478 = ORIENTED_EDGE('',*,*,#7526,.F.);
#9479 = CYLINDRICAL_SURFACE('',#9480,0.150000058649);
#9480 = AXIS2_PLACEMENT_3D('',#9481,#9482,#9483);
#9481 = CARTESIAN_POINT('',(0.699999941351,31.125000058649,0.));
#9482 = DIRECTION('',(-0.,-0.,-1.));
#9483 = DIRECTION('',(3.909953638269E-07,-1.,0.));
#9484 = ADVANCED_FACE('',(#9485),#9496,.F.);
#9485 = FACE_BOUND('',#9486,.T.);
#9486 = EDGE_LOOP('',(#9487,#9493,#9494,#9495));
#9487 = ORIENTED_EDGE('',*,*,#9488,.T.);
#9488 = EDGE_CURVE('',#7561,#8259,#9489,.T.);
#9489 = LINE('',#9490,#9491);
#9490 = CARTESIAN_POINT('',(20.8,17.6,0.));
#9491 = VECTOR('',#9492,1.);
#9492 = DIRECTION('',(0.,0.,1.));
#9493 = ORIENTED_EDGE('',*,*,#8258,.T.);
#9494 = ORIENTED_EDGE('',*,*,#9488,.F.);
#9495 = ORIENTED_EDGE('',*,*,#7560,.F.);
#9496 = CYLINDRICAL_SURFACE('',#9497,3.2);
#9497 = AXIS2_PLACEMENT_3D('',#9498,#9499,#9500);
#9498 = CARTESIAN_POINT('',(17.6,17.6,0.));
#9499 = DIRECTION('',(-0.,-0.,-1.));
#9500 = DIRECTION('',(1.,0.,-0.));
#9501 = ADVANCED_FACE('',(#9502),#9513,.F.);
#9502 = FACE_BOUND('',#9503,.T.);
#9503 = EDGE_LOOP('',(#9504,#9505,#9511,#9512));
#9504 = ORIENTED_EDGE('',*,*,#7571,.T.);
#9505 = ORIENTED_EDGE('',*,*,#9506,.T.);
#9506 = EDGE_CURVE('',#7572,#8270,#9507,.T.);
#9507 = LINE('',#9508,#9509);
#9508 = CARTESIAN_POINT('',(20.675914,20.525914,-4.6E-02));
#9509 = VECTOR('',#9510,1.);
#9510 = DIRECTION('',(0.,0.,1.));
#9511 = ORIENTED_EDGE('',*,*,#8269,.F.);
#9512 = ORIENTED_EDGE('',*,*,#9506,.F.);
#9513 = CYLINDRICAL_SURFACE('',#9514,0.15);
#9514 = AXIS2_PLACEMENT_3D('',#9515,#9516,#9517);
#9515 = CARTESIAN_POINT('',(20.675914,20.675914,-4.6E-02));
#9516 = DIRECTION('',(-0.,-0.,-1.));
#9517 = DIRECTION('',(-0.,-1.,0.));
#9518 = ( GEOMETRIC_REPRESENTATION_CONTEXT(3) 
GLOBAL_UNCERTAINTY_ASSIGNED_CONTEXT((#9522)) 
GLOBAL_UNIT_ASSIGNED_CONTEXT((#9519,#9520,#9521)) REPRESENTATION_CONTEXT
('Context #1','3D Context with UNIT and UNCERTAINTY') );
#9519 = ( LENGTH_UNIT() NAMED_UNIT(*) SI_UNIT(.MILLI.,.METRE.) );
#9520 = ( NAMED_UNIT(*) PLANE_ANGLE_UNIT() SI_UNIT($,.RADIAN.) );
#9521 = ( NAMED_UNIT(*) SI_UNIT($,.STERADIAN.) SOLID_ANGLE_UNIT() );
#9522 = UNCERTAINTY_MEASURE_WITH_UNIT(LENGTH_MEASURE(1.E-07),#9519,
  'distance_accuracy_value','confusion accuracy');
#9523 = CONTEXT_DEPENDENT_SHAPE_REPRESENTATION(#9524,#9526);
#9524 = ( REPRESENTATION_RELATIONSHIP('','',#6775,#10) 
REPRESENTATION_RELATIONSHIP_WITH_TRANSFORMATION(#9525) 
SHAPE_REPRESENTATION_RELATIONSHIP() );
#9525 = ITEM_DEFINED_TRANSFORMATION('','',#11,#19);
#9526 = PRODUCT_DEFINITION_SHAPE('Placement','Placement of an item',
  #9527);
#9527 = NEXT_ASSEMBLY_USAGE_OCCURRENCE('2','=>[0:1:1:3]','',#5,#6770,$);
#9528 = PRODUCT_RELATED_PRODUCT_CATEGORY('part',$,(#6772));
#9529 = MECHANICAL_DESIGN_GEOMETRIC_PRESENTATION_REPRESENTATION('',(
    #9530),#9518);
#9530 = STYLED_ITEM('color',(#9531),#6776);
#9531 = PRESENTATION_STYLE_ASSIGNMENT((#9532));
#9532 = SURFACE_STYLE_USAGE(.BOTH.,#9533);
#9533 = SURFACE_SIDE_STYLE('',(#9534));
#9534 = SURFACE_STYLE_FILL_AREA(#9535);
#9535 = FILL_AREA_STYLE('',(#9536));
#9536 = FILL_AREA_STYLE_COLOUR('',#9537);
#9537 = COLOUR_RGB('',0.313304153717,0.484529207832,0.410020903123);
#9538 = MECHANICAL_DESIGN_GEOMETRIC_PRESENTATION_REPRESENTATION('',(
    #9539,#9547,#9554,#9561,#9568,#9575,#9582,#9589,#9596,#9603,#9610,
    #9617,#9624,#9631,#9638,#9645,#9652,#9659,#9666,#9673,#9680,#9687,
    #9694,#9701,#9708,#9715,#9722,#9729,#9736,#9743,#9750,#9757,#9764,
    #9771,#9778,#9785,#9792,#9799,#9806,#9813,#9820,#9827,#9834,#9841,
    #9848,#9855,#9862,#9869,#9876,#9883,#9890,#9897,#9904,#9911,#9918,
    #9925,#9932,#9939,#9946,#9953,#9960,#9967,#9974,#9981,#9988,#9995,
    #10002,#10009),#6757);
#9539 = STYLED_ITEM('color',(#9540),#37);
#9540 = PRESENTATION_STYLE_ASSIGNMENT((#9541));
#9541 = SURFACE_STYLE_USAGE(.BOTH.,#9542);
#9542 = SURFACE_SIDE_STYLE('',(#9543));
#9543 = SURFACE_STYLE_FILL_AREA(#9544);
#9544 = FILL_AREA_STYLE('',(#9545));
#9545 = FILL_AREA_STYLE_COLOUR('',#9546);
#9546 = COLOUR_RGB('',0.735356983052,0.735356983052,0.735356983052);
#9547 = STYLED_ITEM('color',(#9548),#129);
#9548 = PRESENTATION_STYLE_ASSIGNMENT((#9549));
#9549 = SURFACE_STYLE_USAGE(.BOTH.,#9550);
#9550 = SURFACE_SIDE_STYLE('',(#9551));
#9551 = SURFACE_STYLE_FILL_AREA(#9552);
#9552 = FILL_AREA_STYLE('',(#9553));
#9553 = FILL_AREA_STYLE_COLOUR('',#9546);
#9554 = STYLED_ITEM('color',(#9555),#221);
#9555 = PRESENTATION_STYLE_ASSIGNMENT((#9556));
#9556 = SURFACE_STYLE_USAGE(.BOTH.,#9557);
#9557 = SURFACE_SIDE_STYLE('',(#9558));
#9558 = SURFACE_STYLE_FILL_AREA(#9559);
#9559 = FILL_AREA_STYLE('',(#9560));
#9560 = FILL_AREA_STYLE_COLOUR('',#9546);
#9561 = STYLED_ITEM('color',(#9562),#313);
#9562 = PRESENTATION_STYLE_ASSIGNMENT((#9563));
#9563 = SURFACE_STYLE_USAGE(.BOTH.,#9564);
#9564 = SURFACE_SIDE_STYLE('',(#9565));
#9565 = SURFACE_STYLE_FILL_AREA(#9566);
#9566 = FILL_AREA_STYLE('',(#9567));
#9567 = FILL_AREA_STYLE_COLOUR('',#9546);
#9568 = STYLED_ITEM('color',(#9569),#405);
#9569 = PRESENTATION_STYLE_ASSIGNMENT((#9570));
#9570 = SURFACE_STYLE_USAGE(.BOTH.,#9571);
#9571 = SURFACE_SIDE_STYLE('',(#9572));
#9572 = SURFACE_STYLE_FILL_AREA(#9573);
#9573 = FILL_AREA_STYLE('',(#9574));
#9574 = FILL_AREA_STYLE_COLOUR('',#9546);
#9575 = STYLED_ITEM('color',(#9576),#497);
#9576 = PRESENTATION_STYLE_ASSIGNMENT((#9577));
#9577 = SURFACE_STYLE_USAGE(.BOTH.,#9578);
#9578 = SURFACE_SIDE_STYLE('',(#9579));
#9579 = SURFACE_STYLE_FILL_AREA(#9580);
#9580 = FILL_AREA_STYLE('',(#9581));
#9581 = FILL_AREA_STYLE_COLOUR('',#9546);
#9582 = STYLED_ITEM('color',(#9583),#589);
#9583 = PRESENTATION_STYLE_ASSIGNMENT((#9584));
#9584 = SURFACE_STYLE_USAGE(.BOTH.,#9585);
#9585 = SURFACE_SIDE_STYLE('',(#9586));
#9586 = SURFACE_STYLE_FILL_AREA(#9587);
#9587 = FILL_AREA_STYLE('',(#9588));
#9588 = FILL_AREA_STYLE_COLOUR('',#9546);
#9589 = STYLED_ITEM('color',(#9590),#681);
#9590 = PRESENTATION_STYLE_ASSIGNMENT((#9591));
#9591 = SURFACE_STYLE_USAGE(.BOTH.,#9592);
#9592 = SURFACE_SIDE_STYLE('',(#9593));
#9593 = SURFACE_STYLE_FILL_AREA(#9594);
#9594 = FILL_AREA_STYLE('',(#9595));
#9595 = FILL_AREA_STYLE_COLOUR('',#9546);
#9596 = STYLED_ITEM('color',(#9597),#773);
#9597 = PRESENTATION_STYLE_ASSIGNMENT((#9598));
#9598 = SURFACE_STYLE_USAGE(.BOTH.,#9599);
#9599 = SURFACE_SIDE_STYLE('',(#9600));
#9600 = SURFACE_STYLE_FILL_AREA(#9601);
#9601 = FILL_AREA_STYLE('',(#9602));
#9602 = FILL_AREA_STYLE_COLOUR('',#9546);
#9603 = STYLED_ITEM('color',(#9604),#865);
#9604 = PRESENTATION_STYLE_ASSIGNMENT((#9605));
#9605 = SURFACE_STYLE_USAGE(.BOTH.,#9606);
#9606 = SURFACE_SIDE_STYLE('',(#9607));
#9607 = SURFACE_STYLE_FILL_AREA(#9608);
#9608 = FILL_AREA_STYLE('',(#9609));
#9609 = FILL_AREA_STYLE_COLOUR('',#9546);
#9610 = STYLED_ITEM('color',(#9611),#957);
#9611 = PRESENTATION_STYLE_ASSIGNMENT((#9612));
#9612 = SURFACE_STYLE_USAGE(.BOTH.,#9613);
#9613 = SURFACE_SIDE_STYLE('',(#9614));
#9614 = SURFACE_STYLE_FILL_AREA(#9615);
#9615 = FILL_AREA_STYLE('',(#9616));
#9616 = FILL_AREA_STYLE_COLOUR('',#9546);
#9617 = STYLED_ITEM('color',(#9618),#1049);
#9618 = PRESENTATION_STYLE_ASSIGNMENT((#9619));
#9619 = SURFACE_STYLE_USAGE(.BOTH.,#9620);
#9620 = SURFACE_SIDE_STYLE('',(#9621));
#9621 = SURFACE_STYLE_FILL_AREA(#9622);
#9622 = FILL_AREA_STYLE('',(#9623));
#9623 = FILL_AREA_STYLE_COLOUR('',#9546);
#9624 = STYLED_ITEM('color',(#9625),#1141);
#9625 = PRESENTATION_STYLE_ASSIGNMENT((#9626));
#9626 = SURFACE_STYLE_USAGE(.BOTH.,#9627);
#9627 = SURFACE_SIDE_STYLE('',(#9628));
#9628 = SURFACE_STYLE_FILL_AREA(#9629);
#9629 = FILL_AREA_STYLE('',(#9630));
#9630 = FILL_AREA_STYLE_COLOUR('',#9546);
#9631 = STYLED_ITEM('color',(#9632),#1233);
#9632 = PRESENTATION_STYLE_ASSIGNMENT((#9633));
#9633 = SURFACE_STYLE_USAGE(.BOTH.,#9634);
#9634 = SURFACE_SIDE_STYLE('',(#9635));
#9635 = SURFACE_STYLE_FILL_AREA(#9636);
#9636 = FILL_AREA_STYLE('',(#9637));
#9637 = FILL_AREA_STYLE_COLOUR('',#9546);
#9638 = STYLED_ITEM('color',(#9639),#1325);
#9639 = PRESENTATION_STYLE_ASSIGNMENT((#9640));
#9640 = SURFACE_STYLE_USAGE(.BOTH.,#9641);
#9641 = SURFACE_SIDE_STYLE('',(#9642));
#9642 = SURFACE_STYLE_FILL_AREA(#9643);
#9643 = FILL_AREA_STYLE('',(#9644));
#9644 = FILL_AREA_STYLE_COLOUR('',#9546);
#9645 = STYLED_ITEM('color',(#9646),#1417);
#9646 = PRESENTATION_STYLE_ASSIGNMENT((#9647));
#9647 = SURFACE_STYLE_USAGE(.BOTH.,#9648);
#9648 = SURFACE_SIDE_STYLE('',(#9649));
#9649 = SURFACE_STYLE_FILL_AREA(#9650);
#9650 = FILL_AREA_STYLE('',(#9651));
#9651 = FILL_AREA_STYLE_COLOUR('',#9546);
#9652 = STYLED_ITEM('color',(#9653),#1509);
#9653 = PRESENTATION_STYLE_ASSIGNMENT((#9654));
#9654 = SURFACE_STYLE_USAGE(.BOTH.,#9655);
#9655 = SURFACE_SIDE_STYLE('',(#9656));
#9656 = SURFACE_STYLE_FILL_AREA(#9657);
#9657 = FILL_AREA_STYLE('',(#9658));
#9658 = FILL_AREA_STYLE_COLOUR('',#9546);
#9659 = STYLED_ITEM('color',(#9660),#1601);
#9660 = PRESENTATION_STYLE_ASSIGNMENT((#9661));
#9661 = SURFACE_STYLE_USAGE(.BOTH.,#9662);
#9662 = SURFACE_SIDE_STYLE('',(#9663));
#9663 = SURFACE_STYLE_FILL_AREA(#9664);
#9664 = FILL_AREA_STYLE('',(#9665));
#9665 = FILL_AREA_STYLE_COLOUR('',#9546);
#9666 = STYLED_ITEM('color',(#9667),#1693);
#9667 = PRESENTATION_STYLE_ASSIGNMENT((#9668));
#9668 = SURFACE_STYLE_USAGE(.BOTH.,#9669);
#9669 = SURFACE_SIDE_STYLE('',(#9670));
#9670 = SURFACE_STYLE_FILL_AREA(#9671);
#9671 = FILL_AREA_STYLE('',(#9672));
#9672 = FILL_AREA_STYLE_COLOUR('',#9546);
#9673 = STYLED_ITEM('color',(#9674),#1785);
#9674 = PRESENTATION_STYLE_ASSIGNMENT((#9675));
#9675 = SURFACE_STYLE_USAGE(.BOTH.,#9676);
#9676 = SURFACE_SIDE_STYLE('',(#9677));
#9677 = SURFACE_STYLE_FILL_AREA(#9678);
#9678 = FILL_AREA_STYLE('',(#9679));
#9679 = FILL_AREA_STYLE_COLOUR('',#9546);
#9680 = STYLED_ITEM('color',(#9681),#1877);
#9681 = PRESENTATION_STYLE_ASSIGNMENT((#9682));
#9682 = SURFACE_STYLE_USAGE(.BOTH.,#9683);
#9683 = SURFACE_SIDE_STYLE('',(#9684));
#9684 = SURFACE_STYLE_FILL_AREA(#9685);
#9685 = FILL_AREA_STYLE('',(#9686));
#9686 = FILL_AREA_STYLE_COLOUR('',#9546);
#9687 = STYLED_ITEM('color',(#9688),#1969);
#9688 = PRESENTATION_STYLE_ASSIGNMENT((#9689));
#9689 = SURFACE_STYLE_USAGE(.BOTH.,#9690);
#9690 = SURFACE_SIDE_STYLE('',(#9691));
#9691 = SURFACE_STYLE_FILL_AREA(#9692);
#9692 = FILL_AREA_STYLE('',(#9693));
#9693 = FILL_AREA_STYLE_COLOUR('',#9546);
#9694 = STYLED_ITEM('color',(#9695),#2061);
#9695 = PRESENTATION_STYLE_ASSIGNMENT((#9696));
#9696 = SURFACE_STYLE_USAGE(.BOTH.,#9697);
#9697 = SURFACE_SIDE_STYLE('',(#9698));
#9698 = SURFACE_STYLE_FILL_AREA(#9699);
#9699 = FILL_AREA_STYLE('',(#9700));
#9700 = FILL_AREA_STYLE_COLOUR('',#9546);
#9701 = STYLED_ITEM('color',(#9702),#2153);
#9702 = PRESENTATION_STYLE_ASSIGNMENT((#9703));
#9703 = SURFACE_STYLE_USAGE(.BOTH.,#9704);
#9704 = SURFACE_SIDE_STYLE('',(#9705));
#9705 = SURFACE_STYLE_FILL_AREA(#9706);
#9706 = FILL_AREA_STYLE('',(#9707));
#9707 = FILL_AREA_STYLE_COLOUR('',#9546);
#9708 = STYLED_ITEM('color',(#9709),#2245);
#9709 = PRESENTATION_STYLE_ASSIGNMENT((#9710));
#9710 = SURFACE_STYLE_USAGE(.BOTH.,#9711);
#9711 = SURFACE_SIDE_STYLE('',(#9712));
#9712 = SURFACE_STYLE_FILL_AREA(#9713);
#9713 = FILL_AREA_STYLE('',(#9714));
#9714 = FILL_AREA_STYLE_COLOUR('',#9546);
#9715 = STYLED_ITEM('color',(#9716),#2337);
#9716 = PRESENTATION_STYLE_ASSIGNMENT((#9717));
#9717 = SURFACE_STYLE_USAGE(.BOTH.,#9718);
#9718 = SURFACE_SIDE_STYLE('',(#9719));
#9719 = SURFACE_STYLE_FILL_AREA(#9720);
#9720 = FILL_AREA_STYLE('',(#9721));
#9721 = FILL_AREA_STYLE_COLOUR('',#9546);
#9722 = STYLED_ITEM('color',(#9723),#2429);
#9723 = PRESENTATION_STYLE_ASSIGNMENT((#9724));
#9724 = SURFACE_STYLE_USAGE(.BOTH.,#9725);
#9725 = SURFACE_SIDE_STYLE('',(#9726));
#9726 = SURFACE_STYLE_FILL_AREA(#9727);
#9727 = FILL_AREA_STYLE('',(#9728));
#9728 = FILL_AREA_STYLE_COLOUR('',#9546);
#9729 = STYLED_ITEM('color',(#9730),#2521);
#9730 = PRESENTATION_STYLE_ASSIGNMENT((#9731));
#9731 = SURFACE_STYLE_USAGE(.BOTH.,#9732);
#9732 = SURFACE_SIDE_STYLE('',(#9733));
#9733 = SURFACE_STYLE_FILL_AREA(#9734);
#9734 = FILL_AREA_STYLE('',(#9735));
#9735 = FILL_AREA_STYLE_COLOUR('',#9546);
#9736 = STYLED_ITEM('color',(#9737),#2613);
#9737 = PRESENTATION_STYLE_ASSIGNMENT((#9738));
#9738 = SURFACE_STYLE_USAGE(.BOTH.,#9739);
#9739 = SURFACE_SIDE_STYLE('',(#9740));
#9740 = SURFACE_STYLE_FILL_AREA(#9741);
#9741 = FILL_AREA_STYLE('',(#9742));
#9742 = FILL_AREA_STYLE_COLOUR('',#9546);
#9743 = STYLED_ITEM('color',(#9744),#2705);
#9744 = PRESENTATION_STYLE_ASSIGNMENT((#9745));
#9745 = SURFACE_STYLE_USAGE(.BOTH.,#9746);
#9746 = SURFACE_SIDE_STYLE('',(#9747));
#9747 = SURFACE_STYLE_FILL_AREA(#9748);
#9748 = FILL_AREA_STYLE('',(#9749));
#9749 = FILL_AREA_STYLE_COLOUR('',#9546);
#9750 = STYLED_ITEM('color',(#9751),#2797);
#9751 = PRESENTATION_STYLE_ASSIGNMENT((#9752));
#9752 = SURFACE_STYLE_USAGE(.BOTH.,#9753);
#9753 = SURFACE_SIDE_STYLE('',(#9754));
#9754 = SURFACE_STYLE_FILL_AREA(#9755);
#9755 = FILL_AREA_STYLE('',(#9756));
#9756 = FILL_AREA_STYLE_COLOUR('',#9546);
#9757 = STYLED_ITEM('color',(#9758),#2889);
#9758 = PRESENTATION_STYLE_ASSIGNMENT((#9759));
#9759 = SURFACE_STYLE_USAGE(.BOTH.,#9760);
#9760 = SURFACE_SIDE_STYLE('',(#9761));
#9761 = SURFACE_STYLE_FILL_AREA(#9762);
#9762 = FILL_AREA_STYLE('',(#9763));
#9763 = FILL_AREA_STYLE_COLOUR('',#9546);
#9764 = STYLED_ITEM('color',(#9765),#2981);
#9765 = PRESENTATION_STYLE_ASSIGNMENT((#9766));
#9766 = SURFACE_STYLE_USAGE(.BOTH.,#9767);
#9767 = SURFACE_SIDE_STYLE('',(#9768));
#9768 = SURFACE_STYLE_FILL_AREA(#9769);
#9769 = FILL_AREA_STYLE('',(#9770));
#9770 = FILL_AREA_STYLE_COLOUR('',#9546);
#9771 = STYLED_ITEM('color',(#9772),#3073);
#9772 = PRESENTATION_STYLE_ASSIGNMENT((#9773));
#9773 = SURFACE_STYLE_USAGE(.BOTH.,#9774);
#9774 = SURFACE_SIDE_STYLE('',(#9775));
#9775 = SURFACE_STYLE_FILL_AREA(#9776);
#9776 = FILL_AREA_STYLE('',(#9777));
#9777 = FILL_AREA_STYLE_COLOUR('',#9546);
#9778 = STYLED_ITEM('color',(#9779),#3165);
#9779 = PRESENTATION_STYLE_ASSIGNMENT((#9780));
#9780 = SURFACE_STYLE_USAGE(.BOTH.,#9781);
#9781 = SURFACE_SIDE_STYLE('',(#9782));
#9782 = SURFACE_STYLE_FILL_AREA(#9783);
#9783 = FILL_AREA_STYLE('',(#9784));
#9784 = FILL_AREA_STYLE_COLOUR('',#9546);
#9785 = STYLED_ITEM('color',(#9786),#3257);
#9786 = PRESENTATION_STYLE_ASSIGNMENT((#9787));
#9787 = SURFACE_STYLE_USAGE(.BOTH.,#9788);
#9788 = SURFACE_SIDE_STYLE('',(#9789));
#9789 = SURFACE_STYLE_FILL_AREA(#9790);
#9790 = FILL_AREA_STYLE('',(#9791));
#9791 = FILL_AREA_STYLE_COLOUR('',#9546);
#9792 = STYLED_ITEM('color',(#9793),#3349);
#9793 = PRESENTATION_STYLE_ASSIGNMENT((#9794));
#9794 = SURFACE_STYLE_USAGE(.BOTH.,#9795);
#9795 = SURFACE_SIDE_STYLE('',(#9796));
#9796 = SURFACE_STYLE_FILL_AREA(#9797);
#9797 = FILL_AREA_STYLE('',(#9798));
#9798 = FILL_AREA_STYLE_COLOUR('',#9546);
#9799 = STYLED_ITEM('color',(#9800),#3499);
#9800 = PRESENTATION_STYLE_ASSIGNMENT((#9801));
#9801 = SURFACE_STYLE_USAGE(.BOTH.,#9802);
#9802 = SURFACE_SIDE_STYLE('',(#9803));
#9803 = SURFACE_STYLE_FILL_AREA(#9804);
#9804 = FILL_AREA_STYLE('',(#9805));
#9805 = FILL_AREA_STYLE_COLOUR('',#9546);
#9806 = STYLED_ITEM('color',(#9807),#3591);
#9807 = PRESENTATION_STYLE_ASSIGNMENT((#9808));
#9808 = SURFACE_STYLE_USAGE(.BOTH.,#9809);
#9809 = SURFACE_SIDE_STYLE('',(#9810));
#9810 = SURFACE_STYLE_FILL_AREA(#9811);
#9811 = FILL_AREA_STYLE('',(#9812));
#9812 = FILL_AREA_STYLE_COLOUR('',#9546);
#9813 = STYLED_ITEM('color',(#9814),#3683);
#9814 = PRESENTATION_STYLE_ASSIGNMENT((#9815));
#9815 = SURFACE_STYLE_USAGE(.BOTH.,#9816);
#9816 = SURFACE_SIDE_STYLE('',(#9817));
#9817 = SURFACE_STYLE_FILL_AREA(#9818);
#9818 = FILL_AREA_STYLE('',(#9819));
#9819 = FILL_AREA_STYLE_COLOUR('',#9546);
#9820 = STYLED_ITEM('color',(#9821),#3775);
#9821 = PRESENTATION_STYLE_ASSIGNMENT((#9822));
#9822 = SURFACE_STYLE_USAGE(.BOTH.,#9823);
#9823 = SURFACE_SIDE_STYLE('',(#9824));
#9824 = SURFACE_STYLE_FILL_AREA(#9825);
#9825 = FILL_AREA_STYLE('',(#9826));
#9826 = FILL_AREA_STYLE_COLOUR('',#9546);
#9827 = STYLED_ITEM('color',(#9828),#3925);
#9828 = PRESENTATION_STYLE_ASSIGNMENT((#9829));
#9829 = SURFACE_STYLE_USAGE(.BOTH.,#9830);
#9830 = SURFACE_SIDE_STYLE('',(#9831));
#9831 = SURFACE_STYLE_FILL_AREA(#9832);
#9832 = FILL_AREA_STYLE('',(#9833));
#9833 = FILL_AREA_STYLE_COLOUR('',#9546);
#9834 = STYLED_ITEM('color',(#9835),#4017);
#9835 = PRESENTATION_STYLE_ASSIGNMENT((#9836));
#9836 = SURFACE_STYLE_USAGE(.BOTH.,#9837);
#9837 = SURFACE_SIDE_STYLE('',(#9838));
#9838 = SURFACE_STYLE_FILL_AREA(#9839);
#9839 = FILL_AREA_STYLE('',(#9840));
#9840 = FILL_AREA_STYLE_COLOUR('',#9546);
#9841 = STYLED_ITEM('color',(#9842),#4109);
#9842 = PRESENTATION_STYLE_ASSIGNMENT((#9843));
#9843 = SURFACE_STYLE_USAGE(.BOTH.,#9844);
#9844 = SURFACE_SIDE_STYLE('',(#9845));
#9845 = SURFACE_STYLE_FILL_AREA(#9846);
#9846 = FILL_AREA_STYLE('',(#9847));
#9847 = FILL_AREA_STYLE_COLOUR('',#9546);
#9848 = STYLED_ITEM('color',(#9849),#4201);
#9849 = PRESENTATION_STYLE_ASSIGNMENT((#9850));
#9850 = SURFACE_STYLE_USAGE(.BOTH.,#9851);
#9851 = SURFACE_SIDE_STYLE('',(#9852));
#9852 = SURFACE_STYLE_FILL_AREA(#9853);
#9853 = FILL_AREA_STYLE('',(#9854));
#9854 = FILL_AREA_STYLE_COLOUR('',#9546);
#9855 = STYLED_ITEM('color',(#9856),#4293);
#9856 = PRESENTATION_STYLE_ASSIGNMENT((#9857));
#9857 = SURFACE_STYLE_USAGE(.BOTH.,#9858);
#9858 = SURFACE_SIDE_STYLE('',(#9859));
#9859 = SURFACE_STYLE_FILL_AREA(#9860);
#9860 = FILL_AREA_STYLE('',(#9861));
#9861 = FILL_AREA_STYLE_COLOUR('',#9546);
#9862 = STYLED_ITEM('color',(#9863),#4385);
#9863 = PRESENTATION_STYLE_ASSIGNMENT((#9864));
#9864 = SURFACE_STYLE_USAGE(.BOTH.,#9865);
#9865 = SURFACE_SIDE_STYLE('',(#9866));
#9866 = SURFACE_STYLE_FILL_AREA(#9867);
#9867 = FILL_AREA_STYLE('',(#9868));
#9868 = FILL_AREA_STYLE_COLOUR('',#9546);
#9869 = STYLED_ITEM('color',(#9870),#4477);
#9870 = PRESENTATION_STYLE_ASSIGNMENT((#9871));
#9871 = SURFACE_STYLE_USAGE(.BOTH.,#9872);
#9872 = SURFACE_SIDE_STYLE('',(#9873));
#9873 = SURFACE_STYLE_FILL_AREA(#9874);
#9874 = FILL_AREA_STYLE('',(#9875));
#9875 = FILL_AREA_STYLE_COLOUR('',#9546);
#9876 = STYLED_ITEM('color',(#9877),#4627);
#9877 = PRESENTATION_STYLE_ASSIGNMENT((#9878));
#9878 = SURFACE_STYLE_USAGE(.BOTH.,#9879);
#9879 = SURFACE_SIDE_STYLE('',(#9880));
#9880 = SURFACE_STYLE_FILL_AREA(#9881);
#9881 = FILL_AREA_STYLE('',(#9882));
#9882 = FILL_AREA_STYLE_COLOUR('',#9546);
#9883 = STYLED_ITEM('color',(#9884),#4719);
#9884 = PRESENTATION_STYLE_ASSIGNMENT((#9885));
#9885 = SURFACE_STYLE_USAGE(.BOTH.,#9886);
#9886 = SURFACE_SIDE_STYLE('',(#9887));
#9887 = SURFACE_STYLE_FILL_AREA(#9888);
#9888 = FILL_AREA_STYLE('',(#9889));
#9889 = FILL_AREA_STYLE_COLOUR('',#9546);
#9890 = STYLED_ITEM('color',(#9891),#4811);
#9891 = PRESENTATION_STYLE_ASSIGNMENT((#9892));
#9892 = SURFACE_STYLE_USAGE(.BOTH.,#9893);
#9893 = SURFACE_SIDE_STYLE('',(#9894));
#9894 = SURFACE_STYLE_FILL_AREA(#9895);
#9895 = FILL_AREA_STYLE('',(#9896));
#9896 = FILL_AREA_STYLE_COLOUR('',#9546);
#9897 = STYLED_ITEM('color',(#9898),#4903);
#9898 = PRESENTATION_STYLE_ASSIGNMENT((#9899));
#9899 = SURFACE_STYLE_USAGE(.BOTH.,#9900);
#9900 = SURFACE_SIDE_STYLE('',(#9901));
#9901 = SURFACE_STYLE_FILL_AREA(#9902);
#9902 = FILL_AREA_STYLE('',(#9903));
#9903 = FILL_AREA_STYLE_COLOUR('',#9546);
#9904 = STYLED_ITEM('color',(#9905),#5053);
#9905 = PRESENTATION_STYLE_ASSIGNMENT((#9906));
#9906 = SURFACE_STYLE_USAGE(.BOTH.,#9907);
#9907 = SURFACE_SIDE_STYLE('',(#9908));
#9908 = SURFACE_STYLE_FILL_AREA(#9909);
#9909 = FILL_AREA_STYLE('',(#9910));
#9910 = FILL_AREA_STYLE_COLOUR('',#9546);
#9911 = STYLED_ITEM('color',(#9912),#5203);
#9912 = PRESENTATION_STYLE_ASSIGNMENT((#9913));
#9913 = SURFACE_STYLE_USAGE(.BOTH.,#9914);
#9914 = SURFACE_SIDE_STYLE('',(#9915));
#9915 = SURFACE_STYLE_FILL_AREA(#9916);
#9916 = FILL_AREA_STYLE('',(#9917));
#9917 = FILL_AREA_STYLE_COLOUR('',#9546);
#9918 = STYLED_ITEM('color',(#9919),#5295);
#9919 = PRESENTATION_STYLE_ASSIGNMENT((#9920));
#9920 = SURFACE_STYLE_USAGE(.BOTH.,#9921);
#9921 = SURFACE_SIDE_STYLE('',(#9922));
#9922 = SURFACE_STYLE_FILL_AREA(#9923);
#9923 = FILL_AREA_STYLE('',(#9924));
#9924 = FILL_AREA_STYLE_COLOUR('',#9546);
#9925 = STYLED_ITEM('color',(#9926),#5387);
#9926 = PRESENTATION_STYLE_ASSIGNMENT((#9927));
#9927 = SURFACE_STYLE_USAGE(.BOTH.,#9928);
#9928 = SURFACE_SIDE_STYLE('',(#9929));
#9929 = SURFACE_STYLE_FILL_AREA(#9930);
#9930 = FILL_AREA_STYLE('',(#9931));
#9931 = FILL_AREA_STYLE_COLOUR('',#9546);
#9932 = STYLED_ITEM('color',(#9933),#5479);
#9933 = PRESENTATION_STYLE_ASSIGNMENT((#9934));
#9934 = SURFACE_STYLE_USAGE(.BOTH.,#9935);
#9935 = SURFACE_SIDE_STYLE('',(#9936));
#9936 = SURFACE_STYLE_FILL_AREA(#9937);
#9937 = FILL_AREA_STYLE('',(#9938));
#9938 = FILL_AREA_STYLE_COLOUR('',#9546);
#9939 = STYLED_ITEM('color',(#9940),#5629);
#9940 = PRESENTATION_STYLE_ASSIGNMENT((#9941));
#9941 = SURFACE_STYLE_USAGE(.BOTH.,#9942);
#9942 = SURFACE_SIDE_STYLE('',(#9943));
#9943 = SURFACE_STYLE_FILL_AREA(#9944);
#9944 = FILL_AREA_STYLE('',(#9945));
#9945 = FILL_AREA_STYLE_COLOUR('',#9546);
#9946 = STYLED_ITEM('color',(#9947),#5721);
#9947 = PRESENTATION_STYLE_ASSIGNMENT((#9948));
#9948 = SURFACE_STYLE_USAGE(.BOTH.,#9949);
#9949 = SURFACE_SIDE_STYLE('',(#9950));
#9950 = SURFACE_STYLE_FILL_AREA(#9951);
#9951 = FILL_AREA_STYLE('',(#9952));
#9952 = FILL_AREA_STYLE_COLOUR('',#9546);
#9953 = STYLED_ITEM('color',(#9954),#5813);
#9954 = PRESENTATION_STYLE_ASSIGNMENT((#9955));
#9955 = SURFACE_STYLE_USAGE(.BOTH.,#9956);
#9956 = SURFACE_SIDE_STYLE('',(#9957));
#9957 = SURFACE_STYLE_FILL_AREA(#9958);
#9958 = FILL_AREA_STYLE('',(#9959));
#9959 = FILL_AREA_STYLE_COLOUR('',#9546);
#9960 = STYLED_ITEM('color',(#9961),#5905);
#9961 = PRESENTATION_STYLE_ASSIGNMENT((#9962));
#9962 = SURFACE_STYLE_USAGE(.BOTH.,#9963);
#9963 = SURFACE_SIDE_STYLE('',(#9964));
#9964 = SURFACE_STYLE_FILL_AREA(#9965);
#9965 = FILL_AREA_STYLE('',(#9966));
#9966 = FILL_AREA_STYLE_COLOUR('',#9546);
#9967 = STYLED_ITEM('color',(#9968),#5997);
#9968 = PRESENTATION_STYLE_ASSIGNMENT((#9969));
#9969 = SURFACE_STYLE_USAGE(.BOTH.,#9970);
#9970 = SURFACE_SIDE_STYLE('',(#9971));
#9971 = SURFACE_STYLE_FILL_AREA(#9972);
#9972 = FILL_AREA_STYLE('',(#9973));
#9973 = FILL_AREA_STYLE_COLOUR('',#9546);
#9974 = STYLED_ITEM('color',(#9975),#6089);
#9975 = PRESENTATION_STYLE_ASSIGNMENT((#9976));
#9976 = SURFACE_STYLE_USAGE(.BOTH.,#9977);
#9977 = SURFACE_SIDE_STYLE('',(#9978));
#9978 = SURFACE_STYLE_FILL_AREA(#9979);
#9979 = FILL_AREA_STYLE('',(#9980));
#9980 = FILL_AREA_STYLE_COLOUR('',#9546);
#9981 = STYLED_ITEM('color',(#9982),#6181);
#9982 = PRESENTATION_STYLE_ASSIGNMENT((#9983));
#9983 = SURFACE_STYLE_USAGE(.BOTH.,#9984);
#9984 = SURFACE_SIDE_STYLE('',(#9985));
#9985 = SURFACE_STYLE_FILL_AREA(#9986);
#9986 = FILL_AREA_STYLE('',(#9987));
#9987 = FILL_AREA_STYLE_COLOUR('',#9546);
#9988 = STYLED_ITEM('color',(#9989),#6331);
#9989 = PRESENTATION_STYLE_ASSIGNMENT((#9990));
#9990 = SURFACE_STYLE_USAGE(.BOTH.,#9991);
#9991 = SURFACE_SIDE_STYLE('',(#9992));
#9992 = SURFACE_STYLE_FILL_AREA(#9993);
#9993 = FILL_AREA_STYLE('',(#9994));
#9994 = FILL_AREA_STYLE_COLOUR('',#9546);
#9995 = STYLED_ITEM('color',(#9996),#6423);
#9996 = PRESENTATION_STYLE_ASSIGNMENT((#9997));
#9997 = SURFACE_STYLE_USAGE(.BOTH.,#9998);
#9998 = SURFACE_SIDE_STYLE('',(#9999));
#9999 = SURFACE_STYLE_FILL_AREA(#10000);
#10000 = FILL_AREA_STYLE('',(#10001));
#10001 = FILL_AREA_STYLE_COLOUR('',#9546);
#10002 = STYLED_ITEM('color',(#10003),#6515);
#10003 = PRESENTATION_STYLE_ASSIGNMENT((#10004));
#10004 = SURFACE_STYLE_USAGE(.BOTH.,#10005);
#10005 = SURFACE_SIDE_STYLE('',(#10006));
#10006 = SURFACE_STYLE_FILL_AREA(#10007);
#10007 = FILL_AREA_STYLE('',(#10008));
#10008 = FILL_AREA_STYLE_COLOUR('',#9546);
#10009 = STYLED_ITEM('color',(#10010),#6607);
#10010 = PRESENTATION_STYLE_ASSIGNMENT((#10011));
#10011 = SURFACE_STYLE_USAGE(.BOTH.,#10012);
#10012 = SURFACE_SIDE_STYLE('',(#10013));
#10013 = SURFACE_STYLE_FILL_AREA(#10014);
#10014 = FILL_AREA_STYLE('',(#10015));
#10015 = FILL_AREA_STYLE_COLOUR('',#9546);
ENDSEC;
END-ISO-10303-21;
