ISO-10303-21;
HEADER;
FILE_DESCRIPTION(('starvars output'),'2;1');
FILE_NAME('cv20251119124308000080168.stp','12:43:09   2025/11/19',('TraceParts Stv3.2.6.48'),('Copyright 2025 TraceParts S.A.S. All rights reserved. www.traceparts.com'),'Spatial InterOp 3D',' ',' ');
FILE_SCHEMA(('CONFIG_CONTROL_DESIGN'));
ENDSEC;
DATA;
#1=DESIGN_CONTEXT('',#27,'design');
#2=APPLICATION_PROTOCOL_DEFINITION('INTERNATIONAL STANDARD','config_control_design',1994,#27);
#3=PRODUCT_CATEGORY_RELATIONSHIP('NONE','NONE',#28,#29);
#4=DATE_AND_TIME(#30,#31);
#5=DATE_TIME_ROLE('creation_date');
#6=DATE_TIME_ROLE('classification_date');
#7=PERSON_AND_ORGANIZATION_ROLE('creator');
#8=PERSON_AND_ORGANIZATION_ROLE('design_supplier');
#9=PERSON_AND_ORGANIZATION_ROLE('classification_officer');
#10=PERSON_AND_ORGANIZATION_ROLE('design_owner');
#11=APPROVAL_PERSON_ORGANIZATION(#32,#33,#34);
#12=APPROVAL_DATE_TIME(#4,#33);
#13=CC_DESIGN_APPROVAL(#33,(#35,#36,#37));
#14=CC_DESIGN_DATE_AND_TIME_ASSIGNMENT(#4,#5,(#37));
#15=CC_DESIGN_DATE_AND_TIME_ASSIGNMENT(#4,#6,(#35));
#16=CC_DESIGN_PERSON_AND_ORGANIZATION_ASSIGNMENT(#32,#10,(#38));
#17=CC_DESIGN_PERSON_AND_ORGANIZATION_ASSIGNMENT(#32,#7,(#37));
#18=CC_DESIGN_PERSON_AND_ORGANIZATION_ASSIGNMENT(#32,#7,(#36));
#19=CC_DESIGN_PERSON_AND_ORGANIZATION_ASSIGNMENT(#32,#8,(#36));
#20=CC_DESIGN_SECURITY_CLASSIFICATION(#35,(#36));
#21=CC_DESIGN_PERSON_AND_ORGANIZATION_ASSIGNMENT(#32,#9,(#35));
#22=SHAPE_DEFINITION_REPRESENTATION(#39,#40);
#23= (GEOMETRIC_REPRESENTATION_CONTEXT(3)GLOBAL_UNCERTAINTY_ASSIGNED_CONTEXT((#43))GLOBAL_UNIT_ASSIGNED_CONTEXT((#45,#46,#47))REPRESENTATION_CONTEXT('NONE','WORKSPACE'));
#27=APPLICATION_CONTEXT('CONFIGURATION CONTROLLED 3D DESIGNS OF MECHANICAL PARTS AND ASSEMBLIES');
#28=PRODUCT_CATEGORY('part','NONE');
#29=PRODUCT_RELATED_PRODUCT_CATEGORY('detail',' ',(#38));
#30=CALENDAR_DATE(2025,19,10);
#31=LOCAL_TIME(12,43,9.0,#49);
#32=PERSON_AND_ORGANIZATION(#50,#51);
#33=APPROVAL(#52,'SOLID MODEL');
#34=APPROVAL_ROLE('APPROVED');
#35=SECURITY_CLASSIFICATION('','',#53);
#36=PRODUCT_DEFINITION_FORMATION_WITH_SPECIFIED_SOURCE(' ','NONE',#38,.NOT_KNOWN.);
#37=PRODUCT_DEFINITION('','NONE',#36,#1);
#38=PRODUCT('1','','PART--DESC',(#54));
#39=PRODUCT_DEFINITION_SHAPE('NONE','NONE',#37);
#40=ADVANCED_BREP_SHAPE_REPRESENTATION('1',(#55,#56),#23);
#43=UNCERTAINTY_MEASURE_WITH_UNIT(LENGTH_MEASURE(1.0E-06),#45,'','');
#45= (CONVERSION_BASED_UNIT('MILLIMETRE',#59)LENGTH_UNIT()NAMED_UNIT(#62));
#46= (NAMED_UNIT(#64)PLANE_ANGLE_UNIT()SI_UNIT($,.RADIAN.));
#47= (NAMED_UNIT(#64)SOLID_ANGLE_UNIT()SI_UNIT($,.STERADIAN.));
#49=COORDINATED_UNIVERSAL_TIME_OFFSET(5,0,.BEHIND.);
#50=PERSON('','UNSPECIFIED',$,$,$,$);
#51=ORGANIZATION('UNSPECIFIED','UNSPECIFIED','UNSPECIFIED');
#52=APPROVAL_STATUS('approved');
#53=SECURITY_CLASSIFICATION_LEVEL('unclassified');
#54=MECHANICAL_CONTEXT('',#27,'mechanical');
#55=BREP_WITH_VOIDS('1',#70,(#71,#72,#73,#74,#75,#76));
#56=AXIS2_PLACEMENT_3D('',#77,#78,#79);
#59=LENGTH_MEASURE_WITH_UNIT(LENGTH_MEASURE(1.0),#80);
#62=DIMENSIONAL_EXPONENTS(1.0,0.0,0.0,0.0,0.0,0.0,0.0);
#64=DIMENSIONAL_EXPONENTS(0.0,0.0,0.0,0.0,0.0,0.0,0.0);
#70=CLOSED_SHELL('',(#81,#82,#83,#84,#85,#86,#87,#88,#89,#90,#91,#92,#93,#94,#95,#96,#97,#98,#99,#100,#101,#102,#103,#104,#105,#106,#107,#108,#109,#110,#111));
#71=ORIENTED_CLOSED_SHELL('',*,#112,.T.);
#72=ORIENTED_CLOSED_SHELL('',*,#113,.T.);
#73=ORIENTED_CLOSED_SHELL('',*,#114,.T.);
#74=ORIENTED_CLOSED_SHELL('',*,#115,.T.);
#75=ORIENTED_CLOSED_SHELL('',*,#116,.T.);
#76=ORIENTED_CLOSED_SHELL('',*,#117,.T.);
#77=CARTESIAN_POINT('',(0.0,0.0,0.0));
#78=DIRECTION('',(0.0,0.0,1.0));
#79=DIRECTION('',(1.0,0.0,0.0));
#80= (NAMED_UNIT(#62)LENGTH_UNIT()SI_UNIT(.MILLI.,.METRE.));
#81=ADVANCED_FACE('',(#119),#120,.T.);
#82=ADVANCED_FACE('',(#121),#122,.T.);
#83=ADVANCED_FACE('',(#123),#124,.T.);
#84=ADVANCED_FACE('',(#125),#126,.T.);
#85=ADVANCED_FACE('',(#127),#128,.T.);
#86=ADVANCED_FACE('',(#129),#130,.T.);
#87=ADVANCED_FACE('',(#131),#132,.T.);
#88=ADVANCED_FACE('',(#133),#134,.T.);
#89=ADVANCED_FACE('',(#135),#136,.T.);
#90=ADVANCED_FACE('',(#137),#138,.F.);
#91=ADVANCED_FACE('',(#139),#140,.F.);
#92=ADVANCED_FACE('',(#141),#142,.F.);
#93=ADVANCED_FACE('',(#143),#144,.F.);
#94=ADVANCED_FACE('',(#145),#146,.F.);
#95=ADVANCED_FACE('',(#147),#148,.F.);
#96=ADVANCED_FACE('',(#149,#150),#151,.T.);
#97=ADVANCED_FACE('',(#152),#153,.T.);
#98=ADVANCED_FACE('',(#154),#155,.T.);
#99=ADVANCED_FACE('',(#156,#157),#158,.T.);
#100=ADVANCED_FACE('',(#159),#160,.T.);
#101=ADVANCED_FACE('',(#161,#162),#163,.T.);
#102=ADVANCED_FACE('',(#164),#165,.T.);
#103=ADVANCED_FACE('',(#166,#167),#168,.T.);
#104=ADVANCED_FACE('',(#169),#170,.T.);
#105=ADVANCED_FACE('',(#171,#172),#173,.T.);
#106=ADVANCED_FACE('',(#174),#175,.T.);
#107=ADVANCED_FACE('',(#176),#177,.T.);
#108=ADVANCED_FACE('',(#178,#179),#180,.T.);
#109=ADVANCED_FACE('',(#181),#182,.T.);
#110=ADVANCED_FACE('',(#183),#184,.T.);
#111=ADVANCED_FACE('',(#185,#186),#187,.T.);
#112=CLOSED_SHELL('',(#188,#189,#190,#191,#192,#193,#194,#195,#196,#197,#198,#199,#200,#201,#202,#203,#204,#205,#206,#207,#208,#209,#210,#211,#212,#213,#214,#215,#216,#217,#218,#219,#220,#221,#222,#223,#224,#225,#226));
#113=CLOSED_SHELL('',(#227,#228,#229,#230,#231,#232,#233,#234,#235,#236,#237,#238,#239,#240));
#114=CLOSED_SHELL('',(#241,#242,#243,#244,#245,#246,#247,#248,#249,#250,#251,#252,#253,#254,#255,#256,#257,#258,#259,#260,#261,#262,#263,#264,#265,#266,#267,#268,#269,#270,#271,#272,#273,#274,#275,#276,#277,#278,#279,#280));
#115=CLOSED_SHELL('',(#281,#282,#283,#284,#285,#286,#287,#288,#289,#290));
#116=CLOSED_SHELL('',(#291,#292,#293,#294,#295,#296,#297,#298,#299,#300,#301,#302,#303,#304));
#117=CLOSED_SHELL('',(#305,#306,#307,#308,#309,#310));
#119=FACE_OUTER_BOUND('',#311,.T.);
#120=CONICAL_SURFACE('',#312,1.94275,0.785398163397448);
#121=FACE_OUTER_BOUND('',#313,.T.);
#122=CYLINDRICAL_SURFACE('',#314,2.045);
#123=FACE_OUTER_BOUND('',#315,.T.);
#124=TOROIDAL_SURFACE('',#316,2.6966,0.0834000000000006);
#125=FACE_OUTER_BOUND('',#317,.T.);
#126=CYLINDRICAL_SURFACE('',#318,2.78);
#127=FACE_OUTER_BOUND('',#319,.T.);
#128=CYLINDRICAL_SURFACE('',#320,2.7035);
#129=FACE_OUTER_BOUND('',#321,.T.);
#130=CYLINDRICAL_SURFACE('',#322,2.78);
#131=FACE_OUTER_BOUND('',#323,.T.);
#132=CYLINDRICAL_SURFACE('',#324,2.7035);
#133=FACE_OUTER_BOUND('',#325,.T.);
#134=CYLINDRICAL_SURFACE('',#326,2.78);
#135=FACE_OUTER_BOUND('',#327,.T.);
#136=CONICAL_SURFACE('',#328,2.7383,0.785398163397448);
#137=FACE_OUTER_BOUND('',#329,.T.);
#138=CONICAL_SURFACE('',#330,1.36475,0.785398163397448);
#139=FACE_OUTER_BOUND('',#331,.T.);
#140=CYLINDRICAL_SURFACE('',#332,1.2295);
#141=FACE_OUTER_BOUND('',#333,.T.);
#142=CONICAL_SURFACE('',#334,1.36475,0.78539816339745);
#143=FACE_OUTER_BOUND('',#335,.T.);
#144=CONICAL_SURFACE('',#336,1.36475,0.78539816339745);
#145=FACE_OUTER_BOUND('',#337,.T.);
#146=CYLINDRICAL_SURFACE('',#338,1.2295);
#147=FACE_OUTER_BOUND('',#339,.T.);
#148=CONICAL_SURFACE('',#340,1.36475,0.785398163397448);
#149=FACE_BOUND('',#341,.T.);
#150=FACE_OUTER_BOUND('',#342,.T.);
#151=PLANE('',#343);
#152=FACE_OUTER_BOUND('',#344,.T.);
#153=CONICAL_SURFACE('',#345,2.7383,0.785398163397448);
#154=FACE_OUTER_BOUND('',#346,.T.);
#155=CYLINDRICAL_SURFACE('',#347,2.78);
#156=FACE_BOUND('',#348,.T.);
#157=FACE_OUTER_BOUND('',#349,.T.);
#158=PLANE('',#350);
#159=FACE_OUTER_BOUND('',#351,.T.);
#160=CYLINDRICAL_SURFACE('',#352,2.7035);
#161=FACE_OUTER_BOUND('',#353,.T.);
#162=FACE_BOUND('',#354,.T.);
#163=PLANE('',#355);
#164=FACE_OUTER_BOUND('',#356,.T.);
#165=CYLINDRICAL_SURFACE('',#357,2.78);
#166=FACE_BOUND('',#358,.T.);
#167=FACE_OUTER_BOUND('',#359,.T.);
#168=PLANE('',#360);
#169=FACE_OUTER_BOUND('',#361,.T.);
#170=CYLINDRICAL_SURFACE('',#362,2.7035);
#171=FACE_OUTER_BOUND('',#363,.T.);
#172=FACE_BOUND('',#364,.T.);
#173=PLANE('',#365);
#174=FACE_OUTER_BOUND('',#366,.T.);
#175=CYLINDRICAL_SURFACE('',#367,2.78);
#176=FACE_OUTER_BOUND('',#368,.T.);
#177=TOROIDAL_SURFACE('',#369,2.6966,0.0834000000000006);
#178=FACE_BOUND('',#370,.T.);
#179=FACE_OUTER_BOUND('',#371,.T.);
#180=PLANE('',#372);
#181=FACE_OUTER_BOUND('',#373,.T.);
#182=CYLINDRICAL_SURFACE('',#374,2.045);
#183=FACE_OUTER_BOUND('',#375,.T.);
#184=CONICAL_SURFACE('',#376,1.94275,0.785398163397448);
#185=FACE_BOUND('',#377,.T.);
#186=FACE_OUTER_BOUND('',#378,.T.);
#187=PLANE('',#379);
#188=ADVANCED_FACE('',(#380),#381,.T.);
#189=ADVANCED_FACE('',(#382),#383,.T.);
#190=ADVANCED_FACE('',(#384),#385,.T.);
#191=ADVANCED_FACE('',(#386),#387,.T.);
#192=ADVANCED_FACE('',(#388),#389,.T.);
#193=ADVANCED_FACE('',(#390),#391,.T.);
#194=ADVANCED_FACE('',(#392),#393,.T.);
#195=ADVANCED_FACE('',(#394),#395,.T.);
#196=ADVANCED_FACE('',(#396),#397,.T.);
#197=ADVANCED_FACE('',(#398),#399,.F.);
#198=ADVANCED_FACE('',(#400),#401,.F.);
#199=ADVANCED_FACE('',(#402),#403,.F.);
#200=ADVANCED_FACE('',(#404),#405,.F.);
#201=ADVANCED_FACE('',(#406),#407,.F.);
#202=ADVANCED_FACE('',(#408),#409,.F.);
#203=ADVANCED_FACE('',(#410),#411,.F.);
#204=ADVANCED_FACE('',(#412),#413,.F.);
#205=ADVANCED_FACE('',(#414),#415,.F.);
#206=ADVANCED_FACE('',(#416),#417,.F.);
#207=ADVANCED_FACE('',(#418),#419,.F.);
#208=ADVANCED_FACE('',(#420),#421,.F.);
#209=ADVANCED_FACE('',(#422),#423,.F.);
#210=ADVANCED_FACE('',(#424),#425,.F.);
#211=ADVANCED_FACE('',(#426),#427,.F.);
#212=ADVANCED_FACE('',(#428),#429,.F.);
#213=ADVANCED_FACE('',(#430),#431,.F.);
#214=ADVANCED_FACE('',(#432),#433,.F.);
#215=ADVANCED_FACE('',(#434),#435,.F.);
#216=ADVANCED_FACE('',(#436),#437,.F.);
#217=ADVANCED_FACE('',(#438),#439,.F.);
#218=ADVANCED_FACE('',(#440),#441,.F.);
#219=ADVANCED_FACE('',(#442),#443,.F.);
#220=ADVANCED_FACE('',(#444),#445,.F.);
#221=ADVANCED_FACE('',(#446),#447,.F.);
#222=ADVANCED_FACE('',(#448),#449,.F.);
#223=ADVANCED_FACE('',(#450),#451,.F.);
#224=ADVANCED_FACE('',(#452),#453,.F.);
#225=ADVANCED_FACE('',(#454,#455),#456,.T.);
#226=ADVANCED_FACE('',(#457,#458),#459,.F.);
#227=ADVANCED_FACE('',(#460),#461,.F.);
#228=ADVANCED_FACE('',(#462),#463,.F.);
#229=ADVANCED_FACE('',(#464),#465,.F.);
#230=ADVANCED_FACE('',(#466),#467,.F.);
#231=ADVANCED_FACE('',(#468),#469,.F.);
#232=ADVANCED_FACE('',(#470),#471,.F.);
#233=ADVANCED_FACE('',(#472),#473,.F.);
#234=ADVANCED_FACE('',(#474),#475,.F.);
#235=ADVANCED_FACE('',(#476),#477,.F.);
#236=ADVANCED_FACE('',(#478),#479,.F.);
#237=ADVANCED_FACE('',(#480),#481,.F.);
#238=ADVANCED_FACE('',(#482),#483,.F.);
#239=ADVANCED_FACE('',(#484),#485,.F.);
#240=ADVANCED_FACE('',(#486),#487,.T.);
#241=ADVANCED_FACE('',(#488),#489,.T.);
#242=ADVANCED_FACE('',(#490),#491,.T.);
#243=ADVANCED_FACE('',(#492),#493,.T.);
#244=ADVANCED_FACE('',(#494),#495,.T.);
#245=ADVANCED_FACE('',(#496),#497,.T.);
#246=ADVANCED_FACE('',(#498),#499,.T.);
#247=ADVANCED_FACE('',(#500),#501,.T.);
#248=ADVANCED_FACE('',(#502),#503,.T.);
#249=ADVANCED_FACE('',(#504),#505,.T.);
#250=ADVANCED_FACE('',(#506),#507,.T.);
#251=ADVANCED_FACE('',(#508),#509,.T.);
#252=ADVANCED_FACE('',(#510),#511,.T.);
#253=ADVANCED_FACE('',(#512),#513,.T.);
#254=ADVANCED_FACE('',(#514),#515,.T.);
#255=ADVANCED_FACE('',(#516),#517,.F.);
#256=ADVANCED_FACE('',(#518),#519,.F.);
#257=ADVANCED_FACE('',(#520),#521,.F.);
#258=ADVANCED_FACE('',(#522),#523,.F.);
#259=ADVANCED_FACE('',(#524),#525,.F.);
#260=ADVANCED_FACE('',(#526),#527,.F.);
#261=ADVANCED_FACE('',(#528),#529,.F.);
#262=ADVANCED_FACE('',(#530),#531,.F.);
#263=ADVANCED_FACE('',(#532),#533,.F.);
#264=ADVANCED_FACE('',(#534),#535,.F.);
#265=ADVANCED_FACE('',(#536),#537,.F.);
#266=ADVANCED_FACE('',(#538),#539,.F.);
#267=ADVANCED_FACE('',(#540),#541,.F.);
#268=ADVANCED_FACE('',(#542),#543,.F.);
#269=ADVANCED_FACE('',(#544),#545,.F.);
#270=ADVANCED_FACE('',(#546),#547,.F.);
#271=ADVANCED_FACE('',(#548),#549,.F.);
#272=ADVANCED_FACE('',(#550),#551,.F.);
#273=ADVANCED_FACE('',(#552),#553,.F.);
#274=ADVANCED_FACE('',(#554),#555,.F.);
#275=ADVANCED_FACE('',(#556),#557,.F.);
#276=ADVANCED_FACE('',(#558),#559,.F.);
#277=ADVANCED_FACE('',(#560),#561,.F.);
#278=ADVANCED_FACE('',(#562),#563,.F.);
#279=ADVANCED_FACE('',(#564,#565),#566,.T.);
#280=ADVANCED_FACE('',(#567,#568),#569,.F.);
#281=ADVANCED_FACE('',(#570),#571,.T.);
#282=ADVANCED_FACE('',(#572),#573,.T.);
#283=ADVANCED_FACE('',(#574),#575,.T.);
#284=ADVANCED_FACE('',(#576),#577,.F.);
#285=ADVANCED_FACE('',(#578),#579,.F.);
#286=ADVANCED_FACE('',(#580),#581,.F.);
#287=ADVANCED_FACE('',(#582),#583,.F.);
#288=ADVANCED_FACE('',(#584),#585,.F.);
#289=ADVANCED_FACE('',(#586,#587),#588,.F.);
#290=ADVANCED_FACE('',(#589,#590),#591,.T.);
#291=ADVANCED_FACE('',(#592),#593,.F.);
#292=ADVANCED_FACE('',(#594),#595,.F.);
#293=ADVANCED_FACE('',(#596),#597,.F.);
#294=ADVANCED_FACE('',(#598),#599,.F.);
#295=ADVANCED_FACE('',(#600),#601,.F.);
#296=ADVANCED_FACE('',(#602),#603,.F.);
#297=ADVANCED_FACE('',(#604),#605,.F.);
#298=ADVANCED_FACE('',(#606),#607,.F.);
#299=ADVANCED_FACE('',(#608),#609,.F.);
#300=ADVANCED_FACE('',(#610),#611,.F.);
#301=ADVANCED_FACE('',(#612),#613,.F.);
#302=ADVANCED_FACE('',(#614),#615,.F.);
#303=ADVANCED_FACE('',(#616),#617,.T.);
#304=ADVANCED_FACE('',(#618),#619,.F.);
#305=ADVANCED_FACE('',(#620),#621,.F.);
#306=ADVANCED_FACE('',(#622),#623,.T.);
#307=ADVANCED_FACE('',(#624),#625,.T.);
#308=ADVANCED_FACE('',(#626),#627,.F.);
#309=ADVANCED_FACE('',(#628,#629),#630,.T.);
#310=ADVANCED_FACE('',(#631,#632),#633,.F.);
#311=EDGE_LOOP('',(#634,#635,#636,#637));
#312=AXIS2_PLACEMENT_3D('',#638,#639,#640);
#313=EDGE_LOOP('',(#641,#642,#643,#644));
#314=AXIS2_PLACEMENT_3D('',#645,#646,#647);
#315=EDGE_LOOP('',(#648,#649,#650,#651));
#316=AXIS2_PLACEMENT_3D('',#652,#653,#654);
#317=EDGE_LOOP('',(#655,#656,#657,#658));
#318=AXIS2_PLACEMENT_3D('',#659,#660,#661);
#319=EDGE_LOOP('',(#662,#663,#664,#665));
#320=AXIS2_PLACEMENT_3D('',#666,#667,#668);
#321=EDGE_LOOP('',(#669,#670,#671,#672));
#322=AXIS2_PLACEMENT_3D('',#673,#674,#675);
#323=EDGE_LOOP('',(#676,#677,#678,#679));
#324=AXIS2_PLACEMENT_3D('',#680,#681,#682);
#325=EDGE_LOOP('',(#683,#684,#685,#686));
#326=AXIS2_PLACEMENT_3D('',#687,#688,#689);
#327=EDGE_LOOP('',(#690,#691,#692,#693));
#328=AXIS2_PLACEMENT_3D('',#694,#695,#696);
#329=EDGE_LOOP('',(#697,#698,#699,#700));
#330=AXIS2_PLACEMENT_3D('',#701,#702,#703);
#331=EDGE_LOOP('',(#704,#705,#706,#707));
#332=AXIS2_PLACEMENT_3D('',#708,#709,#710);
#333=EDGE_LOOP('',(#711,#712,#713,#714));
#334=AXIS2_PLACEMENT_3D('',#715,#716,#717);
#335=EDGE_LOOP('',(#718,#719,#720,#721));
#336=AXIS2_PLACEMENT_3D('',#722,#723,#724);
#337=EDGE_LOOP('',(#725,#726,#727,#728));
#338=AXIS2_PLACEMENT_3D('',#729,#730,#731);
#339=EDGE_LOOP('',(#732,#733,#734,#735));
#340=AXIS2_PLACEMENT_3D('',#736,#737,#738);
#341=EDGE_LOOP('',(#739,#740));
#342=EDGE_LOOP('',(#741,#742));
#343=AXIS2_PLACEMENT_3D('',#743,#744,#745);
#344=EDGE_LOOP('',(#746,#747,#748,#749));
#345=AXIS2_PLACEMENT_3D('',#750,#751,#752);
#346=EDGE_LOOP('',(#753,#754,#755,#756));
#347=AXIS2_PLACEMENT_3D('',#757,#758,#759);
#348=EDGE_LOOP('',(#760,#761));
#349=EDGE_LOOP('',(#762,#763));
#350=AXIS2_PLACEMENT_3D('',#764,#765,#766);
#351=EDGE_LOOP('',(#767,#768,#769,#770));
#352=AXIS2_PLACEMENT_3D('',#771,#772,#773);
#353=EDGE_LOOP('',(#774,#775));
#354=EDGE_LOOP('',(#776,#777));
#355=AXIS2_PLACEMENT_3D('',#778,#779,#780);
#356=EDGE_LOOP('',(#781,#782,#783,#784));
#357=AXIS2_PLACEMENT_3D('',#785,#786,#787);
#358=EDGE_LOOP('',(#788,#789));
#359=EDGE_LOOP('',(#790,#791));
#360=AXIS2_PLACEMENT_3D('',#792,#793,#794);
#361=EDGE_LOOP('',(#795,#796,#797,#798));
#362=AXIS2_PLACEMENT_3D('',#799,#800,#801);
#363=EDGE_LOOP('',(#802,#803));
#364=EDGE_LOOP('',(#804,#805));
#365=AXIS2_PLACEMENT_3D('',#806,#807,#808);
#366=EDGE_LOOP('',(#809,#810,#811,#812));
#367=AXIS2_PLACEMENT_3D('',#813,#814,#815);
#368=EDGE_LOOP('',(#816,#817,#818,#819));
#369=AXIS2_PLACEMENT_3D('',#820,#821,#822);
#370=EDGE_LOOP('',(#823,#824));
#371=EDGE_LOOP('',(#825,#826));
#372=AXIS2_PLACEMENT_3D('',#827,#828,#829);
#373=EDGE_LOOP('',(#830,#831,#832,#833));
#374=AXIS2_PLACEMENT_3D('',#834,#835,#836);
#375=EDGE_LOOP('',(#837,#838,#839,#840));
#376=AXIS2_PLACEMENT_3D('',#841,#842,#843);
#377=EDGE_LOOP('',(#844,#845));
#378=EDGE_LOOP('',(#846,#847));
#379=AXIS2_PLACEMENT_3D('',#848,#849,#850);
#380=FACE_OUTER_BOUND('',#851,.T.);
#381=PLANE('',#852);
#382=FACE_OUTER_BOUND('',#853,.T.);
#383=PLANE('',#854);
#384=FACE_OUTER_BOUND('',#855,.T.);
#385=PLANE('',#856);
#386=FACE_OUTER_BOUND('',#857,.T.);
#387=PLANE('',#858);
#388=FACE_OUTER_BOUND('',#859,.T.);
#389=PLANE('',#860);
#390=FACE_OUTER_BOUND('',#861,.T.);
#391=PLANE('',#862);
#392=FACE_OUTER_BOUND('',#863,.T.);
#393=PLANE('',#864);
#394=FACE_OUTER_BOUND('',#865,.T.);
#395=PLANE('',#866);
#396=FACE_OUTER_BOUND('',#867,.T.);
#397=PLANE('',#868);
#398=FACE_OUTER_BOUND('',#869,.T.);
#399=PLANE('',#870);
#400=FACE_OUTER_BOUND('',#871,.T.);
#401=PLANE('',#872);
#402=FACE_OUTER_BOUND('',#873,.T.);
#403=PLANE('',#874);
#404=FACE_OUTER_BOUND('',#875,.T.);
#405=PLANE('',#876);
#406=FACE_OUTER_BOUND('',#877,.T.);
#407=PLANE('',#878);
#408=FACE_OUTER_BOUND('',#879,.T.);
#409=PLANE('',#880);
#410=FACE_OUTER_BOUND('',#881,.T.);
#411=PLANE('',#882);
#412=FACE_OUTER_BOUND('',#883,.T.);
#413=PLANE('',#884);
#414=FACE_OUTER_BOUND('',#885,.T.);
#415=PLANE('',#886);
#416=FACE_OUTER_BOUND('',#887,.T.);
#417=PLANE('',#888);
#418=FACE_OUTER_BOUND('',#889,.T.);
#419=PLANE('',#890);
#420=FACE_OUTER_BOUND('',#891,.T.);
#421=PLANE('',#892);
#422=FACE_OUTER_BOUND('',#893,.T.);
#423=PLANE('',#894);
#424=FACE_OUTER_BOUND('',#895,.T.);
#425=PLANE('',#896);
#426=FACE_OUTER_BOUND('',#897,.T.);
#427=PLANE('',#898);
#428=FACE_OUTER_BOUND('',#899,.T.);
#429=PLANE('',#900);
#430=FACE_OUTER_BOUND('',#901,.T.);
#431=PLANE('',#902);
#432=FACE_OUTER_BOUND('',#903,.T.);
#433=PLANE('',#904);
#434=FACE_OUTER_BOUND('',#905,.T.);
#435=PLANE('',#906);
#436=FACE_OUTER_BOUND('',#907,.T.);
#437=PLANE('',#908);
#438=FACE_OUTER_BOUND('',#909,.T.);
#439=PLANE('',#910);
#440=FACE_OUTER_BOUND('',#911,.T.);
#441=PLANE('',#912);
#442=FACE_OUTER_BOUND('',#913,.T.);
#443=PLANE('',#914);
#444=FACE_OUTER_BOUND('',#915,.T.);
#445=PLANE('',#916);
#446=FACE_OUTER_BOUND('',#917,.T.);
#447=PLANE('',#918);
#448=FACE_OUTER_BOUND('',#919,.T.);
#449=PLANE('',#920);
#450=FACE_OUTER_BOUND('',#921,.T.);
#451=PLANE('',#922);
#452=FACE_OUTER_BOUND('',#923,.T.);
#453=PLANE('',#924);
#454=FACE_BOUND('',#925,.T.);
#455=FACE_OUTER_BOUND('',#926,.T.);
#456=PLANE('',#927);
#457=FACE_BOUND('',#928,.T.);
#458=FACE_OUTER_BOUND('',#929,.T.);
#459=PLANE('',#930);
#460=FACE_OUTER_BOUND('',#931,.T.);
#461=PLANE('',#932);
#462=FACE_OUTER_BOUND('',#933,.T.);
#463=PLANE('',#934);
#464=FACE_OUTER_BOUND('',#935,.T.);
#465=PLANE('',#936);
#466=FACE_OUTER_BOUND('',#937,.T.);
#467=PLANE('',#938);
#468=FACE_OUTER_BOUND('',#939,.T.);
#469=PLANE('',#940);
#470=FACE_OUTER_BOUND('',#941,.T.);
#471=PLANE('',#942);
#472=FACE_OUTER_BOUND('',#943,.T.);
#473=PLANE('',#944);
#474=FACE_OUTER_BOUND('',#945,.T.);
#475=PLANE('',#946);
#476=FACE_OUTER_BOUND('',#947,.T.);
#477=PLANE('',#948);
#478=FACE_OUTER_BOUND('',#949,.T.);
#479=PLANE('',#950);
#480=FACE_OUTER_BOUND('',#951,.T.);
#481=PLANE('',#952);
#482=FACE_OUTER_BOUND('',#953,.T.);
#483=PLANE('',#954);
#484=FACE_OUTER_BOUND('',#955,.T.);
#485=PLANE('',#956);
#486=FACE_OUTER_BOUND('',#957,.T.);
#487=PLANE('',#958);
#488=FACE_OUTER_BOUND('',#959,.T.);
#489=PLANE('',#960);
#490=FACE_OUTER_BOUND('',#961,.T.);
#491=PLANE('',#962);
#492=FACE_OUTER_BOUND('',#963,.T.);
#493=PLANE('',#964);
#494=FACE_OUTER_BOUND('',#965,.T.);
#495=PLANE('',#966);
#496=FACE_OUTER_BOUND('',#967,.T.);
#497=PLANE('',#968);
#498=FACE_OUTER_BOUND('',#969,.T.);
#499=PLANE('',#970);
#500=FACE_OUTER_BOUND('',#971,.T.);
#501=PLANE('',#972);
#502=FACE_OUTER_BOUND('',#973,.T.);
#503=PLANE('',#974);
#504=FACE_OUTER_BOUND('',#975,.T.);
#505=PLANE('',#976);
#506=FACE_OUTER_BOUND('',#977,.T.);
#507=PLANE('',#978);
#508=FACE_OUTER_BOUND('',#979,.T.);
#509=PLANE('',#980);
#510=FACE_OUTER_BOUND('',#981,.T.);
#511=PLANE('',#982);
#512=FACE_OUTER_BOUND('',#983,.T.);
#513=PLANE('',#984);
#514=FACE_OUTER_BOUND('',#985,.T.);
#515=PLANE('',#986);
#516=FACE_OUTER_BOUND('',#987,.T.);
#517=PLANE('',#988);
#518=FACE_OUTER_BOUND('',#989,.T.);
#519=PLANE('',#990);
#520=FACE_OUTER_BOUND('',#991,.T.);
#521=PLANE('',#992);
#522=FACE_OUTER_BOUND('',#993,.T.);
#523=PLANE('',#994);
#524=FACE_OUTER_BOUND('',#995,.T.);
#525=PLANE('',#996);
#526=FACE_OUTER_BOUND('',#997,.T.);
#527=PLANE('',#998);
#528=FACE_OUTER_BOUND('',#999,.T.);
#529=PLANE('',#1000);
#530=FACE_OUTER_BOUND('',#1001,.T.);
#531=PLANE('',#1002);
#532=FACE_OUTER_BOUND('',#1003,.T.);
#533=PLANE('',#1004);
#534=FACE_OUTER_BOUND('',#1005,.T.);
#535=PLANE('',#1006);
#536=FACE_OUTER_BOUND('',#1007,.T.);
#537=PLANE('',#1008);
#538=FACE_OUTER_BOUND('',#1009,.T.);
#539=PLANE('',#1010);
#540=FACE_OUTER_BOUND('',#1011,.T.);
#541=PLANE('',#1012);
#542=FACE_OUTER_BOUND('',#1013,.T.);
#543=PLANE('',#1014);
#544=FACE_OUTER_BOUND('',#1015,.T.);
#545=PLANE('',#1016);
#546=FACE_OUTER_BOUND('',#1017,.T.);
#547=PLANE('',#1018);
#548=FACE_OUTER_BOUND('',#1019,.T.);
#549=PLANE('',#1020);
#550=FACE_OUTER_BOUND('',#1021,.T.);
#551=PLANE('',#1022);
#552=FACE_OUTER_BOUND('',#1023,.T.);
#553=PLANE('',#1024);
#554=FACE_OUTER_BOUND('',#1025,.T.);
#555=PLANE('',#1026);
#556=FACE_OUTER_BOUND('',#1027,.T.);
#557=PLANE('',#1028);
#558=FACE_OUTER_BOUND('',#1029,.T.);
#559=PLANE('',#1030);
#560=FACE_OUTER_BOUND('',#1031,.T.);
#561=PLANE('',#1032);
#562=FACE_OUTER_BOUND('',#1033,.T.);
#563=PLANE('',#1034);
#564=FACE_BOUND('',#1035,.T.);
#565=FACE_OUTER_BOUND('',#1036,.T.);
#566=PLANE('',#1037);
#567=FACE_BOUND('',#1038,.T.);
#568=FACE_OUTER_BOUND('',#1039,.T.);
#569=PLANE('',#1040);
#570=FACE_OUTER_BOUND('',#1041,.T.);
#571=PLANE('',#1042);
#572=FACE_OUTER_BOUND('',#1043,.T.);
#573=PLANE('',#1044);
#574=FACE_OUTER_BOUND('',#1045,.T.);
#575=PLANE('',#1046);
#576=FACE_OUTER_BOUND('',#1047,.T.);
#577=PLANE('',#1048);
#578=FACE_OUTER_BOUND('',#1049,.T.);
#579=PLANE('',#1050);
#580=FACE_OUTER_BOUND('',#1051,.T.);
#581=PLANE('',#1052);
#582=FACE_OUTER_BOUND('',#1053,.T.);
#583=PLANE('',#1054);
#584=FACE_OUTER_BOUND('',#1055,.T.);
#585=PLANE('',#1056);
#586=FACE_BOUND('',#1057,.T.);
#587=FACE_OUTER_BOUND('',#1058,.T.);
#588=PLANE('',#1059);
#589=FACE_BOUND('',#1060,.T.);
#590=FACE_OUTER_BOUND('',#1061,.T.);
#591=PLANE('',#1062);
#592=FACE_OUTER_BOUND('',#1063,.T.);
#593=PLANE('',#1064);
#594=FACE_OUTER_BOUND('',#1065,.T.);
#595=PLANE('',#1066);
#596=FACE_OUTER_BOUND('',#1067,.T.);
#597=PLANE('',#1068);
#598=FACE_OUTER_BOUND('',#1069,.T.);
#599=PLANE('',#1070);
#600=FACE_OUTER_BOUND('',#1071,.T.);
#601=PLANE('',#1072);
#602=FACE_OUTER_BOUND('',#1073,.T.);
#603=PLANE('',#1074);
#604=FACE_OUTER_BOUND('',#1075,.T.);
#605=PLANE('',#1076);
#606=FACE_OUTER_BOUND('',#1077,.T.);
#607=PLANE('',#1078);
#608=FACE_OUTER_BOUND('',#1079,.T.);
#609=PLANE('',#1080);
#610=FACE_OUTER_BOUND('',#1081,.T.);
#611=PLANE('',#1082);
#612=FACE_OUTER_BOUND('',#1083,.T.);
#613=PLANE('',#1084);
#614=FACE_OUTER_BOUND('',#1085,.T.);
#615=PLANE('',#1086);
#616=FACE_OUTER_BOUND('',#1087,.T.);
#617=PLANE('',#1088);
#618=FACE_OUTER_BOUND('',#1089,.T.);
#619=PLANE('',#1090);
#620=FACE_OUTER_BOUND('',#1091,.T.);
#621=CYLINDRICAL_SURFACE('',#1092,0.0398445253430413);
#622=FACE_OUTER_BOUND('',#1093,.T.);
#623=CYLINDRICAL_SURFACE('',#1094,0.0307869913995522);
#624=FACE_OUTER_BOUND('',#1095,.T.);
#625=CYLINDRICAL_SURFACE('',#1096,0.0307869913995522);
#626=FACE_OUTER_BOUND('',#1097,.T.);
#627=CYLINDRICAL_SURFACE('',#1098,0.0398445253430413);
#628=FACE_BOUND('',#1099,.T.);
#629=FACE_OUTER_BOUND('',#1100,.T.);
#630=PLANE('',#1101);
#631=FACE_BOUND('',#1102,.T.);
#632=FACE_OUTER_BOUND('',#1103,.T.);
#633=PLANE('',#1104);
#634=ORIENTED_EDGE('',*,*,#1105,.F.);
#635=ORIENTED_EDGE('',*,*,#1106,.T.);
#636=ORIENTED_EDGE('',*,*,#1107,.F.);
#637=ORIENTED_EDGE('',*,*,#1108,.F.);
#638=CARTESIAN_POINT('',(0.10225,0.0,6.26100676064084E-18));
#639=DIRECTION('',(1.0,-0.0,6.12323399573676E-17));
#640=DIRECTION('',(6.12323399573677E-17,0.0,-1.0));
#641=ORIENTED_EDGE('',*,*,#1109,.F.);
#642=ORIENTED_EDGE('',*,*,#1110,.T.);
#643=ORIENTED_EDGE('',*,*,#1111,.F.);
#644=ORIENTED_EDGE('',*,*,#1106,.F.);
#645=CARTESIAN_POINT('',(0.86725,0.0,5.31037468280271E-17));
#646=DIRECTION('',(-1.0,0.0,-6.12323399573677E-17));
#647=DIRECTION('',(6.12323399573677E-17,0.0,-1.0));
#648=ORIENTED_EDGE('',*,*,#1112,.F.);
#649=ORIENTED_EDGE('',*,*,#1113,.T.);
#650=ORIENTED_EDGE('',*,*,#1114,.F.);
#651=ORIENTED_EDGE('',*,*,#1115,.F.);
#652=CARTESIAN_POINT('',(1.6134,0.0,9.8792257287217E-17));
#653=DIRECTION('',(-1.0,0.0,-6.12323399573677E-17));
#654=DIRECTION('',(-6.12323399573677E-17,0.0,1.0));
#655=ORIENTED_EDGE('',*,*,#1116,.F.);
#656=ORIENTED_EDGE('',*,*,#1117,.T.);
#657=ORIENTED_EDGE('',*,*,#1118,.F.);
#658=ORIENTED_EDGE('',*,*,#1119,.F.);
#659=CARTESIAN_POINT('',(1.83945,0.0,1.1263382773458E-16));
#660=DIRECTION('',(-1.0,0.0,-6.12323399573677E-17));
#661=DIRECTION('',(6.12323399573677E-17,0.0,-1.0));
#662=ORIENTED_EDGE('',*,*,#1120,.F.);
#663=ORIENTED_EDGE('',*,*,#1121,.T.);
#664=ORIENTED_EDGE('',*,*,#1122,.F.);
#665=ORIENTED_EDGE('',*,*,#1123,.F.);
#666=CARTESIAN_POINT('',(2.10375,0.0,1.28817535185312E-16));
#667=DIRECTION('',(-1.0,0.0,-6.12323399573677E-17));
#668=DIRECTION('',(6.12323399573677E-17,0.0,-1.0));
#669=ORIENTED_EDGE('',*,*,#1124,.F.);
#670=ORIENTED_EDGE('',*,*,#1125,.T.);
#671=ORIENTED_EDGE('',*,*,#1126,.F.);
#672=ORIENTED_EDGE('',*,*,#1127,.F.);
#673=CARTESIAN_POINT('',(2.2338,0.0,1.36780800996768E-16));
#674=DIRECTION('',(-1.0,0.0,-6.12323399573677E-17));
#675=DIRECTION('',(6.12323399573677E-17,0.0,-1.0));
#676=ORIENTED_EDGE('',*,*,#1128,.F.);
#677=ORIENTED_EDGE('',*,*,#1129,.T.);
#678=ORIENTED_EDGE('',*,*,#1130,.F.);
#679=ORIENTED_EDGE('',*,*,#1131,.F.);
#680=CARTESIAN_POINT('',(2.36385,0.0,1.44744066808224E-16));
#681=DIRECTION('',(-1.0,0.0,-6.12323399573677E-17));
#682=DIRECTION('',(6.12323399573677E-17,0.0,-1.0));
#683=ORIENTED_EDGE('',*,*,#1132,.F.);
#684=ORIENTED_EDGE('',*,*,#1133,.T.);
#685=ORIENTED_EDGE('',*,*,#1134,.F.);
#686=ORIENTED_EDGE('',*,*,#1135,.F.);
#687=CARTESIAN_POINT('',(3.92435,0.0,2.40297133311696E-16));
#688=DIRECTION('',(-1.0,0.0,-6.12323399573677E-17));
#689=DIRECTION('',(6.12323399573677E-17,0.0,-1.0));
#690=ORIENTED_EDGE('',*,*,#1136,.F.);
#691=ORIENTED_EDGE('',*,*,#1137,.T.);
#692=ORIENTED_EDGE('',*,*,#1138,.F.);
#693=ORIENTED_EDGE('',*,*,#1133,.F.);
#694=CARTESIAN_POINT('',(5.4883,0.0,3.36061451388021E-16));
#695=DIRECTION('',(-1.0,-0.0,-6.12323399573676E-17));
#696=DIRECTION('',(6.12323399573677E-17,0.0,-1.0));
#697=ORIENTED_EDGE('',*,*,#1139,.F.);
#698=ORIENTED_EDGE('',*,*,#1140,.F.);
#699=ORIENTED_EDGE('',*,*,#1141,.F.);
#700=ORIENTED_EDGE('',*,*,#1142,.T.);
#701=CARTESIAN_POINT('',(5.39475,0.0,9.90999497955028E-16));
#702=DIRECTION('',(1.0,-0.0,1.83697019872103E-16));
#703=DIRECTION('',(1.83697019872103E-16,-2.77664168770679E-19,-1.0));
#704=ORIENTED_EDGE('',*,*,#1143,.F.);
#705=ORIENTED_EDGE('',*,*,#1142,.F.);
#706=ORIENTED_EDGE('',*,*,#1144,.F.);
#707=ORIENTED_EDGE('',*,*,#1145,.T.);
#708=CARTESIAN_POINT('',(2.765,0.0,5.07922259946365E-16));
#709=DIRECTION('',(-1.0,-7.07234851011243E-51,-1.83697019872103E-16));
#710=DIRECTION('',(1.83697019872103E-16,-2.77664168770679E-19,-1.0));
#711=ORIENTED_EDGE('',*,*,#1146,.F.);
#712=ORIENTED_EDGE('',*,*,#1145,.F.);
#713=ORIENTED_EDGE('',*,*,#1147,.F.);
#714=ORIENTED_EDGE('',*,*,#1148,.F.);
#715=CARTESIAN_POINT('',(0.13525,0.0,2.48450219377019E-17));
#716=DIRECTION('',(-1.0,-0.0,-1.83697019872103E-16));
#717=DIRECTION('',(1.83697019872103E-16,-2.77664168770679E-19,-1.0));
#718=ORIENTED_EDGE('',*,*,#1146,.T.);
#719=ORIENTED_EDGE('',*,*,#1149,.F.);
#720=ORIENTED_EDGE('',*,*,#1147,.T.);
#721=ORIENTED_EDGE('',*,*,#1150,.F.);
#722=CARTESIAN_POINT('',(0.13525,0.0,2.48450219377019E-17));
#723=DIRECTION('',(-1.0,-0.0,-1.83697019872103E-16));
#724=DIRECTION('',(1.83697019872103E-16,-2.77664168770679E-19,-1.0));
#725=ORIENTED_EDGE('',*,*,#1143,.T.);
#726=ORIENTED_EDGE('',*,*,#1150,.T.);
#727=ORIENTED_EDGE('',*,*,#1144,.T.);
#728=ORIENTED_EDGE('',*,*,#1151,.F.);
#729=CARTESIAN_POINT('',(2.765,0.0,5.07922259946365E-16));
#730=DIRECTION('',(-1.0,-7.07234851011243E-51,-1.83697019872103E-16));
#731=DIRECTION('',(1.83697019872103E-16,-2.77664168770679E-19,-1.0));
#732=ORIENTED_EDGE('',*,*,#1139,.T.);
#733=ORIENTED_EDGE('',*,*,#1151,.T.);
#734=ORIENTED_EDGE('',*,*,#1141,.T.);
#735=ORIENTED_EDGE('',*,*,#1152,.F.);
#736=CARTESIAN_POINT('',(5.39475,0.0,9.90999497955028E-16));
#737=DIRECTION('',(1.0,-0.0,1.83697019872103E-16));
#738=DIRECTION('',(1.83697019872103E-16,-2.77664168770679E-19,-1.0));
#739=ORIENTED_EDGE('',*,*,#1140,.T.);
#740=ORIENTED_EDGE('',*,*,#1152,.T.);
#741=ORIENTED_EDGE('',*,*,#1137,.F.);
#742=ORIENTED_EDGE('',*,*,#1153,.F.);
#743=CARTESIAN_POINT('',(5.53,3.38614839964243E-16,-1.3483));
#744=DIRECTION('',(1.0,0.0,6.12323399573677E-17));
#745=DIRECTION('',(-6.12323399573677E-17,0.0,1.0));
#746=ORIENTED_EDGE('',*,*,#1136,.T.);
#747=ORIENTED_EDGE('',*,*,#1154,.F.);
#748=ORIENTED_EDGE('',*,*,#1138,.T.);
#749=ORIENTED_EDGE('',*,*,#1153,.T.);
#750=CARTESIAN_POINT('',(5.4883,0.0,3.36061451388021E-16));
#751=DIRECTION('',(-1.0,-0.0,-6.12323399573676E-17));
#752=DIRECTION('',(6.12323399573677E-17,0.0,-1.0));
#753=ORIENTED_EDGE('',*,*,#1132,.T.);
#754=ORIENTED_EDGE('',*,*,#1155,.F.);
#755=ORIENTED_EDGE('',*,*,#1134,.T.);
#756=ORIENTED_EDGE('',*,*,#1154,.T.);
#757=CARTESIAN_POINT('',(3.92435,0.0,2.40297133311696E-16));
#758=DIRECTION('',(-1.0,0.0,-6.12323399573677E-17));
#759=DIRECTION('',(6.12323399573677E-17,0.0,-1.0));
#760=ORIENTED_EDGE('',*,*,#1129,.F.);
#761=ORIENTED_EDGE('',*,*,#1156,.F.);
#762=ORIENTED_EDGE('',*,*,#1135,.T.);
#763=ORIENTED_EDGE('',*,*,#1155,.T.);
#764=CARTESIAN_POINT('',(2.4021,1.47086203811593E-16,-2.74175));
#765=DIRECTION('',(-1.0,0.0,-6.12323399573677E-17));
#766=DIRECTION('',(6.12323399573677E-17,0.0,-1.0));
#767=ORIENTED_EDGE('',*,*,#1128,.T.);
#768=ORIENTED_EDGE('',*,*,#1157,.F.);
#769=ORIENTED_EDGE('',*,*,#1130,.T.);
#770=ORIENTED_EDGE('',*,*,#1156,.T.);
#771=CARTESIAN_POINT('',(2.36385,0.0,1.44744066808224E-16));
#772=DIRECTION('',(-1.0,0.0,-6.12323399573677E-17));
#773=DIRECTION('',(6.12323399573677E-17,0.0,-1.0));
#774=ORIENTED_EDGE('',*,*,#1125,.F.);
#775=ORIENTED_EDGE('',*,*,#1158,.F.);
#776=ORIENTED_EDGE('',*,*,#1131,.T.);
#777=ORIENTED_EDGE('',*,*,#1157,.T.);
#778=CARTESIAN_POINT('',(2.3256,1.42401929804854E-16,-2.74175));
#779=DIRECTION('',(1.0,0.0,6.12323399573677E-17));
#780=DIRECTION('',(-6.12323399573677E-17,0.0,1.0));
#781=ORIENTED_EDGE('',*,*,#1124,.T.);
#782=ORIENTED_EDGE('',*,*,#1159,.F.);
#783=ORIENTED_EDGE('',*,*,#1126,.T.);
#784=ORIENTED_EDGE('',*,*,#1158,.T.);
#785=CARTESIAN_POINT('',(2.2338,0.0,1.36780800996768E-16));
#786=DIRECTION('',(-1.0,0.0,-6.12323399573677E-17));
#787=DIRECTION('',(6.12323399573677E-17,0.0,-1.0));
#788=ORIENTED_EDGE('',*,*,#1121,.F.);
#789=ORIENTED_EDGE('',*,*,#1160,.F.);
#790=ORIENTED_EDGE('',*,*,#1127,.T.);
#791=ORIENTED_EDGE('',*,*,#1159,.T.);
#792=CARTESIAN_POINT('',(2.142,1.31159672188681E-16,-2.74175));
#793=DIRECTION('',(-1.0,0.0,-6.12323399573677E-17));
#794=DIRECTION('',(6.12323399573677E-17,0.0,-1.0));
#795=ORIENTED_EDGE('',*,*,#1120,.T.);
#796=ORIENTED_EDGE('',*,*,#1161,.F.);
#797=ORIENTED_EDGE('',*,*,#1122,.T.);
#798=ORIENTED_EDGE('',*,*,#1160,.T.);
#799=CARTESIAN_POINT('',(2.10375,0.0,1.28817535185312E-16));
#800=DIRECTION('',(-1.0,0.0,-6.12323399573677E-17));
#801=DIRECTION('',(6.12323399573677E-17,0.0,-1.0));
#802=ORIENTED_EDGE('',*,*,#1117,.F.);
#803=ORIENTED_EDGE('',*,*,#1162,.F.);
#804=ORIENTED_EDGE('',*,*,#1123,.T.);
#805=ORIENTED_EDGE('',*,*,#1161,.T.);
#806=CARTESIAN_POINT('',(2.0655,1.26475398181943E-16,-2.74175));
#807=DIRECTION('',(1.0,0.0,6.12323399573677E-17));
#808=DIRECTION('',(-6.12323399573677E-17,0.0,1.0));
#809=ORIENTED_EDGE('',*,*,#1116,.T.);
#810=ORIENTED_EDGE('',*,*,#1113,.F.);
#811=ORIENTED_EDGE('',*,*,#1118,.T.);
#812=ORIENTED_EDGE('',*,*,#1162,.T.);
#813=CARTESIAN_POINT('',(1.83945,0.0,1.1263382773458E-16));
#814=DIRECTION('',(-1.0,0.0,-6.12323399573677E-17));
#815=DIRECTION('',(6.12323399573677E-17,0.0,-1.0));
#816=ORIENTED_EDGE('',*,*,#1112,.T.);
#817=ORIENTED_EDGE('',*,*,#1163,.F.);
#818=ORIENTED_EDGE('',*,*,#1114,.T.);
#819=ORIENTED_EDGE('',*,*,#1119,.T.);
#820=CARTESIAN_POINT('',(1.6134,0.0,9.8792257287217E-17));
#821=DIRECTION('',(-1.0,0.0,-6.12323399573677E-17));
#822=DIRECTION('',(-6.12323399573677E-17,0.0,1.0));
#823=ORIENTED_EDGE('',*,*,#1110,.F.);
#824=ORIENTED_EDGE('',*,*,#1164,.F.);
#825=ORIENTED_EDGE('',*,*,#1163,.T.);
#826=ORIENTED_EDGE('',*,*,#1115,.T.);
#827=CARTESIAN_POINT('',(1.53,9.36854801347725E-17,-2.3708));
#828=DIRECTION('',(-1.0,0.0,-6.12323399573677E-17));
#829=DIRECTION('',(6.12323399573677E-17,0.0,-1.0));
#830=ORIENTED_EDGE('',*,*,#1109,.T.);
#831=ORIENTED_EDGE('',*,*,#1165,.F.);
#832=ORIENTED_EDGE('',*,*,#1111,.T.);
#833=ORIENTED_EDGE('',*,*,#1164,.T.);
#834=CARTESIAN_POINT('',(0.86725,0.0,5.31037468280271E-17));
#835=DIRECTION('',(-1.0,0.0,-6.12323399573677E-17));
#836=DIRECTION('',(6.12323399573677E-17,0.0,-1.0));
#837=ORIENTED_EDGE('',*,*,#1105,.T.);
#838=ORIENTED_EDGE('',*,*,#1166,.F.);
#839=ORIENTED_EDGE('',*,*,#1107,.T.);
#840=ORIENTED_EDGE('',*,*,#1165,.T.);
#841=CARTESIAN_POINT('',(0.10225,0.0,6.26100676064084E-18));
#842=DIRECTION('',(1.0,-0.0,6.12323399573676E-17));
#843=DIRECTION('',(6.12323399573677E-17,0.0,-1.0));
#844=ORIENTED_EDGE('',*,*,#1149,.T.);
#845=ORIENTED_EDGE('',*,*,#1148,.T.);
#846=ORIENTED_EDGE('',*,*,#1108,.T.);
#847=ORIENTED_EDGE('',*,*,#1166,.T.);
#848=CARTESIAN_POINT('',(5.63490608457676E-17,0.0,-0.92025));
#849=DIRECTION('',(-1.0,0.0,-6.12323399573677E-17));
#850=DIRECTION('',(6.12323399573677E-17,0.0,-1.0));
#851=EDGE_LOOP('',(#1167,#1168,#1169,#1170));
#852=AXIS2_PLACEMENT_3D('',#1171,#1172,#1173);
#853=EDGE_LOOP('',(#1174,#1175,#1176,#1177));
#854=AXIS2_PLACEMENT_3D('',#1178,#1179,#1180);
#855=EDGE_LOOP('',(#1181,#1182,#1183,#1184));
#856=AXIS2_PLACEMENT_3D('',#1185,#1186,#1187);
#857=EDGE_LOOP('',(#1188,#1189,#1190,#1191));
#858=AXIS2_PLACEMENT_3D('',#1192,#1193,#1194);
#859=EDGE_LOOP('',(#1195,#1196,#1197,#1198));
#860=AXIS2_PLACEMENT_3D('',#1199,#1200,#1201);
#861=EDGE_LOOP('',(#1202,#1203,#1204,#1205));
#862=AXIS2_PLACEMENT_3D('',#1206,#1207,#1208);
#863=EDGE_LOOP('',(#1209,#1210,#1211,#1212));
#864=AXIS2_PLACEMENT_3D('',#1213,#1214,#1215);
#865=EDGE_LOOP('',(#1216,#1217,#1218,#1219));
#866=AXIS2_PLACEMENT_3D('',#1220,#1221,#1222);
#867=EDGE_LOOP('',(#1223,#1224,#1225,#1226));
#868=AXIS2_PLACEMENT_3D('',#1227,#1228,#1229);
#869=EDGE_LOOP('',(#1230,#1231,#1232,#1233));
#870=AXIS2_PLACEMENT_3D('',#1234,#1235,#1236);
#871=EDGE_LOOP('',(#1237,#1238,#1239,#1240));
#872=AXIS2_PLACEMENT_3D('',#1241,#1242,#1243);
#873=EDGE_LOOP('',(#1244,#1245,#1246,#1247));
#874=AXIS2_PLACEMENT_3D('',#1248,#1249,#1250);
#875=EDGE_LOOP('',(#1251,#1252,#1253,#1254));
#876=AXIS2_PLACEMENT_3D('',#1255,#1256,#1257);
#877=EDGE_LOOP('',(#1258,#1259,#1260,#1261));
#878=AXIS2_PLACEMENT_3D('',#1262,#1263,#1264);
#879=EDGE_LOOP('',(#1265,#1266));
#880=AXIS2_PLACEMENT_3D('',#1267,#1268,#1269);
#881=EDGE_LOOP('',(#1270,#1271));
#882=AXIS2_PLACEMENT_3D('',#1272,#1273,#1274);
#883=EDGE_LOOP('',(#1275,#1276,#1277,#1278));
#884=AXIS2_PLACEMENT_3D('',#1279,#1280,#1281);
#885=EDGE_LOOP('',(#1282,#1283,#1284,#1285));
#886=AXIS2_PLACEMENT_3D('',#1286,#1287,#1288);
#887=EDGE_LOOP('',(#1289,#1290,#1291,#1292));
#888=AXIS2_PLACEMENT_3D('',#1293,#1294,#1295);
#889=EDGE_LOOP('',(#1296,#1297,#1298,#1299));
#890=AXIS2_PLACEMENT_3D('',#1300,#1301,#1302);
#891=EDGE_LOOP('',(#1303,#1304,#1305,#1306));
#892=AXIS2_PLACEMENT_3D('',#1307,#1308,#1309);
#893=EDGE_LOOP('',(#1310,#1311));
#894=AXIS2_PLACEMENT_3D('',#1312,#1313,#1314);
#895=EDGE_LOOP('',(#1315,#1316));
#896=AXIS2_PLACEMENT_3D('',#1317,#1318,#1319);
#897=EDGE_LOOP('',(#1320,#1321,#1322,#1323));
#898=AXIS2_PLACEMENT_3D('',#1324,#1325,#1326);
#899=EDGE_LOOP('',(#1327,#1328,#1329,#1330));
#900=AXIS2_PLACEMENT_3D('',#1331,#1332,#1333);
#901=EDGE_LOOP('',(#1334,#1335,#1336,#1337));
#902=AXIS2_PLACEMENT_3D('',#1338,#1339,#1340);
#903=EDGE_LOOP('',(#1341,#1342,#1343,#1344));
#904=AXIS2_PLACEMENT_3D('',#1345,#1346,#1347);
#905=EDGE_LOOP('',(#1348,#1349,#1350,#1351));
#906=AXIS2_PLACEMENT_3D('',#1352,#1353,#1354);
#907=EDGE_LOOP('',(#1355,#1356,#1357,#1358));
#908=AXIS2_PLACEMENT_3D('',#1359,#1360,#1361);
#909=EDGE_LOOP('',(#1362,#1363,#1364,#1365));
#910=AXIS2_PLACEMENT_3D('',#1366,#1367,#1368);
#911=EDGE_LOOP('',(#1369,#1370,#1371,#1372));
#912=AXIS2_PLACEMENT_3D('',#1373,#1374,#1375);
#913=EDGE_LOOP('',(#1376,#1377,#1378,#1379));
#914=AXIS2_PLACEMENT_3D('',#1380,#1381,#1382);
#915=EDGE_LOOP('',(#1383,#1384,#1385,#1386));
#916=AXIS2_PLACEMENT_3D('',#1387,#1388,#1389);
#917=EDGE_LOOP('',(#1390,#1391,#1392,#1393));
#918=AXIS2_PLACEMENT_3D('',#1394,#1395,#1396);
#919=EDGE_LOOP('',(#1397,#1398,#1399,#1400));
#920=AXIS2_PLACEMENT_3D('',#1401,#1402,#1403);
#921=EDGE_LOOP('',(#1404,#1405,#1406,#1407));
#922=AXIS2_PLACEMENT_3D('',#1408,#1409,#1410);
#923=EDGE_LOOP('',(#1411,#1412,#1413,#1414));
#924=AXIS2_PLACEMENT_3D('',#1415,#1416,#1417);
#925=EDGE_LOOP('',(#1418,#1419,#1420,#1421,#1422,#1423,#1424,#1425,#1426));
#926=EDGE_LOOP('',(#1427,#1428,#1429,#1430,#1431,#1432,#1433,#1434,#1435,#1436,#1437,#1438,#1439,#1440,#1441,#1442,#1443,#1444,#1445,#1446,#1447,#1448,#1449,#1450));
#927=AXIS2_PLACEMENT_3D('',#1451,#1452,#1453);
#928=EDGE_LOOP('',(#1454,#1455,#1456,#1457,#1458,#1459,#1460,#1461,#1462));
#929=EDGE_LOOP('',(#1463,#1464,#1465,#1466,#1467,#1468,#1469,#1470,#1471,#1472,#1473,#1474,#1475,#1476,#1477,#1478,#1479,#1480,#1481,#1482,#1483,#1484,#1485,#1486));
#930=AXIS2_PLACEMENT_3D('',#1487,#1488,#1489);
#931=EDGE_LOOP('',(#1490,#1491,#1492,#1493));
#932=AXIS2_PLACEMENT_3D('',#1494,#1495,#1496);
#933=EDGE_LOOP('',(#1497,#1498,#1499,#1500));
#934=AXIS2_PLACEMENT_3D('',#1501,#1502,#1503);
#935=EDGE_LOOP('',(#1504,#1505,#1506,#1507));
#936=AXIS2_PLACEMENT_3D('',#1508,#1509,#1510);
#937=EDGE_LOOP('',(#1511,#1512,#1513,#1514));
#938=AXIS2_PLACEMENT_3D('',#1515,#1516,#1517);
#939=EDGE_LOOP('',(#1518,#1519,#1520,#1521));
#940=AXIS2_PLACEMENT_3D('',#1522,#1523,#1524);
#941=EDGE_LOOP('',(#1525,#1526,#1527,#1528));
#942=AXIS2_PLACEMENT_3D('',#1529,#1530,#1531);
#943=EDGE_LOOP('',(#1532,#1533,#1534,#1535));
#944=AXIS2_PLACEMENT_3D('',#1536,#1537,#1538);
#945=EDGE_LOOP('',(#1539,#1540,#1541,#1542));
#946=AXIS2_PLACEMENT_3D('',#1543,#1544,#1545);
#947=EDGE_LOOP('',(#1546,#1547,#1548,#1549));
#948=AXIS2_PLACEMENT_3D('',#1550,#1551,#1552);
#949=EDGE_LOOP('',(#1553,#1554,#1555,#1556));
#950=AXIS2_PLACEMENT_3D('',#1557,#1558,#1559);
#951=EDGE_LOOP('',(#1560,#1561,#1562,#1563));
#952=AXIS2_PLACEMENT_3D('',#1564,#1565,#1566);
#953=EDGE_LOOP('',(#1567,#1568,#1569,#1570));
#954=AXIS2_PLACEMENT_3D('',#1571,#1572,#1573);
#955=EDGE_LOOP('',(#1574,#1575,#1576,#1577,#1578,#1579,#1580,#1581,#1582,#1583,#1584,#1585));
#956=AXIS2_PLACEMENT_3D('',#1586,#1587,#1588);
#957=EDGE_LOOP('',(#1589,#1590,#1591,#1592,#1593,#1594,#1595,#1596,#1597,#1598,#1599,#1600));
#958=AXIS2_PLACEMENT_3D('',#1601,#1602,#1603);
#959=EDGE_LOOP('',(#1604,#1605,#1606,#1607));
#960=AXIS2_PLACEMENT_3D('',#1608,#1609,#1610);
#961=EDGE_LOOP('',(#1611,#1612,#1613,#1614));
#962=AXIS2_PLACEMENT_3D('',#1615,#1616,#1617);
#963=EDGE_LOOP('',(#1618,#1619,#1620,#1621));
#964=AXIS2_PLACEMENT_3D('',#1622,#1623,#1624);
#965=EDGE_LOOP('',(#1625,#1626,#1627,#1628));
#966=AXIS2_PLACEMENT_3D('',#1629,#1630,#1631);
#967=EDGE_LOOP('',(#1632,#1633,#1634,#1635));
#968=AXIS2_PLACEMENT_3D('',#1636,#1637,#1638);
#969=EDGE_LOOP('',(#1639,#1640,#1641,#1642));
#970=AXIS2_PLACEMENT_3D('',#1643,#1644,#1645);
#971=EDGE_LOOP('',(#1646,#1647,#1648,#1649));
#972=AXIS2_PLACEMENT_3D('',#1650,#1651,#1652);
#973=EDGE_LOOP('',(#1653,#1654,#1655,#1656));
#974=AXIS2_PLACEMENT_3D('',#1657,#1658,#1659);
#975=EDGE_LOOP('',(#1660,#1661,#1662,#1663));
#976=AXIS2_PLACEMENT_3D('',#1664,#1665,#1666);
#977=EDGE_LOOP('',(#1667,#1668,#1669,#1670));
#978=AXIS2_PLACEMENT_3D('',#1671,#1672,#1673);
#979=EDGE_LOOP('',(#1674,#1675,#1676,#1677));
#980=AXIS2_PLACEMENT_3D('',#1678,#1679,#1680);
#981=EDGE_LOOP('',(#1681,#1682,#1683,#1684));
#982=AXIS2_PLACEMENT_3D('',#1685,#1686,#1687);
#983=EDGE_LOOP('',(#1688,#1689,#1690,#1691));
#984=AXIS2_PLACEMENT_3D('',#1692,#1693,#1694);
#985=EDGE_LOOP('',(#1695,#1696,#1697,#1698));
#986=AXIS2_PLACEMENT_3D('',#1699,#1700,#1701);
#987=EDGE_LOOP('',(#1702,#1703,#1704,#1705));
#988=AXIS2_PLACEMENT_3D('',#1706,#1707,#1708);
#989=EDGE_LOOP('',(#1709,#1710,#1711,#1712));
#990=AXIS2_PLACEMENT_3D('',#1713,#1714,#1715);
#991=EDGE_LOOP('',(#1716,#1717,#1718,#1719));
#992=AXIS2_PLACEMENT_3D('',#1720,#1721,#1722);
#993=EDGE_LOOP('',(#1723,#1724,#1725,#1726));
#994=AXIS2_PLACEMENT_3D('',#1727,#1728,#1729);
#995=EDGE_LOOP('',(#1730,#1731,#1732,#1733));
#996=AXIS2_PLACEMENT_3D('',#1734,#1735,#1736);
#997=EDGE_LOOP('',(#1737,#1738,#1739,#1740));
#998=AXIS2_PLACEMENT_3D('',#1741,#1742,#1743);
#999=EDGE_LOOP('',(#1744,#1745,#1746,#1747));
#1000=AXIS2_PLACEMENT_3D('',#1748,#1749,#1750);
#1001=EDGE_LOOP('',(#1751,#1752,#1753,#1754));
#1002=AXIS2_PLACEMENT_3D('',#1755,#1756,#1757);
#1003=EDGE_LOOP('',(#1758,#1759,#1760,#1761));
#1004=AXIS2_PLACEMENT_3D('',#1762,#1763,#1764);
#1005=EDGE_LOOP('',(#1765,#1766,#1767,#1768));
#1006=AXIS2_PLACEMENT_3D('',#1769,#1770,#1771);
#1007=EDGE_LOOP('',(#1772,#1773,#1774,#1775));
#1008=AXIS2_PLACEMENT_3D('',#1776,#1777,#1778);
#1009=EDGE_LOOP('',(#1779,#1780,#1781,#1782));
#1010=AXIS2_PLACEMENT_3D('',#1783,#1784,#1785);
#1011=EDGE_LOOP('',(#1786,#1787,#1788,#1789));
#1012=AXIS2_PLACEMENT_3D('',#1790,#1791,#1792);
#1013=EDGE_LOOP('',(#1793,#1794,#1795,#1796));
#1014=AXIS2_PLACEMENT_3D('',#1797,#1798,#1799);
#1015=EDGE_LOOP('',(#1800,#1801,#1802,#1803));
#1016=AXIS2_PLACEMENT_3D('',#1804,#1805,#1806);
#1017=EDGE_LOOP('',(#1807,#1808,#1809,#1810));
#1018=AXIS2_PLACEMENT_3D('',#1811,#1812,#1813);
#1019=EDGE_LOOP('',(#1814,#1815,#1816,#1817));
#1020=AXIS2_PLACEMENT_3D('',#1818,#1819,#1820);
#1021=EDGE_LOOP('',(#1821,#1822,#1823,#1824));
#1022=AXIS2_PLACEMENT_3D('',#1825,#1826,#1827);
#1023=EDGE_LOOP('',(#1828,#1829,#1830,#1831));
#1024=AXIS2_PLACEMENT_3D('',#1832,#1833,#1834);
#1025=EDGE_LOOP('',(#1835,#1836,#1837,#1838));
#1026=AXIS2_PLACEMENT_3D('',#1839,#1840,#1841);
#1027=EDGE_LOOP('',(#1842,#1843,#1844,#1845));
#1028=AXIS2_PLACEMENT_3D('',#1846,#1847,#1848);
#1029=EDGE_LOOP('',(#1849,#1850,#1851,#1852));
#1030=AXIS2_PLACEMENT_3D('',#1853,#1854,#1855);
#1031=EDGE_LOOP('',(#1856,#1857,#1858,#1859));
#1032=AXIS2_PLACEMENT_3D('',#1860,#1861,#1862);
#1033=EDGE_LOOP('',(#1863,#1864,#1865,#1866));
#1034=AXIS2_PLACEMENT_3D('',#1867,#1868,#1869);
#1035=EDGE_LOOP('',(#1870,#1871,#1872,#1873,#1874,#1875,#1876,#1877,#1878,#1879,#1880,#1881,#1882,#1883));
#1036=EDGE_LOOP('',(#1884,#1885,#1886,#1887,#1888,#1889,#1890,#1891,#1892,#1893,#1894,#1895,#1896,#1897,#1898,#1899,#1900,#1901,#1902,#1903,#1904,#1905,#1906,#1907));
#1037=AXIS2_PLACEMENT_3D('',#1908,#1909,#1910);
#1038=EDGE_LOOP('',(#1911,#1912,#1913,#1914,#1915,#1916,#1917,#1918,#1919,#1920,#1921,#1922,#1923,#1924));
#1039=EDGE_LOOP('',(#1925,#1926,#1927,#1928,#1929,#1930,#1931,#1932,#1933,#1934,#1935,#1936,#1937,#1938,#1939,#1940,#1941,#1942,#1943,#1944,#1945,#1946,#1947,#1948));
#1040=AXIS2_PLACEMENT_3D('',#1949,#1950,#1951);
#1041=EDGE_LOOP('',(#1952,#1953,#1954,#1955));
#1042=AXIS2_PLACEMENT_3D('',#1956,#1957,#1958);
#1043=EDGE_LOOP('',(#1959,#1960,#1961,#1962));
#1044=AXIS2_PLACEMENT_3D('',#1963,#1964,#1965);
#1045=EDGE_LOOP('',(#1966,#1967,#1968,#1969));
#1046=AXIS2_PLACEMENT_3D('',#1970,#1971,#1972);
#1047=EDGE_LOOP('',(#1973,#1974,#1975,#1976));
#1048=AXIS2_PLACEMENT_3D('',#1977,#1978,#1979);
#1049=EDGE_LOOP('',(#1980,#1981,#1982,#1983));
#1050=AXIS2_PLACEMENT_3D('',#1984,#1985,#1986);
#1051=EDGE_LOOP('',(#1987,#1988,#1989,#1990));
#1052=AXIS2_PLACEMENT_3D('',#1991,#1992,#1993);
#1053=EDGE_LOOP('',(#1994,#1995,#1996,#1997));
#1054=AXIS2_PLACEMENT_3D('',#1998,#1999,#2000);
#1055=EDGE_LOOP('',(#2001,#2002,#2003,#2004));
#1056=AXIS2_PLACEMENT_3D('',#2005,#2006,#2007);
#1057=EDGE_LOOP('',(#2008,#2009,#2010));
#1058=EDGE_LOOP('',(#2011,#2012,#2013,#2014,#2015));
#1059=AXIS2_PLACEMENT_3D('',#2016,#2017,#2018);
#1060=EDGE_LOOP('',(#2019,#2020,#2021));
#1061=EDGE_LOOP('',(#2022,#2023,#2024,#2025,#2026));
#1062=AXIS2_PLACEMENT_3D('',#2027,#2028,#2029);
#1063=EDGE_LOOP('',(#2030,#2031,#2032,#2033));
#1064=AXIS2_PLACEMENT_3D('',#2034,#2035,#2036);
#1065=EDGE_LOOP('',(#2037,#2038,#2039,#2040));
#1066=AXIS2_PLACEMENT_3D('',#2041,#2042,#2043);
#1067=EDGE_LOOP('',(#2044,#2045,#2046,#2047));
#1068=AXIS2_PLACEMENT_3D('',#2048,#2049,#2050);
#1069=EDGE_LOOP('',(#2051,#2052,#2053,#2054));
#1070=AXIS2_PLACEMENT_3D('',#2055,#2056,#2057);
#1071=EDGE_LOOP('',(#2058,#2059,#2060,#2061));
#1072=AXIS2_PLACEMENT_3D('',#2062,#2063,#2064);
#1073=EDGE_LOOP('',(#2065,#2066,#2067,#2068));
#1074=AXIS2_PLACEMENT_3D('',#2069,#2070,#2071);
#1075=EDGE_LOOP('',(#2072,#2073,#2074,#2075));
#1076=AXIS2_PLACEMENT_3D('',#2076,#2077,#2078);
#1077=EDGE_LOOP('',(#2079,#2080,#2081,#2082));
#1078=AXIS2_PLACEMENT_3D('',#2083,#2084,#2085);
#1079=EDGE_LOOP('',(#2086,#2087,#2088,#2089));
#1080=AXIS2_PLACEMENT_3D('',#2090,#2091,#2092);
#1081=EDGE_LOOP('',(#2093,#2094,#2095,#2096));
#1082=AXIS2_PLACEMENT_3D('',#2097,#2098,#2099);
#1083=EDGE_LOOP('',(#2100,#2101,#2102,#2103));
#1084=AXIS2_PLACEMENT_3D('',#2104,#2105,#2106);
#1085=EDGE_LOOP('',(#2107,#2108,#2109,#2110));
#1086=AXIS2_PLACEMENT_3D('',#2111,#2112,#2113);
#1087=EDGE_LOOP('',(#2114,#2115,#2116,#2117,#2118,#2119,#2120,#2121,#2122,#2123,#2124,#2125));
#1088=AXIS2_PLACEMENT_3D('',#2126,#2127,#2128);
#1089=EDGE_LOOP('',(#2129,#2130,#2131,#2132,#2133,#2134,#2135,#2136,#2137,#2138,#2139,#2140));
#1090=AXIS2_PLACEMENT_3D('',#2141,#2142,#2143);
#1091=EDGE_LOOP('',(#2144,#2145,#2146,#2147));
#1092=AXIS2_PLACEMENT_3D('',#2148,#2149,#2150);
#1093=EDGE_LOOP('',(#2151,#2152,#2153,#2154));
#1094=AXIS2_PLACEMENT_3D('',#2155,#2156,#2157);
#1095=EDGE_LOOP('',(#2158,#2159,#2160,#2161));
#1096=AXIS2_PLACEMENT_3D('',#2162,#2163,#2164);
#1097=EDGE_LOOP('',(#2165,#2166,#2167,#2168));
#1098=AXIS2_PLACEMENT_3D('',#2169,#2170,#2171);
#1099=EDGE_LOOP('',(#2172,#2173));
#1100=EDGE_LOOP('',(#2174,#2175));
#1101=AXIS2_PLACEMENT_3D('',#2176,#2177,#2178);
#1102=EDGE_LOOP('',(#2179,#2180));
#1103=EDGE_LOOP('',(#2181,#2182));
#1104=AXIS2_PLACEMENT_3D('',#2183,#2184,#2185);
#1105=EDGE_CURVE('',#2186,#2187,#2188,.T.);
#1106=EDGE_CURVE('',#2186,#2189,#2190,.T.);
#1107=EDGE_CURVE('',#2191,#2189,#2192,.T.);
#1108=EDGE_CURVE('',#2187,#2191,#2193,.T.);
#1109=EDGE_CURVE('',#2194,#2186,#2195,.T.);
#1110=EDGE_CURVE('',#2194,#2196,#2197,.T.);
#1111=EDGE_CURVE('',#2189,#2196,#2198,.T.);
#1112=EDGE_CURVE('',#2199,#2200,#2201,.T.);
#1113=EDGE_CURVE('',#2199,#2202,#2203,.T.);
#1114=EDGE_CURVE('',#2204,#2202,#2205,.T.);
#1115=EDGE_CURVE('',#2200,#2204,#2206,.T.);
#1116=EDGE_CURVE('',#2207,#2202,#2208,.T.);
#1117=EDGE_CURVE('',#2207,#2209,#2210,.T.);
#1118=EDGE_CURVE('',#2199,#2209,#2211,.T.);
#1119=EDGE_CURVE('',#2202,#2199,#2212,.T.);
#1120=EDGE_CURVE('',#2213,#2214,#2215,.T.);
#1121=EDGE_CURVE('',#2213,#2216,#2217,.T.);
#1122=EDGE_CURVE('',#2218,#2216,#2219,.T.);
#1123=EDGE_CURVE('',#2214,#2218,#2220,.T.);
#1124=EDGE_CURVE('',#2221,#2222,#2223,.T.);
#1125=EDGE_CURVE('',#2221,#2224,#2225,.T.);
#1126=EDGE_CURVE('',#2226,#2224,#2227,.T.);
#1127=EDGE_CURVE('',#2222,#2226,#2228,.T.);
#1128=EDGE_CURVE('',#2229,#2230,#2231,.T.);
#1129=EDGE_CURVE('',#2229,#2232,#2233,.T.);
#1130=EDGE_CURVE('',#2234,#2232,#2235,.T.);
#1131=EDGE_CURVE('',#2230,#2234,#2236,.T.);
#1132=EDGE_CURVE('',#2237,#2238,#2239,.T.);
#1133=EDGE_CURVE('',#2237,#2240,#2241,.T.);
#1134=EDGE_CURVE('',#2242,#2240,#2243,.T.);
#1135=EDGE_CURVE('',#2238,#2242,#2244,.T.);
#1136=EDGE_CURVE('',#2245,#2237,#2246,.T.);
#1137=EDGE_CURVE('',#2245,#2247,#2248,.T.);
#1138=EDGE_CURVE('',#2240,#2247,#2249,.T.);
#1139=EDGE_CURVE('',#2250,#2251,#2252,.T.);
#1140=EDGE_CURVE('',#2253,#2250,#2254,.T.);
#1141=EDGE_CURVE('',#2255,#2253,#2256,.T.);
#1142=EDGE_CURVE('',#2255,#2251,#2257,.T.);
#1143=EDGE_CURVE('',#2251,#2258,#2259,.T.);
#1144=EDGE_CURVE('',#2260,#2255,#2261,.T.);
#1145=EDGE_CURVE('',#2260,#2258,#2262,.T.);
#1146=EDGE_CURVE('',#2258,#2263,#2264,.T.);
#1147=EDGE_CURVE('',#2265,#2260,#2266,.T.);
#1148=EDGE_CURVE('',#2263,#2265,#2267,.T.);
#1149=EDGE_CURVE('',#2265,#2263,#2268,.T.);
#1150=EDGE_CURVE('',#2258,#2260,#2269,.T.);
#1151=EDGE_CURVE('',#2251,#2255,#2270,.T.);
#1152=EDGE_CURVE('',#2250,#2253,#2271,.T.);
#1153=EDGE_CURVE('',#2247,#2245,#2272,.T.);
#1154=EDGE_CURVE('',#2240,#2237,#2273,.T.);
#1155=EDGE_CURVE('',#2242,#2238,#2274,.T.);
#1156=EDGE_CURVE('',#2232,#2229,#2275,.T.);
#1157=EDGE_CURVE('',#2234,#2230,#2276,.T.);
#1158=EDGE_CURVE('',#2224,#2221,#2277,.T.);
#1159=EDGE_CURVE('',#2226,#2222,#2278,.T.);
#1160=EDGE_CURVE('',#2216,#2213,#2279,.T.);
#1161=EDGE_CURVE('',#2218,#2214,#2280,.T.);
#1162=EDGE_CURVE('',#2209,#2207,#2281,.T.);
#1163=EDGE_CURVE('',#2204,#2200,#2282,.T.);
#1164=EDGE_CURVE('',#2196,#2194,#2283,.T.);
#1165=EDGE_CURVE('',#2189,#2186,#2284,.T.);
#1166=EDGE_CURVE('',#2191,#2187,#2285,.T.);
#1167=ORIENTED_EDGE('',*,*,#2286,.T.);
#1168=ORIENTED_EDGE('',*,*,#2287,.F.);
#1169=ORIENTED_EDGE('',*,*,#2288,.T.);
#1170=ORIENTED_EDGE('',*,*,#2289,.T.);
#1171=CARTESIAN_POINT('',(1.7345,0.441886468313366,2.49116337358303));
#1172=DIRECTION('',(0.0,-1.0,0.0));
#1173=DIRECTION('',(0.0,0.0,-1.0));
#1174=ORIENTED_EDGE('',*,*,#2290,.T.);
#1175=ORIENTED_EDGE('',*,*,#2291,.F.);
#1176=ORIENTED_EDGE('',*,*,#2292,.T.);
#1177=ORIENTED_EDGE('',*,*,#2287,.T.);
#1178=CARTESIAN_POINT('',(1.7345,0.443880217570185,2.49705534899871));
#1179=DIRECTION('',(0.0,-0.108985474873041,0.994043342247559));
#1180=DIRECTION('',(0.0,-0.994043342247559,-0.108985474873041));
#1181=ORIENTED_EDGE('',*,*,#2293,.T.);
#1182=ORIENTED_EDGE('',*,*,#2294,.F.);
#1183=ORIENTED_EDGE('',*,*,#2295,.T.);
#1184=ORIENTED_EDGE('',*,*,#2291,.T.);
#1185=CARTESIAN_POINT('',(1.7345,0.447697673503284,2.49724877243407));
#1186=DIRECTION('',(0.0,0.0,1.0));
#1187=DIRECTION('',(0.0,-1.0,0.0));
#1188=ORIENTED_EDGE('',*,*,#2296,.T.);
#1189=ORIENTED_EDGE('',*,*,#2297,.F.);
#1190=ORIENTED_EDGE('',*,*,#2298,.T.);
#1191=ORIENTED_EDGE('',*,*,#2294,.T.);
#1192=CARTESIAN_POINT('',(1.7345,0.450860465501308,2.49643256804748));
#1193=DIRECTION('',(0.0,0.324843336709855,0.945767839691754));
#1194=DIRECTION('',(0.0,-0.945767839691754,0.324843336709855));
#1195=ORIENTED_EDGE('',*,*,#2299,.T.);
#1196=ORIENTED_EDGE('',*,*,#2300,.F.);
#1197=ORIENTED_EDGE('',*,*,#2301,.T.);
#1198=ORIENTED_EDGE('',*,*,#2297,.T.);
#1199=CARTESIAN_POINT('',(1.7345,0.454261317112087,2.49398820595224));
#1200=DIRECTION('',(0.0,0.84638042175658,0.532578803246198));
#1201=DIRECTION('',(0.0,-0.532578803246198,0.84638042175658));
#1202=ORIENTED_EDGE('',*,*,#2302,.T.);
#1203=ORIENTED_EDGE('',*,*,#2303,.F.);
#1204=ORIENTED_EDGE('',*,*,#2304,.T.);
#1205=ORIENTED_EDGE('',*,*,#2300,.T.);
#1206=CARTESIAN_POINT('',(1.7345,0.455285823659834,2.49073614159943));
#1207=DIRECTION('',(0.0,1.0,0.0));
#1208=DIRECTION('',(0.0,0.0,1.0));
#1209=ORIENTED_EDGE('',*,*,#2305,.T.);
#1210=ORIENTED_EDGE('',*,*,#2306,.F.);
#1211=ORIENTED_EDGE('',*,*,#2307,.T.);
#1212=ORIENTED_EDGE('',*,*,#2303,.T.);
#1213=CARTESIAN_POINT('',(1.7345,0.453948863870346,2.48854471784273));
#1214=DIRECTION('',(0.0,0.777244870707482,-0.629198228667968));
#1215=DIRECTION('',(0.0,0.629198228667968,0.777244870707482));
#1216=ORIENTED_EDGE('',*,*,#2308,.T.);
#1217=ORIENTED_EDGE('',*,*,#2309,.F.);
#1218=ORIENTED_EDGE('',*,*,#2310,.T.);
#1219=ORIENTED_EDGE('',*,*,#2306,.T.);
#1220=CARTESIAN_POINT('',(1.7345,0.450190922840436,2.48621513448935));
#1221=DIRECTION('',(0.0,0.269692642416987,-0.962946456780512));
#1222=DIRECTION('',(0.0,0.962946456780512,0.269692642416987));
#1223=ORIENTED_EDGE('',*,*,#2311,.T.);
#1224=ORIENTED_EDGE('',*,*,#2289,.F.);
#1225=ORIENTED_EDGE('',*,*,#2312,.T.);
#1226=ORIENTED_EDGE('',*,*,#2309,.T.);
#1227=CARTESIAN_POINT('',(1.7345,0.444031130360413,2.48553708969945));
#1228=DIRECTION('',(0.0,0.0,-1.0));
#1229=DIRECTION('',(0.0,1.0,0.0));
#1230=ORIENTED_EDGE('',*,*,#2313,.F.);
#1231=ORIENTED_EDGE('',*,*,#2314,.F.);
#1232=ORIENTED_EDGE('',*,*,#2315,.F.);
#1233=ORIENTED_EDGE('',*,*,#2316,.T.);
#1234=CARTESIAN_POINT('',(1.7345,0.432546879577265,2.48302045950747));
#1235=DIRECTION('',(0.0,-1.0,0.0));
#1236=DIRECTION('',(0.0,0.0,-1.0));
#1237=ORIENTED_EDGE('',*,*,#2317,.F.);
#1238=ORIENTED_EDGE('',*,*,#2316,.F.);
#1239=ORIENTED_EDGE('',*,*,#2318,.F.);
#1240=ORIENTED_EDGE('',*,*,#2319,.T.);
#1241=CARTESIAN_POINT('',(1.7345,0.438761935895963,2.50334054788188));
#1242=DIRECTION('',(0.0,-0.116703059349313,0.993166852013553));
#1243=DIRECTION('',(0.0,-0.993166852013553,-0.116703059349313));
#1244=ORIENTED_EDGE('',*,*,#2320,.F.);
#1245=ORIENTED_EDGE('',*,*,#2319,.F.);
#1246=ORIENTED_EDGE('',*,*,#2321,.F.);
#1247=ORIENTED_EDGE('',*,*,#2322,.T.);
#1248=CARTESIAN_POINT('',(1.7345,0.448688171534923,2.50396545436536));
#1249=DIRECTION('',(0.0,0.0,1.0));
#1250=DIRECTION('',(0.0,-1.0,0.0));
#1251=ORIENTED_EDGE('',*,*,#2323,.F.);
#1252=ORIENTED_EDGE('',*,*,#2322,.F.);
#1253=ORIENTED_EDGE('',*,*,#2324,.F.);
#1254=ORIENTED_EDGE('',*,*,#2325,.T.);
#1255=CARTESIAN_POINT('',(1.7345,0.452945612645167,2.50354885004304));
#1256=DIRECTION('',(0.0,0.129310979094372,0.991604089687843));
#1257=DIRECTION('',(0.0,-0.991604089687843,0.129310979094372));
#1258=ORIENTED_EDGE('',*,*,#2326,.F.);
#1259=ORIENTED_EDGE('',*,*,#2325,.F.);
#1260=ORIENTED_EDGE('',*,*,#2327,.F.);
#1261=ORIENTED_EDGE('',*,*,#2328,.T.);
#1262=CARTESIAN_POINT('',(1.7345,0.458331711383738,2.50223102004386));
#1263=DIRECTION('',(0.0,0.380343713305985,0.924845208534171));
#1264=DIRECTION('',(0.0,-0.924845208534171,0.380343713305985));
#1265=ORIENTED_EDGE('',*,*,#2328,.F.);
#1266=ORIENTED_EDGE('',*,*,#2329,.T.);
#1267=CARTESIAN_POINT('',(1.7345,0.460890852220849,2.50108748368974));
#1268=DIRECTION('',(0.0,0.550236884445134,0.835008605342551));
#1269=DIRECTION('',(0.0,-0.835008605342551,0.550236884445134));
#1270=ORIENTED_EDGE('',*,*,#2329,.F.);
#1271=ORIENTED_EDGE('',*,*,#2330,.T.);
#1272=CARTESIAN_POINT('',(1.7345,0.461524260833356,2.50063899638357));
#1273=DIRECTION('',(0.0,0.613065123433203,0.790032375558009));
#1274=DIRECTION('',(0.0,-0.790032375558009,0.613065123433203));
#1275=ORIENTED_EDGE('',*,*,#2331,.F.);
#1276=ORIENTED_EDGE('',*,*,#2330,.F.);
#1277=ORIENTED_EDGE('',*,*,#2332,.F.);
#1278=ORIENTED_EDGE('',*,*,#2333,.T.);
#1279=CARTESIAN_POINT('',(1.7345,0.463428737735392,2.49745707459523));
#1280=DIRECTION('',(0.0,0.875951574441568,0.482399045638917));
#1281=DIRECTION('',(0.0,-0.482399045638917,0.875951574441568));
#1282=ORIENTED_EDGE('',*,*,#2334,.F.);
#1283=ORIENTED_EDGE('',*,*,#2333,.F.);
#1284=ORIENTED_EDGE('',*,*,#2335,.F.);
#1285=ORIENTED_EDGE('',*,*,#2336,.T.);
#1286=CARTESIAN_POINT('',(1.7345,0.465067523105336,2.49174789495364));
#1287=DIRECTION('',(0.0,1.0,0.0));
#1288=DIRECTION('',(0.0,0.0,1.0));
#1289=ORIENTED_EDGE('',*,*,#2337,.F.);
#1290=ORIENTED_EDGE('',*,*,#2336,.F.);
#1291=ORIENTED_EDGE('',*,*,#2338,.F.);
#1292=ORIENTED_EDGE('',*,*,#2339,.T.);
#1293=CARTESIAN_POINT('',(1.7345,0.463936739944752,2.48884229235868));
#1294=DIRECTION('',(0.0,0.887570978882303,-0.460670986112551));
#1295=DIRECTION('',(0.0,0.460670986112551,0.887570978882303));
#1296=ORIENTED_EDGE('',*,*,#2340,.F.);
#1297=ORIENTED_EDGE('',*,*,#2339,.F.);
#1298=ORIENTED_EDGE('',*,*,#2341,.F.);
#1299=ORIENTED_EDGE('',*,*,#2342,.T.);
#1300=CARTESIAN_POINT('',(1.7345,0.460476373430785,2.48508435132877));
#1301=DIRECTION('',(0.0,0.561131994829626,-0.827726334230417));
#1302=DIRECTION('',(0.0,0.827726334230417,0.561131994829626));
#1303=ORIENTED_EDGE('',*,*,#2343,.F.);
#1304=ORIENTED_EDGE('',*,*,#2342,.F.);
#1305=ORIENTED_EDGE('',*,*,#2344,.F.);
#1306=ORIENTED_EDGE('',*,*,#2345,.T.);
#1307=CARTESIAN_POINT('',(1.7345,0.457547389981002,2.48332015955567));
#1308=DIRECTION('',(0.0,0.294800100589495,-0.955558946738726));
#1309=DIRECTION('',(0.0,0.955558946738726,0.294800100589495));
#1310=ORIENTED_EDGE('',*,*,#2345,.F.);
#1311=ORIENTED_EDGE('',*,*,#2346,.T.);
#1312=CARTESIAN_POINT('',(1.7345,0.456947989884602,2.48289292757207));
#1313=DIRECTION('',(0.0,1.0,0.0));
#1314=DIRECTION('',(0.0,0.0,1.0));
#1315=ORIENTED_EDGE('',*,*,#2346,.F.);
#1316=ORIENTED_EDGE('',*,*,#2347,.T.);
#1317=CARTESIAN_POINT('',(1.7345,0.457421983577854,2.48251458283037));
#1318=DIRECTION('',(0.0,0.275859506370788,0.961197967509745));
#1319=DIRECTION('',(0.0,-0.961197967509745,0.275859506370788));
#1320=ORIENTED_EDGE('',*,*,#2348,.F.);
#1321=ORIENTED_EDGE('',*,*,#2347,.F.);
#1322=ORIENTED_EDGE('',*,*,#2349,.F.);
#1323=ORIENTED_EDGE('',*,*,#2350,.T.);
#1324=CARTESIAN_POINT('',(1.7345,0.460858969236997,2.47839742684907));
#1325=DIRECTION('',(0.0,0.802204597495598,0.597049230597382));
#1326=DIRECTION('',(0.0,-0.597049230597382,0.802204597495598));
#1327=ORIENTED_EDGE('',*,*,#2351,.F.);
#1328=ORIENTED_EDGE('',*,*,#2350,.F.);
#1329=ORIENTED_EDGE('',*,*,#2352,.F.);
#1330=ORIENTED_EDGE('',*,*,#2353,.T.);
#1331=CARTESIAN_POINT('',(1.7345,0.463968622928603,2.47375951546487));
#1332=DIRECTION('',(0.0,0.975963594633528,0.217933618218949));
#1333=DIRECTION('',(0.0,-0.217933618218949,0.975963594633528));
#1334=ORIENTED_EDGE('',*,*,#2354,.F.);
#1335=ORIENTED_EDGE('',*,*,#2353,.F.);
#1336=ORIENTED_EDGE('',*,*,#2355,.F.);
#1337=ORIENTED_EDGE('',*,*,#2356,.T.);
#1338=CARTESIAN_POINT('',(1.7345,0.464266197444546,2.47235241311091));
#1339=DIRECTION('',(0.0,0.980366459891685,0.197184188817067));
#1340=DIRECTION('',(0.0,-0.197184188817067,0.980366459891685));
#1341=ORIENTED_EDGE('',*,*,#2357,.F.);
#1342=ORIENTED_EDGE('',*,*,#2356,.F.);
#1343=ORIENTED_EDGE('',*,*,#2358,.F.);
#1344=ORIENTED_EDGE('',*,*,#2359,.T.);
#1345=CARTESIAN_POINT('',(1.7345,0.465029263524715,2.469066340242));
#1346=DIRECTION('',(0.0,0.972075799543497,0.234667083209108));
#1347=DIRECTION('',(0.0,-0.234667083209108,0.972075799543497));
#1348=ORIENTED_EDGE('',*,*,#2360,.F.);
#1349=ORIENTED_EDGE('',*,*,#2359,.F.);
#1350=ORIENTED_EDGE('',*,*,#2361,.F.);
#1351=ORIENTED_EDGE('',*,*,#2362,.T.);
#1352=CARTESIAN_POINT('',(1.7345,0.466206808394947,2.46518086727668));
#1353=DIRECTION('',(0.0,0.92234470486329,0.386368018100166));
#1354=DIRECTION('',(0.0,-0.386368018100166,0.92234470486329));
#1355=ORIENTED_EDGE('',*,*,#2363,.F.);
#1356=ORIENTED_EDGE('',*,*,#2362,.F.);
#1357=ORIENTED_EDGE('',*,*,#2364,.F.);
#1358=ORIENTED_EDGE('',*,*,#2365,.T.);
#1359=CARTESIAN_POINT('',(1.7345,0.462115158800729,2.46350807339063));
#1360=DIRECTION('',(0.0,0.0,-1.0));
#1361=DIRECTION('',(0.0,1.0,0.0));
#1362=ORIENTED_EDGE('',*,*,#2366,.F.);
#1363=ORIENTED_EDGE('',*,*,#2365,.F.);
#1364=ORIENTED_EDGE('',*,*,#2367,.F.);
#1365=ORIENTED_EDGE('',*,*,#2368,.T.);
#1366=CARTESIAN_POINT('',(1.7345,0.455632285417682,2.46779952301698));
#1367=DIRECTION('',(0.0,-0.951431191532465,-0.307861474983658));
#1368=DIRECTION('',(0.0,0.307861474983658,-0.951431191532465));
#1369=ORIENTED_EDGE('',*,*,#2369,.F.);
#1370=ORIENTED_EDGE('',*,*,#2368,.F.);
#1371=ORIENTED_EDGE('',*,*,#2370,.F.);
#1372=ORIENTED_EDGE('',*,*,#2371,.T.);
#1373=CARTESIAN_POINT('',(1.7345,0.454212429870182,2.4722843960787));
#1374=DIRECTION('',(0.0,-0.965931781999799,-0.258796817064455));
#1375=DIRECTION('',(0.0,0.258796817064455,-0.965931781999799));
#1376=ORIENTED_EDGE('',*,*,#2372,.F.);
#1377=ORIENTED_EDGE('',*,*,#2371,.F.);
#1378=ORIENTED_EDGE('',*,*,#2373,.F.);
#1379=ORIENTED_EDGE('',*,*,#2374,.T.);
#1380=CARTESIAN_POINT('',(1.7345,0.453970119192914,2.47339179838446));
#1381=DIRECTION('',(0.0,-0.986184900969614,-0.165648245084433));
#1382=DIRECTION('',(0.0,0.165648245084433,-0.986184900969614));
#1383=ORIENTED_EDGE('',*,*,#2375,.F.);
#1384=ORIENTED_EDGE('',*,*,#2374,.F.);
#1385=ORIENTED_EDGE('',*,*,#2376,.F.);
#1386=ORIENTED_EDGE('',*,*,#2377,.T.);
#1387=CARTESIAN_POINT('',(1.7345,0.45274793814529,2.47576814344749));
#1388=DIRECTION('',(0.0,-0.85097968807447,-0.52519860099269));
#1389=DIRECTION('',(0.0,0.52519860099269,-0.85097968807447));
#1390=ORIENTED_EDGE('',*,*,#2378,.F.);
#1391=ORIENTED_EDGE('',*,*,#2377,.F.);
#1392=ORIENTED_EDGE('',*,*,#2379,.F.);
#1393=ORIENTED_EDGE('',*,*,#2380,.T.);
#1394=CARTESIAN_POINT('',(1.7345,0.4494852461312,2.47833791194588));
#1395=DIRECTION('',(0.0,-0.326948751947866,-0.945042069751253));
#1396=DIRECTION('',(0.0,0.945042069751253,-0.326948751947866));
#1397=ORIENTED_EDGE('',*,*,#2381,.F.);
#1398=ORIENTED_EDGE('',*,*,#2380,.F.);
#1399=ORIENTED_EDGE('',*,*,#2382,.F.);
#1400=ORIENTED_EDGE('',*,*,#2383,.T.);
#1401=CARTESIAN_POINT('',(1.7345,0.443799447344429,2.47907547163897));
#1402=DIRECTION('',(0.0,0.0,-1.0));
#1403=DIRECTION('',(0.0,1.0,0.0));
#1404=ORIENTED_EDGE('',*,*,#2384,.F.);
#1405=ORIENTED_EDGE('',*,*,#2383,.F.);
#1406=ORIENTED_EDGE('',*,*,#2385,.F.);
#1407=ORIENTED_EDGE('',*,*,#2386,.T.);
#1408=CARTESIAN_POINT('',(1.7345,0.441656910829638,2.4712917725148));
#1409=DIRECTION('',(0.0,1.0,0.0));
#1410=DIRECTION('',(0.0,0.0,1.0));
#1411=ORIENTED_EDGE('',*,*,#2387,.F.);
#1412=ORIENTED_EDGE('',*,*,#2386,.F.);
#1413=ORIENTED_EDGE('',*,*,#2388,.F.);
#1414=ORIENTED_EDGE('',*,*,#2314,.T.);
#1415=CARTESIAN_POINT('',(1.7345,0.437101895203452,2.46350807339063));
#1416=DIRECTION('',(0.0,0.0,-1.0));
#1417=DIRECTION('',(0.0,1.0,0.0));
#1418=ORIENTED_EDGE('',*,*,#2288,.F.);
#1419=ORIENTED_EDGE('',*,*,#2292,.F.);
#1420=ORIENTED_EDGE('',*,*,#2295,.F.);
#1421=ORIENTED_EDGE('',*,*,#2298,.F.);
#1422=ORIENTED_EDGE('',*,*,#2301,.F.);
#1423=ORIENTED_EDGE('',*,*,#2304,.F.);
#1424=ORIENTED_EDGE('',*,*,#2307,.F.);
#1425=ORIENTED_EDGE('',*,*,#2310,.F.);
#1426=ORIENTED_EDGE('',*,*,#2312,.F.);
#1427=ORIENTED_EDGE('',*,*,#2388,.T.);
#1428=ORIENTED_EDGE('',*,*,#2385,.T.);
#1429=ORIENTED_EDGE('',*,*,#2382,.T.);
#1430=ORIENTED_EDGE('',*,*,#2379,.T.);
#1431=ORIENTED_EDGE('',*,*,#2376,.T.);
#1432=ORIENTED_EDGE('',*,*,#2373,.T.);
#1433=ORIENTED_EDGE('',*,*,#2370,.T.);
#1434=ORIENTED_EDGE('',*,*,#2367,.T.);
#1435=ORIENTED_EDGE('',*,*,#2364,.T.);
#1436=ORIENTED_EDGE('',*,*,#2361,.T.);
#1437=ORIENTED_EDGE('',*,*,#2358,.T.);
#1438=ORIENTED_EDGE('',*,*,#2355,.T.);
#1439=ORIENTED_EDGE('',*,*,#2352,.T.);
#1440=ORIENTED_EDGE('',*,*,#2349,.T.);
#1441=ORIENTED_EDGE('',*,*,#2344,.T.);
#1442=ORIENTED_EDGE('',*,*,#2341,.T.);
#1443=ORIENTED_EDGE('',*,*,#2338,.T.);
#1444=ORIENTED_EDGE('',*,*,#2335,.T.);
#1445=ORIENTED_EDGE('',*,*,#2332,.T.);
#1446=ORIENTED_EDGE('',*,*,#2327,.T.);
#1447=ORIENTED_EDGE('',*,*,#2324,.T.);
#1448=ORIENTED_EDGE('',*,*,#2321,.T.);
#1449=ORIENTED_EDGE('',*,*,#2318,.T.);
#1450=ORIENTED_EDGE('',*,*,#2315,.T.);
#1451=CARTESIAN_POINT('',(1.7345,0.448403884195058,2.48178332461697));
#1452=DIRECTION('',(1.0,0.0,0.0));
#1453=DIRECTION('',(0.0,1.0,0.0));
#1454=ORIENTED_EDGE('',*,*,#2286,.F.);
#1455=ORIENTED_EDGE('',*,*,#2311,.F.);
#1456=ORIENTED_EDGE('',*,*,#2308,.F.);
#1457=ORIENTED_EDGE('',*,*,#2305,.F.);
#1458=ORIENTED_EDGE('',*,*,#2302,.F.);
#1459=ORIENTED_EDGE('',*,*,#2299,.F.);
#1460=ORIENTED_EDGE('',*,*,#2296,.F.);
#1461=ORIENTED_EDGE('',*,*,#2293,.F.);
#1462=ORIENTED_EDGE('',*,*,#2290,.F.);
#1463=ORIENTED_EDGE('',*,*,#2313,.T.);
#1464=ORIENTED_EDGE('',*,*,#2317,.T.);
#1465=ORIENTED_EDGE('',*,*,#2320,.T.);
#1466=ORIENTED_EDGE('',*,*,#2323,.T.);
#1467=ORIENTED_EDGE('',*,*,#2326,.T.);
#1468=ORIENTED_EDGE('',*,*,#2331,.T.);
#1469=ORIENTED_EDGE('',*,*,#2334,.T.);
#1470=ORIENTED_EDGE('',*,*,#2337,.T.);
#1471=ORIENTED_EDGE('',*,*,#2340,.T.);
#1472=ORIENTED_EDGE('',*,*,#2343,.T.);
#1473=ORIENTED_EDGE('',*,*,#2348,.T.);
#1474=ORIENTED_EDGE('',*,*,#2351,.T.);
#1475=ORIENTED_EDGE('',*,*,#2354,.T.);
#1476=ORIENTED_EDGE('',*,*,#2357,.T.);
#1477=ORIENTED_EDGE('',*,*,#2360,.T.);
#1478=ORIENTED_EDGE('',*,*,#2363,.T.);
#1479=ORIENTED_EDGE('',*,*,#2366,.T.);
#1480=ORIENTED_EDGE('',*,*,#2369,.T.);
#1481=ORIENTED_EDGE('',*,*,#2372,.T.);
#1482=ORIENTED_EDGE('',*,*,#2375,.T.);
#1483=ORIENTED_EDGE('',*,*,#2378,.T.);
#1484=ORIENTED_EDGE('',*,*,#2381,.T.);
#1485=ORIENTED_EDGE('',*,*,#2384,.T.);
#1486=ORIENTED_EDGE('',*,*,#2387,.T.);
#1487=CARTESIAN_POINT('',(1.74883772052646,0.448403884195058,2.48178332461697));
#1488=DIRECTION('',(1.0,0.0,0.0));
#1489=DIRECTION('',(0.0,1.0,0.0));
#1490=ORIENTED_EDGE('',*,*,#2389,.F.);
#1491=ORIENTED_EDGE('',*,*,#2390,.F.);
#1492=ORIENTED_EDGE('',*,*,#2391,.T.);
#1493=ORIENTED_EDGE('',*,*,#2392,.T.);
#1494=CARTESIAN_POINT('',(1.7345,0.129469616353962,2.5217805208625));
#1495=DIRECTION('',(0.0,0.0,1.0));
#1496=DIRECTION('',(0.0,-1.0,0.0));
#1497=ORIENTED_EDGE('',*,*,#2393,.F.);
#1498=ORIENTED_EDGE('',*,*,#2392,.F.);
#1499=ORIENTED_EDGE('',*,*,#2394,.T.);
#1500=ORIENTED_EDGE('',*,*,#2395,.T.);
#1501=CARTESIAN_POINT('',(1.7345,0.209560123214786,2.46673084290115));
#1502=DIRECTION('',(0.0,0.909044270788508,0.416699548531781));
#1503=DIRECTION('',(0.0,-0.416699548531781,0.909044270788507));
#1504=ORIENTED_EDGE('',*,*,#2396,.F.);
#1505=ORIENTED_EDGE('',*,*,#2395,.F.);
#1506=ORIENTED_EDGE('',*,*,#2397,.T.);
#1507=ORIENTED_EDGE('',*,*,#2398,.T.);
#1508=CARTESIAN_POINT('',(1.7345,0.260036068328199,2.46673084290115));
#1509=DIRECTION('',(0.0,-0.908999425380726,0.416797366423433));
#1510=DIRECTION('',(-0.0,-0.416797366423433,-0.908999425380726));
#1511=ORIENTED_EDGE('',*,*,#2399,.F.);
#1512=ORIENTED_EDGE('',*,*,#2398,.F.);
#1513=ORIENTED_EDGE('',*,*,#2400,.T.);
#1514=ORIENTED_EDGE('',*,*,#2401,.T.);
#1515=CARTESIAN_POINT('',(1.7345,0.340133744049286,2.5217805208625));
#1516=DIRECTION('',(0.0,0.0,1.0));
#1517=DIRECTION('',(0.0,-1.0,0.0));
#1518=ORIENTED_EDGE('',*,*,#2402,.F.);
#1519=ORIENTED_EDGE('',*,*,#2401,.F.);
#1520=ORIENTED_EDGE('',*,*,#2403,.T.);
#1521=ORIENTED_EDGE('',*,*,#2404,.T.);
#1522=CARTESIAN_POINT('',(1.7345,0.394989862783534,2.32359451134136));
#1523=DIRECTION('',(0.0,1.0,0.0));
#1524=DIRECTION('',(0.0,0.0,1.0));
#1525=ORIENTED_EDGE('',*,*,#2405,.F.);
#1526=ORIENTED_EDGE('',*,*,#2404,.F.);
#1527=ORIENTED_EDGE('',*,*,#2406,.T.);
#1528=ORIENTED_EDGE('',*,*,#2407,.T.);
#1529=CARTESIAN_POINT('',(1.7345,0.340133744049286,2.12540850182022));
#1530=DIRECTION('',(0.0,0.0,-1.0));
#1531=DIRECTION('',(0.0,1.0,0.0));
#1532=ORIENTED_EDGE('',*,*,#2408,.F.);
#1533=ORIENTED_EDGE('',*,*,#2407,.F.);
#1534=ORIENTED_EDGE('',*,*,#2409,.T.);
#1535=ORIENTED_EDGE('',*,*,#2410,.T.);
#1536=CARTESIAN_POINT('',(1.7345,0.285277625315038,2.18156218426211));
#1537=DIRECTION('',(0.0,-1.0,-0.0));
#1538=DIRECTION('',(-0.0,0.0,-1.0));
#1539=ORIENTED_EDGE('',*,*,#2411,.F.);
#1540=ORIENTED_EDGE('',*,*,#2410,.F.);
#1541=ORIENTED_EDGE('',*,*,#2412,.T.);
#1542=ORIENTED_EDGE('',*,*,#2413,.T.);
#1543=CARTESIAN_POINT('',(1.7345,0.258937798935872,2.18927014281714));
#1544=DIRECTION('',(0.0,0.878543629597914,-0.477662109542848));
#1545=DIRECTION('',(0.0,0.477662109542848,0.878543629597914));
#1546=ORIENTED_EDGE('',*,*,#2414,.F.);
#1547=ORIENTED_EDGE('',*,*,#2413,.F.);
#1548=ORIENTED_EDGE('',*,*,#2415,.T.);
#1549=ORIENTED_EDGE('',*,*,#2416,.T.);
#1550=CARTESIAN_POINT('',(1.7345,0.208787320078409,2.18917838140577));
#1551=DIRECTION('',(0.0,-0.897129318188731,-0.441768023340556));
#1552=DIRECTION('',(0.0,0.441768023340556,-0.897129318188731));
#1553=ORIENTED_EDGE('',*,*,#2417,.F.);
#1554=ORIENTED_EDGE('',*,*,#2416,.F.);
#1555=ORIENTED_EDGE('',*,*,#2418,.T.);
#1556=ORIENTED_EDGE('',*,*,#2419,.T.);
#1557=CARTESIAN_POINT('',(1.7345,0.185250518062167,2.18137579389527));
#1558=DIRECTION('',(0.0,0.99998810982143,0.00487649625899101));
#1559=DIRECTION('',(0.0,-0.00487649625899101,0.99998810982143));
#1560=ORIENTED_EDGE('',*,*,#2420,.F.);
#1561=ORIENTED_EDGE('',*,*,#2419,.F.);
#1562=ORIENTED_EDGE('',*,*,#2421,.T.);
#1563=ORIENTED_EDGE('',*,*,#2422,.T.);
#1564=CARTESIAN_POINT('',(1.7345,0.130068933071969,2.12531387286474));
#1565=DIRECTION('',(0.0,-0.00170639391672713,-0.999998544108841));
#1566=DIRECTION('',(0.0,0.999998544108841,-0.00170639391672713));
#1567=ORIENTED_EDGE('',*,*,#2423,.F.);
#1568=ORIENTED_EDGE('',*,*,#2422,.F.);
#1569=ORIENTED_EDGE('',*,*,#2424,.T.);
#1570=ORIENTED_EDGE('',*,*,#2390,.T.);
#1571=CARTESIAN_POINT('',(1.7345,0.0746134976197143,2.32359451134136));
#1572=DIRECTION('',(0.0,-1.0,-0.0));
#1573=DIRECTION('',(-0.0,0.0,-1.0));
#1574=ORIENTED_EDGE('',*,*,#2389,.T.);
#1575=ORIENTED_EDGE('',*,*,#2393,.T.);
#1576=ORIENTED_EDGE('',*,*,#2396,.T.);
#1577=ORIENTED_EDGE('',*,*,#2399,.T.);
#1578=ORIENTED_EDGE('',*,*,#2402,.T.);
#1579=ORIENTED_EDGE('',*,*,#2405,.T.);
#1580=ORIENTED_EDGE('',*,*,#2408,.T.);
#1581=ORIENTED_EDGE('',*,*,#2411,.T.);
#1582=ORIENTED_EDGE('',*,*,#2414,.T.);
#1583=ORIENTED_EDGE('',*,*,#2417,.T.);
#1584=ORIENTED_EDGE('',*,*,#2420,.T.);
#1585=ORIENTED_EDGE('',*,*,#2423,.T.);
#1586=CARTESIAN_POINT('',(1.74883772052646,0.234749851218669,2.30961787041831));
#1587=DIRECTION('',(1.0,0.0,0.0));
#1588=DIRECTION('',(0.0,1.0,0.0));
#1589=ORIENTED_EDGE('',*,*,#2424,.F.);
#1590=ORIENTED_EDGE('',*,*,#2421,.F.);
#1591=ORIENTED_EDGE('',*,*,#2418,.F.);
#1592=ORIENTED_EDGE('',*,*,#2415,.F.);
#1593=ORIENTED_EDGE('',*,*,#2412,.F.);
#1594=ORIENTED_EDGE('',*,*,#2409,.F.);
#1595=ORIENTED_EDGE('',*,*,#2406,.F.);
#1596=ORIENTED_EDGE('',*,*,#2403,.F.);
#1597=ORIENTED_EDGE('',*,*,#2400,.F.);
#1598=ORIENTED_EDGE('',*,*,#2397,.F.);
#1599=ORIENTED_EDGE('',*,*,#2394,.F.);
#1600=ORIENTED_EDGE('',*,*,#2391,.F.);
#1601=CARTESIAN_POINT('',(1.7345,0.234749851218669,2.30961787041831));
#1602=DIRECTION('',(1.0,0.0,0.0));
#1603=DIRECTION('',(0.0,1.0,0.0));
#1604=ORIENTED_EDGE('',*,*,#2425,.T.);
#1605=ORIENTED_EDGE('',*,*,#2426,.F.);
#1606=ORIENTED_EDGE('',*,*,#2427,.T.);
#1607=ORIENTED_EDGE('',*,*,#2428,.T.);
#1608=CARTESIAN_POINT('',(1.7345,-0.289212039204704,2.36847874544945));
#1609=DIRECTION('',(0.0,-0.999967069442301,0.00811541933460227));
#1610=DIRECTION('',(-0.0,-0.00811541933460227,-0.999967069442301));
#1611=ORIENTED_EDGE('',*,*,#2429,.T.);
#1612=ORIENTED_EDGE('',*,*,#2430,.F.);
#1613=ORIENTED_EDGE('',*,*,#2431,.T.);
#1614=ORIENTED_EDGE('',*,*,#2426,.T.);
#1615=CARTESIAN_POINT('',(1.7345,-0.27988535200224,2.42077558106973));
#1616=DIRECTION('',(0.0,0.154700069082605,0.987961481347242));
#1617=DIRECTION('',(0.0,-0.987961481347242,0.154700069082605));
#1618=ORIENTED_EDGE('',*,*,#2432,.T.);
#1619=ORIENTED_EDGE('',*,*,#2433,.F.);
#1620=ORIENTED_EDGE('',*,*,#2434,.T.);
#1621=ORIENTED_EDGE('',*,*,#2430,.T.);
#1622=CARTESIAN_POINT('',(1.7345,-0.270364388686642,2.41904071688603));
#1623=DIRECTION('',(0.0,0.477815254999992,0.878460347476932));
#1624=DIRECTION('',(0.0,-0.878460347476932,0.477815254999992));
#1625=ORIENTED_EDGE('',*,*,#2435,.T.);
#1626=ORIENTED_EDGE('',*,*,#2436,.F.);
#1627=ORIENTED_EDGE('',*,*,#2437,.T.);
#1628=ORIENTED_EDGE('',*,*,#2433,.T.);
#1629=CARTESIAN_POINT('',(1.7345,-0.267758507980958,2.41778043125175));
#1630=DIRECTION('',(0.0,0.421202185452339,0.906966768393514));
#1631=DIRECTION('',(0.0,-0.906966768393514,0.421202185452339));
#1632=ORIENTED_EDGE('',*,*,#2438,.T.);
#1633=ORIENTED_EDGE('',*,*,#2439,.F.);
#1634=ORIENTED_EDGE('',*,*,#2440,.T.);
#1635=ORIENTED_EDGE('',*,*,#2436,.T.);
#1636=CARTESIAN_POINT('',(1.7345,-0.262741022682722,2.41438095771493));
#1637=DIRECTION('',(0.0,0.632210976921692,0.774796283328541));
#1638=DIRECTION('',(0.0,-0.774796283328541,0.632210976921692));
#1639=ORIENTED_EDGE('',*,*,#2441,.T.);
#1640=ORIENTED_EDGE('',*,*,#2442,.F.);
#1641=ORIENTED_EDGE('',*,*,#2443,.T.);
#1642=ORIENTED_EDGE('',*,*,#2439,.T.);
#1643=CARTESIAN_POINT('',(1.7345,-0.25659587566508,2.40646796975637));
#1644=DIRECTION('',(0.0,0.868240321087532,0.496143875138875));
#1645=DIRECTION('',(0.0,-0.496143875138875,0.868240321087532));
#1646=ORIENTED_EDGE('',*,*,#2444,.T.);
#1647=ORIENTED_EDGE('',*,*,#2445,.F.);
#1648=ORIENTED_EDGE('',*,*,#2446,.T.);
#1649=ORIENTED_EDGE('',*,*,#2442,.T.);
#1650=CARTESIAN_POINT('',(1.7345,-0.25121306524783,2.3935081041725));
#1651=DIRECTION('',(0.0,0.957100866375995,0.289754950919428));
#1652=DIRECTION('',(0.0,-0.289754950919428,0.957100866375995));
#1653=ORIENTED_EDGE('',*,*,#2447,.T.);
#1654=ORIENTED_EDGE('',*,*,#2448,.F.);
#1655=ORIENTED_EDGE('',*,*,#2449,.T.);
#1656=ORIENTED_EDGE('',*,*,#2445,.T.);
#1657=CARTESIAN_POINT('',(1.7345,-0.248443734528143,2.38341291514982));
#1658=DIRECTION('',(0.0,0.982252970181838,0.187560930283885));
#1659=DIRECTION('',(0.0,-0.187560930283885,0.982252970181838));
#1660=ORIENTED_EDGE('',*,*,#2450,.T.);
#1661=ORIENTED_EDGE('',*,*,#2451,.F.);
#1662=ORIENTED_EDGE('',*,*,#2452,.T.);
#1663=ORIENTED_EDGE('',*,*,#2448,.T.);
#1664=CARTESIAN_POINT('',(1.7345,-0.247440237468496,2.37810078969476));
#1665=DIRECTION('',(0.0,0.982961558862428,0.183811245028007));
#1666=DIRECTION('',(0.0,-0.183811245028007,0.982961558862428));
#1667=ORIENTED_EDGE('',*,*,#2453,.T.);
#1668=ORIENTED_EDGE('',*,*,#2454,.F.);
#1669=ORIENTED_EDGE('',*,*,#2455,.T.);
#1670=ORIENTED_EDGE('',*,*,#2451,.T.);
#1671=CARTESIAN_POINT('',(1.7345,-0.247463607952954,2.36670373564828));
#1672=DIRECTION('',(0.0,0.998080539170313,-0.0619292929839844));
#1673=DIRECTION('',(0.0,0.0619292929839844,0.998080539170313));
#1674=ORIENTED_EDGE('',*,*,#2456,.T.);
#1675=ORIENTED_EDGE('',*,*,#2457,.F.);
#1676=ORIENTED_EDGE('',*,*,#2458,.T.);
#1677=ORIENTED_EDGE('',*,*,#2454,.T.);
#1678=CARTESIAN_POINT('',(1.7345,-0.251843064687762,2.34719439932792));
#1679=DIRECTION('',(0.0,0.942705709941279,-0.333625455329938));
#1680=DIRECTION('',(0.0,0.333625455329938,0.942705709941279));
#1681=ORIENTED_EDGE('',*,*,#2459,.T.);
#1682=ORIENTED_EDGE('',*,*,#2460,.F.);
#1683=ORIENTED_EDGE('',*,*,#2461,.T.);
#1684=ORIENTED_EDGE('',*,*,#2457,.T.);
#1685=CARTESIAN_POINT('',(1.7345,-0.262811134136096,2.32834603192383));
#1686=DIRECTION('',(0.0,0.746349551254241,-0.665554165596305));
#1687=DIRECTION('',(0.0,0.665554165596305,0.746349551254241));
#1688=ORIENTED_EDGE('',*,*,#2462,.T.);
#1689=ORIENTED_EDGE('',*,*,#2463,.F.);
#1690=ORIENTED_EDGE('',*,*,#2464,.T.);
#1691=ORIENTED_EDGE('',*,*,#2460,.T.);
#1692=CARTESIAN_POINT('',(1.7345,-0.277372809857183,2.31744936432372));
#1693=DIRECTION('',(0.0,0.364009979993514,-0.931395047477235));
#1694=DIRECTION('',(0.0,0.931395047477235,0.364009979993514));
#1695=ORIENTED_EDGE('',*,*,#2465,.T.);
#1696=ORIENTED_EDGE('',*,*,#2428,.F.);
#1697=ORIENTED_EDGE('',*,*,#2466,.T.);
#1698=ORIENTED_EDGE('',*,*,#2463,.T.);
#1699=CARTESIAN_POINT('',(1.7345,-0.287228415569868,2.31466641276953));
#1700=DIRECTION('',(0.0,-0.0508999189725759,-0.998703759003933));
#1701=DIRECTION('',(0.0,0.998703759003932,-0.0508999189725759));
#1702=ORIENTED_EDGE('',*,*,#2467,.F.);
#1703=ORIENTED_EDGE('',*,*,#2468,.F.);
#1704=ORIENTED_EDGE('',*,*,#2469,.F.);
#1705=ORIENTED_EDGE('',*,*,#2470,.T.);
#1706=CARTESIAN_POINT('',(1.7345,-0.340038111453374,2.12540850182022));
#1707=DIRECTION('',(0.0,0.0,-1.0));
#1708=DIRECTION('',(0.0,1.0,0.0));
#1709=ORIENTED_EDGE('',*,*,#2471,.F.);
#1710=ORIENTED_EDGE('',*,*,#2470,.F.);
#1711=ORIENTED_EDGE('',*,*,#2472,.F.);
#1712=ORIENTED_EDGE('',*,*,#2473,.T.);
#1713=CARTESIAN_POINT('',(1.7345,-0.394986995239429,2.3246440324839));
#1714=DIRECTION('',(0.0,-1.0,0.0));
#1715=DIRECTION('',(0.0,0.0,-1.0));
#1716=ORIENTED_EDGE('',*,*,#2474,.F.);
#1717=ORIENTED_EDGE('',*,*,#2473,.F.);
#1718=ORIENTED_EDGE('',*,*,#2475,.F.);
#1719=ORIENTED_EDGE('',*,*,#2476,.T.);
#1720=CARTESIAN_POINT('',(1.7345,-0.346012066087931,2.52387956314758));
#1721=DIRECTION('',(0.0,0.0,1.0));
#1722=DIRECTION('',(0.0,-1.0,0.0));
#1723=ORIENTED_EDGE('',*,*,#2477,.F.);
#1724=ORIENTED_EDGE('',*,*,#2476,.F.);
#1725=ORIENTED_EDGE('',*,*,#2478,.F.);
#1726=ORIENTED_EDGE('',*,*,#2479,.T.);
#1727=CARTESIAN_POINT('',(1.7345,-0.293412274432932,2.52368457014842));
#1728=DIRECTION('',(0.0,0.0537155501002077,0.998556277671635));
#1729=DIRECTION('',(0.0,-0.998556277671635,0.0537155501002077));
#1730=ORIENTED_EDGE('',*,*,#2480,.F.);
#1731=ORIENTED_EDGE('',*,*,#2479,.F.);
#1732=ORIENTED_EDGE('',*,*,#2481,.F.);
#1733=ORIENTED_EDGE('',*,*,#2482,.T.);
#1734=CARTESIAN_POINT('',(1.7345,-0.278951823018762,2.52203573228787));
#1735=DIRECTION('',(0.0,0.132981472855495,0.991118523627312));
#1736=DIRECTION('',(0.0,-0.991118523627312,0.132981472855495));
#1737=ORIENTED_EDGE('',*,*,#2483,.F.);
#1738=ORIENTED_EDGE('',*,*,#2482,.F.);
#1739=ORIENTED_EDGE('',*,*,#2484,.F.);
#1740=ORIENTED_EDGE('',*,*,#2485,.T.);
#1741=CARTESIAN_POINT('',(1.7345,-0.254130074488939,2.51711359283114));
#1742=DIRECTION('',(0.0,0.240690340673034,0.970601957501992));
#1743=DIRECTION('',(0.0,-0.970601957501992,0.240690340673034));
#1744=ORIENTED_EDGE('',*,*,#2486,.F.);
#1745=ORIENTED_EDGE('',*,*,#2485,.F.);
#1746=ORIENTED_EDGE('',*,*,#2487,.F.);
#1747=ORIENTED_EDGE('',*,*,#2488,.T.);
#1748=CARTESIAN_POINT('',(1.7345,-0.227052429011481,2.50812957714926));
#1749=DIRECTION('',(0.0,0.388267251170876,0.921546820117248));
#1750=DIRECTION('',(0.0,-0.921546820117248,0.388267251170876));
#1751=ORIENTED_EDGE('',*,*,#2489,.F.);
#1752=ORIENTED_EDGE('',*,*,#2488,.F.);
#1753=ORIENTED_EDGE('',*,*,#2490,.F.);
#1754=ORIENTED_EDGE('',*,*,#2491,.T.);
#1755=CARTESIAN_POINT('',(1.7345,-0.20219942425091,2.49486718566228));
#1756=DIRECTION('',(0.0,0.550053957562622,0.835129118022894));
#1757=DIRECTION('',(0.0,-0.835129118022894,0.550053957562622));
#1758=ORIENTED_EDGE('',*,*,#2492,.F.);
#1759=ORIENTED_EDGE('',*,*,#2491,.F.);
#1760=ORIENTED_EDGE('',*,*,#2493,.F.);
#1761=ORIENTED_EDGE('',*,*,#2494,.T.);
#1762=CARTESIAN_POINT('',(1.7345,-0.180450105852702,2.47692066087931));
#1763=DIRECTION('',(0.0,0.714494946012625,0.699640602111124));
#1764=DIRECTION('',(0.0,-0.699640602111124,0.714494946012625));
#1765=ORIENTED_EDGE('',*,*,#2495,.F.);
#1766=ORIENTED_EDGE('',*,*,#2494,.F.);
#1767=ORIENTED_EDGE('',*,*,#2496,.F.);
#1768=ORIENTED_EDGE('',*,*,#2497,.T.);
#1769=CARTESIAN_POINT('',(1.7345,-0.162683519462335,2.45386990758891));
#1770=DIRECTION('',(0.0,0.855482053582958,0.517832459389602));
#1771=DIRECTION('',(0.0,-0.517832459389602,0.855482053582959));
#1772=ORIENTED_EDGE('',*,*,#2498,.F.);
#1773=ORIENTED_EDGE('',*,*,#2497,.F.);
#1774=ORIENTED_EDGE('',*,*,#2499,.F.);
#1775=ORIENTED_EDGE('',*,*,#2500,.T.);
#1776=CARTESIAN_POINT('',(1.7345,-0.149755196863624,2.42531633716046));
#1777=DIRECTION('',(0.0,0.95020949612074,0.311611799330464));
#1778=DIRECTION('',(0.0,-0.311611799330464,0.95020949612074));
#1779=ORIENTED_EDGE('',*,*,#2501,.F.);
#1780=ORIENTED_EDGE('',*,*,#2500,.F.);
#1781=ORIENTED_EDGE('',*,*,#2502,.F.);
#1782=ORIENTED_EDGE('',*,*,#2503,.T.);
#1783=CARTESIAN_POINT('',(1.7345,-0.142614438532624,2.39553259031084));
#1784=DIRECTION('',(0.0,0.990148928748195,0.140018209168669));
#1785=DIRECTION('',(0.0,-0.140018209168669,0.990148928748195));
#1786=ORIENTED_EDGE('',*,*,#2504,.F.);
#1787=ORIENTED_EDGE('',*,*,#2503,.F.);
#1788=ORIENTED_EDGE('',*,*,#2505,.F.);
#1789=ORIENTED_EDGE('',*,*,#2506,.T.);
#1790=CARTESIAN_POINT('',(1.7345,-0.140529733968076,2.37674587510501));
#1791=DIRECTION('',(0.0,0.999802730693364,0.0198620164659338));
#1792=DIRECTION('',(0.0,-0.0198620164659338,0.999802730693364));
#1793=ORIENTED_EDGE('',*,*,#2507,.F.);
#1794=ORIENTED_EDGE('',*,*,#2506,.F.);
#1795=ORIENTED_EDGE('',*,*,#2508,.F.);
#1796=ORIENTED_EDGE('',*,*,#2509,.T.);
#1797=CARTESIAN_POINT('',(1.7345,-0.140343056846822,2.36718691683002));
#1798=DIRECTION('',(0.0,0.999815685590774,0.0191988240955403));
#1799=DIRECTION('',(0.0,-0.0191988240955403,0.999815685590774));
#1800=ORIENTED_EDGE('',*,*,#2510,.F.);
#1801=ORIENTED_EDGE('',*,*,#2509,.F.);
#1802=ORIENTED_EDGE('',*,*,#2511,.F.);
#1803=ORIENTED_EDGE('',*,*,#2512,.T.);
#1804=CARTESIAN_POINT('',(1.7345,-0.142466616633996,2.34770912349482));
#1805=DIRECTION('',(0.0,0.9887062354962,-0.149866540264772));
#1806=DIRECTION('',(0.0,0.149866540264772,0.9887062354962));
#1807=ORIENTED_EDGE('',*,*,#2513,.F.);
#1808=ORIENTED_EDGE('',*,*,#2512,.F.);
#1809=ORIENTED_EDGE('',*,*,#2514,.F.);
#1810=ORIENTED_EDGE('',*,*,#2515,.T.);
#1811=CARTESIAN_POINT('',(1.7345,-0.151100935312237,2.31666365723887));
#1812=DIRECTION('',(0.0,0.931397476888949,-0.364003763778481));
#1813=DIRECTION('',(0.0,0.364003763778481,0.931397476888949));
#1814=ORIENTED_EDGE('',*,*,#2516,.F.);
#1815=ORIENTED_EDGE('',*,*,#2515,.F.);
#1816=ORIENTED_EDGE('',*,*,#2517,.F.);
#1817=ORIENTED_EDGE('',*,*,#2518,.T.);
#1818=CARTESIAN_POINT('',(1.7345,-0.167070861943433,2.28673796695603));
#1819=DIRECTION('',(0.0,0.816408264012226,-0.577475147909019));
#1820=DIRECTION('',(0.0,0.577475147909019,0.816408264012226));
#1821=ORIENTED_EDGE('',*,*,#2519,.F.);
#1822=ORIENTED_EDGE('',*,*,#2518,.F.);
#1823=ORIENTED_EDGE('',*,*,#2520,.F.);
#1824=ORIENTED_EDGE('',*,*,#2521,.T.);
#1825=CARTESIAN_POINT('',(1.7345,-0.18815892467096,2.26250005040605));
#1826=DIRECTION('',(0.0,0.681183350721588,-0.732112861995819));
#1827=DIRECTION('',(0.0,0.732112861995819,0.681183350721588));
#1828=ORIENTED_EDGE('',*,*,#2522,.F.);
#1829=ORIENTED_EDGE('',*,*,#2521,.F.);
#1830=ORIENTED_EDGE('',*,*,#2523,.F.);
#1831=ORIENTED_EDGE('',*,*,#2524,.T.);
#1832=CARTESIAN_POINT('',(1.7345,-0.212047287594511,2.24366745449454));
#1833=DIRECTION('',(0.0,0.548322466230556,-0.836266986689563));
#1834=DIRECTION('',(0.0,0.836266986689563,0.548322466230556));
#1835=ORIENTED_EDGE('',*,*,#2525,.F.);
#1836=ORIENTED_EDGE('',*,*,#2524,.F.);
#1837=ORIENTED_EDGE('',*,*,#2526,.F.);
#1838=ORIENTED_EDGE('',*,*,#2527,.T.);
#1839=CARTESIAN_POINT('',(1.7345,-0.236425713805657,2.22995342481098));
#1840=DIRECTION('',(0.0,0.423048095931049,-0.906107227942209));
#1841=DIRECTION('',(0.0,0.906107227942209,0.423048095931049));
#1842=ORIENTED_EDGE('',*,*,#2528,.F.);
#1843=ORIENTED_EDGE('',*,*,#2527,.F.);
#1844=ORIENTED_EDGE('',*,*,#2529,.F.);
#1845=ORIENTED_EDGE('',*,*,#2530,.T.);
#1846=CARTESIAN_POINT('',(1.7345,-0.258976224026883,2.2210783758051));
#1847=DIRECTION('',(0.0,0.295910477254784,-0.955215676928957));
#1848=DIRECTION('',(0.0,0.955215676928957,0.295910477254784));
#1849=ORIENTED_EDGE('',*,*,#2531,.F.);
#1850=ORIENTED_EDGE('',*,*,#2530,.F.);
#1851=ORIENTED_EDGE('',*,*,#2532,.F.);
#1852=ORIENTED_EDGE('',*,*,#2533,.T.);
#1853=CARTESIAN_POINT('',(1.7345,-0.27541270008401,2.21676128815458));
#1854=DIRECTION('',(0.0,0.175955899089055,-0.98439805037178));
#1855=DIRECTION('',(0.0,0.98439805037178,0.175955899089055));
#1856=ORIENTED_EDGE('',*,*,#2534,.F.);
#1857=ORIENTED_EDGE('',*,*,#2533,.F.);
#1858=ORIENTED_EDGE('',*,*,#2535,.F.);
#1859=ORIENTED_EDGE('',*,*,#2536,.T.);
#1860=CARTESIAN_POINT('',(1.7345,-0.283292424530944,2.21570459815178));
#1861=DIRECTION('',(0.0,0.0,-1.0));
#1862=DIRECTION('',(0.0,1.0,0.0));
#1863=ORIENTED_EDGE('',*,*,#2537,.F.);
#1864=ORIENTED_EDGE('',*,*,#2536,.F.);
#1865=ORIENTED_EDGE('',*,*,#2538,.F.);
#1866=ORIENTED_EDGE('',*,*,#2468,.T.);
#1867=CARTESIAN_POINT('',(1.7345,-0.285174823858863,2.170556549986));
#1868=DIRECTION('',(0.0,0.999998202786145,0.00189589674827209));
#1869=DIRECTION('',(0.0,-0.00189589674827209,0.999998202786145));
#1870=ORIENTED_EDGE('',*,*,#2427,.F.);
#1871=ORIENTED_EDGE('',*,*,#2431,.F.);
#1872=ORIENTED_EDGE('',*,*,#2434,.F.);
#1873=ORIENTED_EDGE('',*,*,#2437,.F.);
#1874=ORIENTED_EDGE('',*,*,#2440,.F.);
#1875=ORIENTED_EDGE('',*,*,#2443,.F.);
#1876=ORIENTED_EDGE('',*,*,#2446,.F.);
#1877=ORIENTED_EDGE('',*,*,#2449,.F.);
#1878=ORIENTED_EDGE('',*,*,#2452,.F.);
#1879=ORIENTED_EDGE('',*,*,#2455,.F.);
#1880=ORIENTED_EDGE('',*,*,#2458,.F.);
#1881=ORIENTED_EDGE('',*,*,#2461,.F.);
#1882=ORIENTED_EDGE('',*,*,#2464,.F.);
#1883=ORIENTED_EDGE('',*,*,#2466,.F.);
#1884=ORIENTED_EDGE('',*,*,#2538,.T.);
#1885=ORIENTED_EDGE('',*,*,#2535,.T.);
#1886=ORIENTED_EDGE('',*,*,#2532,.T.);
#1887=ORIENTED_EDGE('',*,*,#2529,.T.);
#1888=ORIENTED_EDGE('',*,*,#2526,.T.);
#1889=ORIENTED_EDGE('',*,*,#2523,.T.);
#1890=ORIENTED_EDGE('',*,*,#2520,.T.);
#1891=ORIENTED_EDGE('',*,*,#2517,.T.);
#1892=ORIENTED_EDGE('',*,*,#2514,.T.);
#1893=ORIENTED_EDGE('',*,*,#2511,.T.);
#1894=ORIENTED_EDGE('',*,*,#2508,.T.);
#1895=ORIENTED_EDGE('',*,*,#2505,.T.);
#1896=ORIENTED_EDGE('',*,*,#2502,.T.);
#1897=ORIENTED_EDGE('',*,*,#2499,.T.);
#1898=ORIENTED_EDGE('',*,*,#2496,.T.);
#1899=ORIENTED_EDGE('',*,*,#2493,.T.);
#1900=ORIENTED_EDGE('',*,*,#2490,.T.);
#1901=ORIENTED_EDGE('',*,*,#2487,.T.);
#1902=ORIENTED_EDGE('',*,*,#2484,.T.);
#1903=ORIENTED_EDGE('',*,*,#2481,.T.);
#1904=ORIENTED_EDGE('',*,*,#2478,.T.);
#1905=ORIENTED_EDGE('',*,*,#2475,.T.);
#1906=ORIENTED_EDGE('',*,*,#2472,.T.);
#1907=ORIENTED_EDGE('',*,*,#2469,.T.);
#1908=CARTESIAN_POINT('',(1.7345,-0.296034185838194,2.33126755067786));
#1909=DIRECTION('',(1.0,0.0,0.0));
#1910=DIRECTION('',(0.0,1.0,0.0));
#1911=ORIENTED_EDGE('',*,*,#2425,.F.);
#1912=ORIENTED_EDGE('',*,*,#2465,.F.);
#1913=ORIENTED_EDGE('',*,*,#2462,.F.);
#1914=ORIENTED_EDGE('',*,*,#2459,.F.);
#1915=ORIENTED_EDGE('',*,*,#2456,.F.);
#1916=ORIENTED_EDGE('',*,*,#2453,.F.);
#1917=ORIENTED_EDGE('',*,*,#2450,.F.);
#1918=ORIENTED_EDGE('',*,*,#2447,.F.);
#1919=ORIENTED_EDGE('',*,*,#2444,.F.);
#1920=ORIENTED_EDGE('',*,*,#2441,.F.);
#1921=ORIENTED_EDGE('',*,*,#2438,.F.);
#1922=ORIENTED_EDGE('',*,*,#2435,.F.);
#1923=ORIENTED_EDGE('',*,*,#2432,.F.);
#1924=ORIENTED_EDGE('',*,*,#2429,.F.);
#1925=ORIENTED_EDGE('',*,*,#2467,.T.);
#1926=ORIENTED_EDGE('',*,*,#2471,.T.);
#1927=ORIENTED_EDGE('',*,*,#2474,.T.);
#1928=ORIENTED_EDGE('',*,*,#2477,.T.);
#1929=ORIENTED_EDGE('',*,*,#2480,.T.);
#1930=ORIENTED_EDGE('',*,*,#2483,.T.);
#1931=ORIENTED_EDGE('',*,*,#2486,.T.);
#1932=ORIENTED_EDGE('',*,*,#2489,.T.);
#1933=ORIENTED_EDGE('',*,*,#2492,.T.);
#1934=ORIENTED_EDGE('',*,*,#2495,.T.);
#1935=ORIENTED_EDGE('',*,*,#2498,.T.);
#1936=ORIENTED_EDGE('',*,*,#2501,.T.);
#1937=ORIENTED_EDGE('',*,*,#2504,.T.);
#1938=ORIENTED_EDGE('',*,*,#2507,.T.);
#1939=ORIENTED_EDGE('',*,*,#2510,.T.);
#1940=ORIENTED_EDGE('',*,*,#2513,.T.);
#1941=ORIENTED_EDGE('',*,*,#2516,.T.);
#1942=ORIENTED_EDGE('',*,*,#2519,.T.);
#1943=ORIENTED_EDGE('',*,*,#2522,.T.);
#1944=ORIENTED_EDGE('',*,*,#2525,.T.);
#1945=ORIENTED_EDGE('',*,*,#2528,.T.);
#1946=ORIENTED_EDGE('',*,*,#2531,.T.);
#1947=ORIENTED_EDGE('',*,*,#2534,.T.);
#1948=ORIENTED_EDGE('',*,*,#2537,.T.);
#1949=CARTESIAN_POINT('',(1.74883772052646,-0.296034185838194,2.33126755067786));
#1950=DIRECTION('',(1.0,0.0,0.0));
#1951=DIRECTION('',(0.0,1.0,0.0));
#1952=ORIENTED_EDGE('',*,*,#2539,.T.);
#1953=ORIENTED_EDGE('',*,*,#2540,.F.);
#1954=ORIENTED_EDGE('',*,*,#2541,.T.);
#1955=ORIENTED_EDGE('',*,*,#2542,.T.);
#1956=CARTESIAN_POINT('',(1.7345,7.16886026321488E-06,1.97565387846542));
#1957=DIRECTION('',(0.0,0.0,1.0));
#1958=DIRECTION('',(0.0,-1.0,0.0));
#1959=ORIENTED_EDGE('',*,*,#2543,.T.);
#1960=ORIENTED_EDGE('',*,*,#2544,.F.);
#1961=ORIENTED_EDGE('',*,*,#2545,.T.);
#1962=ORIENTED_EDGE('',*,*,#2540,.T.);
#1963=CARTESIAN_POINT('',(1.7345,0.163484424530944,1.77746729543545));
#1964=DIRECTION('',(0.0,0.771410548394244,-0.636337776519744));
#1965=DIRECTION('',(0.0,0.636337776519744,0.771410548394244));
#1966=ORIENTED_EDGE('',*,*,#2546,.T.);
#1967=ORIENTED_EDGE('',*,*,#2542,.F.);
#1968=ORIENTED_EDGE('',*,*,#2547,.T.);
#1969=ORIENTED_EDGE('',*,*,#2544,.T.);
#1970=CARTESIAN_POINT('',(1.7345,-0.16347725567068,1.77746729543545));
#1971=DIRECTION('',(0.0,-0.771424245750848,-0.636321171318176));
#1972=DIRECTION('',(0.0,0.636321171318175,-0.771424245750848));
#1973=ORIENTED_EDGE('',*,*,#2548,.F.);
#1974=ORIENTED_EDGE('',*,*,#2549,.F.);
#1975=ORIENTED_EDGE('',*,*,#2550,.T.);
#1976=ORIENTED_EDGE('',*,*,#2551,.T.);
#1977=CARTESIAN_POINT('',(1.7345,-0.394986995239429,2.03401700364044));
#1978=DIRECTION('',(0.0,-1.0,-0.0));
#1979=DIRECTION('',(-0.0,0.0,-1.0));
#1980=ORIENTED_EDGE('',*,*,#2552,.F.);
#1981=ORIENTED_EDGE('',*,*,#2551,.F.);
#1982=ORIENTED_EDGE('',*,*,#2553,.T.);
#1983=ORIENTED_EDGE('',*,*,#2554,.T.);
#1984=CARTESIAN_POINT('',(1.7345,1.43377205265571E-06,2.09238012881546));
#1985=DIRECTION('',(0.0,0.0,1.0));
#1986=DIRECTION('',(0.0,-1.0,0.0));
#1987=ORIENTED_EDGE('',*,*,#2555,.F.);
#1988=ORIENTED_EDGE('',*,*,#2554,.F.);
#1989=ORIENTED_EDGE('',*,*,#2556,.T.);
#1990=ORIENTED_EDGE('',*,*,#2557,.T.);
#1991=CARTESIAN_POINT('',(1.7345,0.394989862783534,2.03401700364044));
#1992=DIRECTION('',(0.0,1.0,0.0));
#1993=DIRECTION('',(0.0,0.0,1.0));
#1994=ORIENTED_EDGE('',*,*,#2558,.F.);
#1995=ORIENTED_EDGE('',*,*,#2557,.F.);
#1996=ORIENTED_EDGE('',*,*,#2559,.T.);
#1997=ORIENTED_EDGE('',*,*,#2560,.T.);
#1998=CARTESIAN_POINT('',(1.7345,0.197494931391767,1.73782693923271));
#1999=DIRECTION('',(0.0,0.769324507375015,-0.638858202070061));
#2000=DIRECTION('',(0.0,0.638858202070061,0.769324507375015));
#2001=ORIENTED_EDGE('',*,*,#2561,.F.);
#2002=ORIENTED_EDGE('',*,*,#2560,.F.);
#2003=ORIENTED_EDGE('',*,*,#2562,.T.);
#2004=ORIENTED_EDGE('',*,*,#2549,.T.);
#2005=CARTESIAN_POINT('',(1.7345,-0.197493497619714,1.73782693923271));
#2006=DIRECTION('',(0.0,-0.769326786893024,-0.638855457023618));
#2007=DIRECTION('',(0.0,0.638855457023618,-0.769326786893024));
#2008=ORIENTED_EDGE('',*,*,#2539,.F.);
#2009=ORIENTED_EDGE('',*,*,#2546,.F.);
#2010=ORIENTED_EDGE('',*,*,#2543,.F.);
#2011=ORIENTED_EDGE('',*,*,#2548,.T.);
#2012=ORIENTED_EDGE('',*,*,#2552,.T.);
#2013=ORIENTED_EDGE('',*,*,#2555,.T.);
#2014=ORIENTED_EDGE('',*,*,#2558,.T.);
#2015=ORIENTED_EDGE('',*,*,#2561,.T.);
#2016=CARTESIAN_POINT('',(1.74883772052646,1.20161741757782E-06,1.89235733377108));
#2017=DIRECTION('',(1.0,0.0,0.0));
#2018=DIRECTION('',(0.0,1.0,0.0));
#2019=ORIENTED_EDGE('',*,*,#2541,.F.);
#2020=ORIENTED_EDGE('',*,*,#2545,.F.);
#2021=ORIENTED_EDGE('',*,*,#2547,.F.);
#2022=ORIENTED_EDGE('',*,*,#2562,.F.);
#2023=ORIENTED_EDGE('',*,*,#2559,.F.);
#2024=ORIENTED_EDGE('',*,*,#2556,.F.);
#2025=ORIENTED_EDGE('',*,*,#2553,.F.);
#2026=ORIENTED_EDGE('',*,*,#2550,.F.);
#2027=CARTESIAN_POINT('',(1.7345,1.20161741756986E-06,1.89235733377108));
#2028=DIRECTION('',(1.0,0.0,0.0));
#2029=DIRECTION('',(0.0,1.0,0.0));
#2030=ORIENTED_EDGE('',*,*,#2563,.F.);
#2031=ORIENTED_EDGE('',*,*,#2564,.F.);
#2032=ORIENTED_EDGE('',*,*,#2565,.F.);
#2033=ORIENTED_EDGE('',*,*,#2566,.T.);
#2034=CARTESIAN_POINT('',(1.7345,-0.035268928591431,2.12540850182022));
#2035=DIRECTION('',(0.0,0.0,-1.0));
#2036=DIRECTION('',(0.0,1.0,0.0));
#2037=ORIENTED_EDGE('',*,*,#2567,.F.);
#2038=ORIENTED_EDGE('',*,*,#2566,.F.);
#2039=ORIENTED_EDGE('',*,*,#2568,.F.);
#2040=ORIENTED_EDGE('',*,*,#2569,.T.);
#2041=CARTESIAN_POINT('',(1.7345,-0.125081413609633,2.3246440324839));
#2042=DIRECTION('',(0.0,-1.0,0.0));
#2043=DIRECTION('',(0.0,0.0,-1.0));
#2044=ORIENTED_EDGE('',*,*,#2570,.F.);
#2045=ORIENTED_EDGE('',*,*,#2569,.F.);
#2046=ORIENTED_EDGE('',*,*,#2571,.F.);
#2047=ORIENTED_EDGE('',*,*,#2572,.T.);
#2048=CARTESIAN_POINT('',(1.7345,-0.035268928591431,2.52387956314758));
#2049=DIRECTION('',(0.0,0.0,1.0));
#2050=DIRECTION('',(0.0,-1.0,0.0));
#2051=ORIENTED_EDGE('',*,*,#2573,.F.);
#2052=ORIENTED_EDGE('',*,*,#2572,.F.);
#2053=ORIENTED_EDGE('',*,*,#2574,.F.);
#2054=ORIENTED_EDGE('',*,*,#2575,.T.);
#2055=CARTESIAN_POINT('',(1.7345,0.0545435564267712,2.47326454214506));
#2056=DIRECTION('',(0.0,1.0,0.0));
#2057=DIRECTION('',(0.0,0.0,1.0));
#2058=ORIENTED_EDGE('',*,*,#2576,.F.);
#2059=ORIENTED_EDGE('',*,*,#2575,.F.);
#2060=ORIENTED_EDGE('',*,*,#2577,.F.);
#2061=ORIENTED_EDGE('',*,*,#2578,.T.);
#2062=CARTESIAN_POINT('',(1.7345,0.0185673480817698,2.42264952114254));
#2063=DIRECTION('',(0.0,0.0,-1.0));
#2064=DIRECTION('',(0.0,1.0,0.0));
#2065=ORIENTED_EDGE('',*,*,#2579,.F.);
#2066=ORIENTED_EDGE('',*,*,#2578,.F.);
#2067=ORIENTED_EDGE('',*,*,#2580,.F.);
#2068=ORIENTED_EDGE('',*,*,#2581,.T.);
#2069=CARTESIAN_POINT('',(1.7345,-0.0174088602632316,2.39848759451134));
#2070=DIRECTION('',(0.0,1.0,0.0));
#2071=DIRECTION('',(0.0,0.0,1.0));
#2072=ORIENTED_EDGE('',*,*,#2582,.F.);
#2073=ORIENTED_EDGE('',*,*,#2581,.F.);
#2074=ORIENTED_EDGE('',*,*,#2583,.F.);
#2075=ORIENTED_EDGE('',*,*,#2584,.T.);
#2076=CARTESIAN_POINT('',(1.7345,0.0177357602912349,2.37432566788015));
#2077=DIRECTION('',(0.0,0.0,1.0));
#2078=DIRECTION('',(0.0,-1.0,0.0));
#2079=ORIENTED_EDGE('',*,*,#2585,.F.);
#2080=ORIENTED_EDGE('',*,*,#2584,.F.);
#2081=ORIENTED_EDGE('',*,*,#2586,.F.);
#2082=ORIENTED_EDGE('',*,*,#2587,.T.);
#2083=CARTESIAN_POINT('',(1.7345,0.0528803808457015,2.32728790814898));
#2084=DIRECTION('',(0.0,1.0,0.0));
#2085=DIRECTION('',(0.0,0.0,1.0));
#2086=ORIENTED_EDGE('',*,*,#2588,.F.);
#2087=ORIENTED_EDGE('',*,*,#2587,.F.);
#2088=ORIENTED_EDGE('',*,*,#2589,.F.);
#2089=ORIENTED_EDGE('',*,*,#2590,.T.);
#2090=CARTESIAN_POINT('',(1.7345,0.0177357602912349,2.28025014841781));
#2091=DIRECTION('',(0.0,0.0,-1.0));
#2092=DIRECTION('',(0.0,1.0,0.0));
#2093=ORIENTED_EDGE('',*,*,#2591,.F.);
#2094=ORIENTED_EDGE('',*,*,#2590,.F.);
#2095=ORIENTED_EDGE('',*,*,#2592,.F.);
#2096=ORIENTED_EDGE('',*,*,#2593,.T.);
#2097=CARTESIAN_POINT('',(1.7345,-0.0174088602632316,2.24986708485018));
#2098=DIRECTION('',(0.0,1.0,0.0));
#2099=DIRECTION('',(0.0,0.0,1.0));
#2100=ORIENTED_EDGE('',*,*,#2594,.F.);
#2101=ORIENTED_EDGE('',*,*,#2593,.F.);
#2102=ORIENTED_EDGE('',*,*,#2595,.F.);
#2103=ORIENTED_EDGE('',*,*,#2596,.T.);
#2104=CARTESIAN_POINT('',(1.7345,0.0185673480817698,2.21948402128255));
#2105=DIRECTION('',(0.0,0.0,1.0));
#2106=DIRECTION('',(0.0,-1.0,0.0));
#2107=ORIENTED_EDGE('',*,*,#2597,.F.);
#2108=ORIENTED_EDGE('',*,*,#2596,.F.);
#2109=ORIENTED_EDGE('',*,*,#2598,.F.);
#2110=ORIENTED_EDGE('',*,*,#2564,.T.);
#2111=CARTESIAN_POINT('',(1.7345,0.0545435564267712,2.17244626155139));
#2112=DIRECTION('',(0.0,1.0,0.0));
#2113=DIRECTION('',(0.0,0.0,1.0));
#2114=ORIENTED_EDGE('',*,*,#2598,.T.);
#2115=ORIENTED_EDGE('',*,*,#2595,.T.);
#2116=ORIENTED_EDGE('',*,*,#2592,.T.);
#2117=ORIENTED_EDGE('',*,*,#2589,.T.);
#2118=ORIENTED_EDGE('',*,*,#2586,.T.);
#2119=ORIENTED_EDGE('',*,*,#2583,.T.);
#2120=ORIENTED_EDGE('',*,*,#2580,.T.);
#2121=ORIENTED_EDGE('',*,*,#2577,.T.);
#2122=ORIENTED_EDGE('',*,*,#2574,.T.);
#2123=ORIENTED_EDGE('',*,*,#2571,.T.);
#2124=ORIENTED_EDGE('',*,*,#2568,.T.);
#2125=ORIENTED_EDGE('',*,*,#2565,.T.);
#2126=CARTESIAN_POINT('',(1.7345,-0.0302762234940821,2.32454469493625));
#2127=DIRECTION('',(1.0,0.0,0.0));
#2128=DIRECTION('',(0.0,1.0,0.0));
#2129=ORIENTED_EDGE('',*,*,#2563,.T.);
#2130=ORIENTED_EDGE('',*,*,#2567,.T.);
#2131=ORIENTED_EDGE('',*,*,#2570,.T.);
#2132=ORIENTED_EDGE('',*,*,#2573,.T.);
#2133=ORIENTED_EDGE('',*,*,#2576,.T.);
#2134=ORIENTED_EDGE('',*,*,#2579,.T.);
#2135=ORIENTED_EDGE('',*,*,#2582,.T.);
#2136=ORIENTED_EDGE('',*,*,#2585,.T.);
#2137=ORIENTED_EDGE('',*,*,#2588,.T.);
#2138=ORIENTED_EDGE('',*,*,#2591,.T.);
#2139=ORIENTED_EDGE('',*,*,#2594,.T.);
#2140=ORIENTED_EDGE('',*,*,#2597,.T.);
#2141=CARTESIAN_POINT('',(1.74883772052646,-0.0302762234940821,2.32454469493625));
#2142=DIRECTION('',(1.0,0.0,0.0));
#2143=DIRECTION('',(0.0,1.0,0.0));
#2144=ORIENTED_EDGE('',*,*,#2599,.F.);
#2145=ORIENTED_EDGE('',*,*,#2600,.F.);
#2146=ORIENTED_EDGE('',*,*,#2601,.F.);
#2147=ORIENTED_EDGE('',*,*,#2602,.F.);
#2148=CARTESIAN_POINT('',(1.7345,0.447835833099972,2.48347873424811));
#2149=DIRECTION('',(1.0,0.0,0.0));
#2150=DIRECTION('',(0.0,1.0,0.0));
#2151=ORIENTED_EDGE('',*,*,#2603,.F.);
#2152=ORIENTED_EDGE('',*,*,#2604,.T.);
#2153=ORIENTED_EDGE('',*,*,#2605,.F.);
#2154=ORIENTED_EDGE('',*,*,#2606,.T.);
#2155=CARTESIAN_POINT('',(1.7345,0.447835833099972,2.48347873424811));
#2156=DIRECTION('',(1.0,0.0,-0.0));
#2157=DIRECTION('',(0.0,1.0,4.13630997392013E-15));
#2158=ORIENTED_EDGE('',*,*,#2603,.T.);
#2159=ORIENTED_EDGE('',*,*,#2607,.T.);
#2160=ORIENTED_EDGE('',*,*,#2605,.T.);
#2161=ORIENTED_EDGE('',*,*,#2608,.T.);
#2162=CARTESIAN_POINT('',(1.7345,0.447835833099972,2.48347873424811));
#2163=DIRECTION('',(1.0,0.0,-0.0));
#2164=DIRECTION('',(0.0,1.0,4.13630997392013E-15));
#2165=ORIENTED_EDGE('',*,*,#2599,.T.);
#2166=ORIENTED_EDGE('',*,*,#2609,.F.);
#2167=ORIENTED_EDGE('',*,*,#2601,.T.);
#2168=ORIENTED_EDGE('',*,*,#2610,.F.);
#2169=CARTESIAN_POINT('',(1.7345,0.447835833099972,2.48347873424811));
#2170=DIRECTION('',(1.0,0.0,0.0));
#2171=DIRECTION('',(0.0,1.0,0.0));
#2172=ORIENTED_EDGE('',*,*,#2604,.F.);
#2173=ORIENTED_EDGE('',*,*,#2608,.F.);
#2174=ORIENTED_EDGE('',*,*,#2602,.T.);
#2175=ORIENTED_EDGE('',*,*,#2609,.T.);
#2176=CARTESIAN_POINT('',(1.7345,0.447835833099972,2.48347873424811));
#2177=DIRECTION('',(1.0,0.0,0.0));
#2178=DIRECTION('',(0.0,1.0,0.0));
#2179=ORIENTED_EDGE('',*,*,#2606,.F.);
#2180=ORIENTED_EDGE('',*,*,#2607,.F.);
#2181=ORIENTED_EDGE('',*,*,#2600,.T.);
#2182=ORIENTED_EDGE('',*,*,#2610,.T.);
#2183=CARTESIAN_POINT('',(1.74883772052646,0.447835833099972,2.48347873424811));
#2184=DIRECTION('',(1.0,0.0,0.0));
#2185=DIRECTION('',(0.0,1.0,0.0));
#2186=VERTEX_POINT('',#2611);
#2187=VERTEX_POINT('',#2612);
#2188=LINE('',#2613,#2614);
#2189=VERTEX_POINT('',#2615);
#2190=CIRCLE('',#2616,2.045);
#2191=VERTEX_POINT('',#2617);
#2192=LINE('',#2618,#2619);
#2193=CIRCLE('',#2620,1.8405);
#2194=VERTEX_POINT('',#2621);
#2195=LINE('',#2622,#2623);
#2196=VERTEX_POINT('',#2624);
#2197=CIRCLE('',#2625,2.045);
#2198=LINE('',#2626,#2627);
#2199=VERTEX_POINT('',#2628);
#2200=VERTEX_POINT('',#2629);
#2201=CIRCLE('',#2630,0.0834000000000006);
#2202=VERTEX_POINT('',#2631);
#2203=CIRCLE('',#2632,2.78);
#2204=VERTEX_POINT('',#2633);
#2205=CIRCLE('',#2634,0.0834000000000006);
#2206=CIRCLE('',#2635,2.6966);
#2207=VERTEX_POINT('',#2636);
#2208=LINE('',#2637,#2638);
#2209=VERTEX_POINT('',#2639);
#2210=CIRCLE('',#2640,2.78);
#2211=LINE('',#2641,#2642);
#2212=CIRCLE('',#2643,2.78);
#2213=VERTEX_POINT('',#2644);
#2214=VERTEX_POINT('',#2645);
#2215=LINE('',#2646,#2647);
#2216=VERTEX_POINT('',#2648);
#2217=CIRCLE('',#2649,2.7035);
#2218=VERTEX_POINT('',#2650);
#2219=LINE('',#2651,#2652);
#2220=CIRCLE('',#2653,2.7035);
#2221=VERTEX_POINT('',#2654);
#2222=VERTEX_POINT('',#2655);
#2223=LINE('',#2656,#2657);
#2224=VERTEX_POINT('',#2658);
#2225=CIRCLE('',#2659,2.78);
#2226=VERTEX_POINT('',#2660);
#2227=LINE('',#2661,#2662);
#2228=CIRCLE('',#2663,2.78);
#2229=VERTEX_POINT('',#2664);
#2230=VERTEX_POINT('',#2665);
#2231=LINE('',#2666,#2667);
#2232=VERTEX_POINT('',#2668);
#2233=CIRCLE('',#2669,2.7035);
#2234=VERTEX_POINT('',#2670);
#2235=LINE('',#2671,#2672);
#2236=CIRCLE('',#2673,2.7035);
#2237=VERTEX_POINT('',#2674);
#2238=VERTEX_POINT('',#2675);
#2239=LINE('',#2676,#2677);
#2240=VERTEX_POINT('',#2678);
#2241=CIRCLE('',#2679,2.78);
#2242=VERTEX_POINT('',#2680);
#2243=LINE('',#2681,#2682);
#2244=CIRCLE('',#2683,2.78);
#2245=VERTEX_POINT('',#2684);
#2246=LINE('',#2685,#2686);
#2247=VERTEX_POINT('',#2687);
#2248=CIRCLE('',#2688,2.6966);
#2249=LINE('',#2689,#2690);
#2250=VERTEX_POINT('',#2691);
#2251=VERTEX_POINT('',#2692);
#2252=LINE('',#2693,#2694);
#2253=VERTEX_POINT('',#2695);
#2254=CIRCLE('',#2696,1.5);
#2255=VERTEX_POINT('',#2697);
#2256=LINE('',#2698,#2699);
#2257=CIRCLE('',#2700,1.2295);
#2258=VERTEX_POINT('',#2701);
#2259=LINE('',#2702,#2703);
#2260=VERTEX_POINT('',#2704);
#2261=LINE('',#2705,#2706);
#2262=CIRCLE('',#2707,1.2295);
#2263=VERTEX_POINT('',#2708);
#2264=LINE('',#2709,#2710);
#2265=VERTEX_POINT('',#2711);
#2266=LINE('',#2712,#2713);
#2267=CIRCLE('',#2714,1.5);
#2268=CIRCLE('',#2715,1.5);
#2269=CIRCLE('',#2716,1.2295);
#2270=CIRCLE('',#2717,1.2295);
#2271=CIRCLE('',#2718,1.5);
#2272=CIRCLE('',#2719,2.6966);
#2273=CIRCLE('',#2720,2.78);
#2274=CIRCLE('',#2721,2.78);
#2275=CIRCLE('',#2722,2.7035);
#2276=CIRCLE('',#2723,2.7035);
#2277=CIRCLE('',#2724,2.78);
#2278=CIRCLE('',#2725,2.78);
#2279=CIRCLE('',#2726,2.7035);
#2280=CIRCLE('',#2727,2.7035);
#2281=CIRCLE('',#2728,2.78);
#2282=CIRCLE('',#2729,2.6966);
#2283=CIRCLE('',#2730,2.045);
#2284=CIRCLE('',#2731,2.045);
#2285=CIRCLE('',#2732,1.8405);
#2286=EDGE_CURVE('',#2733,#2734,#2735,.T.);
#2287=EDGE_CURVE('',#2736,#2734,#2737,.T.);
#2288=EDGE_CURVE('',#2736,#2738,#2739,.T.);
#2289=EDGE_CURVE('',#2738,#2733,#2740,.T.);
#2290=EDGE_CURVE('',#2734,#2741,#2742,.T.);
#2291=EDGE_CURVE('',#2743,#2741,#2744,.T.);
#2292=EDGE_CURVE('',#2743,#2736,#2745,.T.);
#2293=EDGE_CURVE('',#2741,#2746,#2747,.T.);
#2294=EDGE_CURVE('',#2748,#2746,#2749,.T.);
#2295=EDGE_CURVE('',#2748,#2743,#2750,.T.);
#2296=EDGE_CURVE('',#2746,#2751,#2752,.T.);
#2297=EDGE_CURVE('',#2753,#2751,#2754,.T.);
#2298=EDGE_CURVE('',#2753,#2748,#2755,.T.);
#2299=EDGE_CURVE('',#2751,#2756,#2757,.T.);
#2300=EDGE_CURVE('',#2758,#2756,#2759,.T.);
#2301=EDGE_CURVE('',#2758,#2753,#2760,.T.);
#2302=EDGE_CURVE('',#2756,#2761,#2762,.T.);
#2303=EDGE_CURVE('',#2763,#2761,#2764,.T.);
#2304=EDGE_CURVE('',#2763,#2758,#2765,.T.);
#2305=EDGE_CURVE('',#2761,#2766,#2767,.T.);
#2306=EDGE_CURVE('',#2768,#2766,#2769,.T.);
#2307=EDGE_CURVE('',#2768,#2763,#2770,.T.);
#2308=EDGE_CURVE('',#2766,#2771,#2772,.T.);
#2309=EDGE_CURVE('',#2773,#2771,#2774,.T.);
#2310=EDGE_CURVE('',#2773,#2768,#2775,.T.);
#2311=EDGE_CURVE('',#2771,#2733,#2776,.T.);
#2312=EDGE_CURVE('',#2738,#2773,#2777,.T.);
#2313=EDGE_CURVE('',#2778,#2779,#2780,.T.);
#2314=EDGE_CURVE('',#2781,#2778,#2782,.T.);
#2315=EDGE_CURVE('',#2783,#2781,#2784,.T.);
#2316=EDGE_CURVE('',#2783,#2779,#2785,.T.);
#2317=EDGE_CURVE('',#2779,#2786,#2787,.T.);
#2318=EDGE_CURVE('',#2788,#2783,#2789,.T.);
#2319=EDGE_CURVE('',#2788,#2786,#2790,.T.);
#2320=EDGE_CURVE('',#2786,#2791,#2792,.T.);
#2321=EDGE_CURVE('',#2793,#2788,#2794,.T.);
#2322=EDGE_CURVE('',#2793,#2791,#2795,.T.);
#2323=EDGE_CURVE('',#2791,#2796,#2797,.T.);
#2324=EDGE_CURVE('',#2798,#2793,#2799,.T.);
#2325=EDGE_CURVE('',#2798,#2796,#2800,.T.);
#2326=EDGE_CURVE('',#2796,#2801,#2802,.T.);
#2327=EDGE_CURVE('',#2803,#2798,#2804,.T.);
#2328=EDGE_CURVE('',#2803,#2801,#2805,.T.);
#2329=EDGE_CURVE('',#2803,#2801,#2806,.T.);
#2330=EDGE_CURVE('',#2803,#2801,#2807,.T.);
#2331=EDGE_CURVE('',#2801,#2808,#2809,.T.);
#2332=EDGE_CURVE('',#2810,#2803,#2811,.T.);
#2333=EDGE_CURVE('',#2810,#2808,#2812,.T.);
#2334=EDGE_CURVE('',#2808,#2813,#2814,.T.);
#2335=EDGE_CURVE('',#2815,#2810,#2816,.T.);
#2336=EDGE_CURVE('',#2815,#2813,#2817,.T.);
#2337=EDGE_CURVE('',#2813,#2818,#2819,.T.);
#2338=EDGE_CURVE('',#2820,#2815,#2821,.T.);
#2339=EDGE_CURVE('',#2820,#2818,#2822,.T.);
#2340=EDGE_CURVE('',#2818,#2823,#2824,.T.);
#2341=EDGE_CURVE('',#2825,#2820,#2826,.T.);
#2342=EDGE_CURVE('',#2825,#2823,#2827,.T.);
#2343=EDGE_CURVE('',#2823,#2828,#2829,.T.);
#2344=EDGE_CURVE('',#2830,#2825,#2831,.T.);
#2345=EDGE_CURVE('',#2830,#2828,#2832,.T.);
#2346=EDGE_CURVE('',#2830,#2828,#2833,.T.);
#2347=EDGE_CURVE('',#2830,#2828,#2834,.T.);
#2348=EDGE_CURVE('',#2828,#2835,#2836,.T.);
#2349=EDGE_CURVE('',#2837,#2830,#2838,.T.);
#2350=EDGE_CURVE('',#2837,#2835,#2839,.T.);
#2351=EDGE_CURVE('',#2835,#2840,#2841,.T.);
#2352=EDGE_CURVE('',#2842,#2837,#2843,.T.);
#2353=EDGE_CURVE('',#2842,#2840,#2844,.T.);
#2354=EDGE_CURVE('',#2840,#2845,#2846,.T.);
#2355=EDGE_CURVE('',#2847,#2842,#2848,.T.);
#2356=EDGE_CURVE('',#2847,#2845,#2849,.T.);
#2357=EDGE_CURVE('',#2845,#2850,#2851,.T.);
#2358=EDGE_CURVE('',#2852,#2847,#2853,.T.);
#2359=EDGE_CURVE('',#2852,#2850,#2854,.T.);
#2360=EDGE_CURVE('',#2850,#2855,#2856,.T.);
#2361=EDGE_CURVE('',#2857,#2852,#2858,.T.);
#2362=EDGE_CURVE('',#2857,#2855,#2859,.T.);
#2363=EDGE_CURVE('',#2855,#2860,#2861,.T.);
#2364=EDGE_CURVE('',#2862,#2857,#2863,.T.);
#2365=EDGE_CURVE('',#2862,#2860,#2864,.T.);
#2366=EDGE_CURVE('',#2860,#2865,#2866,.T.);
#2367=EDGE_CURVE('',#2867,#2862,#2868,.T.);
#2368=EDGE_CURVE('',#2867,#2865,#2869,.T.);
#2369=EDGE_CURVE('',#2865,#2870,#2871,.T.);
#2370=EDGE_CURVE('',#2872,#2867,#2873,.T.);
#2371=EDGE_CURVE('',#2872,#2870,#2874,.T.);
#2372=EDGE_CURVE('',#2870,#2875,#2876,.T.);
#2373=EDGE_CURVE('',#2877,#2872,#2878,.T.);
#2374=EDGE_CURVE('',#2877,#2875,#2879,.T.);
#2375=EDGE_CURVE('',#2875,#2880,#2881,.T.);
#2376=EDGE_CURVE('',#2882,#2877,#2883,.T.);
#2377=EDGE_CURVE('',#2882,#2880,#2884,.T.);
#2378=EDGE_CURVE('',#2880,#2885,#2886,.T.);
#2379=EDGE_CURVE('',#2887,#2882,#2888,.T.);
#2380=EDGE_CURVE('',#2887,#2885,#2889,.T.);
#2381=EDGE_CURVE('',#2885,#2890,#2891,.T.);
#2382=EDGE_CURVE('',#2892,#2887,#2893,.T.);
#2383=EDGE_CURVE('',#2892,#2890,#2894,.T.);
#2384=EDGE_CURVE('',#2890,#2895,#2896,.T.);
#2385=EDGE_CURVE('',#2897,#2892,#2898,.T.);
#2386=EDGE_CURVE('',#2897,#2895,#2899,.T.);
#2387=EDGE_CURVE('',#2895,#2778,#2900,.T.);
#2388=EDGE_CURVE('',#2781,#2897,#2901,.T.);
#2389=EDGE_CURVE('',#2902,#2903,#2904,.T.);
#2390=EDGE_CURVE('',#2905,#2902,#2906,.T.);
#2391=EDGE_CURVE('',#2905,#2907,#2908,.T.);
#2392=EDGE_CURVE('',#2907,#2903,#2909,.T.);
#2393=EDGE_CURVE('',#2903,#2910,#2911,.T.);
#2394=EDGE_CURVE('',#2907,#2912,#2913,.T.);
#2395=EDGE_CURVE('',#2912,#2910,#2914,.T.);
#2396=EDGE_CURVE('',#2910,#2915,#2916,.T.);
#2397=EDGE_CURVE('',#2912,#2917,#2918,.T.);
#2398=EDGE_CURVE('',#2917,#2915,#2919,.T.);
#2399=EDGE_CURVE('',#2915,#2920,#2921,.T.);
#2400=EDGE_CURVE('',#2917,#2922,#2923,.T.);
#2401=EDGE_CURVE('',#2922,#2920,#2924,.T.);
#2402=EDGE_CURVE('',#2920,#2925,#2926,.T.);
#2403=EDGE_CURVE('',#2922,#2927,#2928,.T.);
#2404=EDGE_CURVE('',#2927,#2925,#2929,.T.);
#2405=EDGE_CURVE('',#2925,#2930,#2931,.T.);
#2406=EDGE_CURVE('',#2927,#2932,#2933,.T.);
#2407=EDGE_CURVE('',#2932,#2930,#2934,.T.);
#2408=EDGE_CURVE('',#2930,#2935,#2936,.T.);
#2409=EDGE_CURVE('',#2932,#2937,#2938,.T.);
#2410=EDGE_CURVE('',#2937,#2935,#2939,.T.);
#2411=EDGE_CURVE('',#2935,#2940,#2941,.T.);
#2412=EDGE_CURVE('',#2937,#2942,#2943,.T.);
#2413=EDGE_CURVE('',#2942,#2940,#2944,.T.);
#2414=EDGE_CURVE('',#2940,#2945,#2946,.T.);
#2415=EDGE_CURVE('',#2942,#2947,#2948,.T.);
#2416=EDGE_CURVE('',#2947,#2945,#2949,.T.);
#2417=EDGE_CURVE('',#2945,#2950,#2951,.T.);
#2418=EDGE_CURVE('',#2947,#2952,#2953,.T.);
#2419=EDGE_CURVE('',#2952,#2950,#2954,.T.);
#2420=EDGE_CURVE('',#2950,#2955,#2956,.T.);
#2421=EDGE_CURVE('',#2952,#2957,#2958,.T.);
#2422=EDGE_CURVE('',#2957,#2955,#2959,.T.);
#2423=EDGE_CURVE('',#2955,#2902,#2960,.T.);
#2424=EDGE_CURVE('',#2957,#2905,#2961,.T.);
#2425=EDGE_CURVE('',#2962,#2963,#2964,.T.);
#2426=EDGE_CURVE('',#2965,#2963,#2966,.T.);
#2427=EDGE_CURVE('',#2965,#2967,#2968,.T.);
#2428=EDGE_CURVE('',#2967,#2962,#2969,.T.);
#2429=EDGE_CURVE('',#2963,#2970,#2971,.T.);
#2430=EDGE_CURVE('',#2972,#2970,#2973,.T.);
#2431=EDGE_CURVE('',#2972,#2965,#2974,.T.);
#2432=EDGE_CURVE('',#2970,#2975,#2976,.T.);
#2433=EDGE_CURVE('',#2977,#2975,#2978,.T.);
#2434=EDGE_CURVE('',#2977,#2972,#2979,.T.);
#2435=EDGE_CURVE('',#2975,#2980,#2981,.T.);
#2436=EDGE_CURVE('',#2982,#2980,#2983,.T.);
#2437=EDGE_CURVE('',#2982,#2977,#2984,.T.);
#2438=EDGE_CURVE('',#2980,#2985,#2986,.T.);
#2439=EDGE_CURVE('',#2987,#2985,#2988,.T.);
#2440=EDGE_CURVE('',#2987,#2982,#2989,.T.);
#2441=EDGE_CURVE('',#2985,#2990,#2991,.T.);
#2442=EDGE_CURVE('',#2992,#2990,#2993,.T.);
#2443=EDGE_CURVE('',#2992,#2987,#2994,.T.);
#2444=EDGE_CURVE('',#2990,#2995,#2996,.T.);
#2445=EDGE_CURVE('',#2997,#2995,#2998,.T.);
#2446=EDGE_CURVE('',#2997,#2992,#2999,.T.);
#2447=EDGE_CURVE('',#2995,#3000,#3001,.T.);
#2448=EDGE_CURVE('',#3002,#3000,#3003,.T.);
#2449=EDGE_CURVE('',#3002,#2997,#3004,.T.);
#2450=EDGE_CURVE('',#3000,#3005,#3006,.T.);
#2451=EDGE_CURVE('',#3007,#3005,#3008,.T.);
#2452=EDGE_CURVE('',#3007,#3002,#3009,.T.);
#2453=EDGE_CURVE('',#3005,#3010,#3011,.T.);
#2454=EDGE_CURVE('',#3012,#3010,#3013,.T.);
#2455=EDGE_CURVE('',#3012,#3007,#3014,.T.);
#2456=EDGE_CURVE('',#3010,#3015,#3016,.T.);
#2457=EDGE_CURVE('',#3017,#3015,#3018,.T.);
#2458=EDGE_CURVE('',#3017,#3012,#3019,.T.);
#2459=EDGE_CURVE('',#3015,#3020,#3021,.T.);
#2460=EDGE_CURVE('',#3022,#3020,#3023,.T.);
#2461=EDGE_CURVE('',#3022,#3017,#3024,.T.);
#2462=EDGE_CURVE('',#3020,#3025,#3026,.T.);
#2463=EDGE_CURVE('',#3027,#3025,#3028,.T.);
#2464=EDGE_CURVE('',#3027,#3022,#3029,.T.);
#2465=EDGE_CURVE('',#3025,#2962,#3030,.T.);
#2466=EDGE_CURVE('',#2967,#3027,#3031,.T.);
#2467=EDGE_CURVE('',#3032,#3033,#3034,.T.);
#2468=EDGE_CURVE('',#3035,#3032,#3036,.T.);
#2469=EDGE_CURVE('',#3037,#3035,#3038,.T.);
#2470=EDGE_CURVE('',#3037,#3033,#3039,.T.);
#2471=EDGE_CURVE('',#3033,#3040,#3041,.T.);
#2472=EDGE_CURVE('',#3042,#3037,#3043,.T.);
#2473=EDGE_CURVE('',#3042,#3040,#3044,.T.);
#2474=EDGE_CURVE('',#3040,#3045,#3046,.T.);
#2475=EDGE_CURVE('',#3047,#3042,#3048,.T.);
#2476=EDGE_CURVE('',#3047,#3045,#3049,.T.);
#2477=EDGE_CURVE('',#3045,#3050,#3051,.T.);
#2478=EDGE_CURVE('',#3052,#3047,#3053,.T.);
#2479=EDGE_CURVE('',#3052,#3050,#3054,.T.);
#2480=EDGE_CURVE('',#3050,#3055,#3056,.T.);
#2481=EDGE_CURVE('',#3057,#3052,#3058,.T.);
#2482=EDGE_CURVE('',#3057,#3055,#3059,.T.);
#2483=EDGE_CURVE('',#3055,#3060,#3061,.T.);
#2484=EDGE_CURVE('',#3062,#3057,#3063,.T.);
#2485=EDGE_CURVE('',#3062,#3060,#3064,.T.);
#2486=EDGE_CURVE('',#3060,#3065,#3066,.T.);
#2487=EDGE_CURVE('',#3067,#3062,#3068,.T.);
#2488=EDGE_CURVE('',#3067,#3065,#3069,.T.);
#2489=EDGE_CURVE('',#3065,#3070,#3071,.T.);
#2490=EDGE_CURVE('',#3072,#3067,#3073,.T.);
#2491=EDGE_CURVE('',#3072,#3070,#3074,.T.);
#2492=EDGE_CURVE('',#3070,#3075,#3076,.T.);
#2493=EDGE_CURVE('',#3077,#3072,#3078,.T.);
#2494=EDGE_CURVE('',#3077,#3075,#3079,.T.);
#2495=EDGE_CURVE('',#3075,#3080,#3081,.T.);
#2496=EDGE_CURVE('',#3082,#3077,#3083,.T.);
#2497=EDGE_CURVE('',#3082,#3080,#3084,.T.);
#2498=EDGE_CURVE('',#3080,#3085,#3086,.T.);
#2499=EDGE_CURVE('',#3087,#3082,#3088,.T.);
#2500=EDGE_CURVE('',#3087,#3085,#3089,.T.);
#2501=EDGE_CURVE('',#3085,#3090,#3091,.T.);
#2502=EDGE_CURVE('',#3092,#3087,#3093,.T.);
#2503=EDGE_CURVE('',#3092,#3090,#3094,.T.);
#2504=EDGE_CURVE('',#3090,#3095,#3096,.T.);
#2505=EDGE_CURVE('',#3097,#3092,#3098,.T.);
#2506=EDGE_CURVE('',#3097,#3095,#3099,.T.);
#2507=EDGE_CURVE('',#3095,#3100,#3101,.T.);
#2508=EDGE_CURVE('',#3102,#3097,#3103,.T.);
#2509=EDGE_CURVE('',#3102,#3100,#3104,.T.);
#2510=EDGE_CURVE('',#3100,#3105,#3106,.T.);
#2511=EDGE_CURVE('',#3107,#3102,#3108,.T.);
#2512=EDGE_CURVE('',#3107,#3105,#3109,.T.);
#2513=EDGE_CURVE('',#3105,#3110,#3111,.T.);
#2514=EDGE_CURVE('',#3112,#3107,#3113,.T.);
#2515=EDGE_CURVE('',#3112,#3110,#3114,.T.);
#2516=EDGE_CURVE('',#3110,#3115,#3116,.T.);
#2517=EDGE_CURVE('',#3117,#3112,#3118,.T.);
#2518=EDGE_CURVE('',#3117,#3115,#3119,.T.);
#2519=EDGE_CURVE('',#3115,#3120,#3121,.T.);
#2520=EDGE_CURVE('',#3122,#3117,#3123,.T.);
#2521=EDGE_CURVE('',#3122,#3120,#3124,.T.);
#2522=EDGE_CURVE('',#3120,#3125,#3126,.T.);
#2523=EDGE_CURVE('',#3127,#3122,#3128,.T.);
#2524=EDGE_CURVE('',#3127,#3125,#3129,.T.);
#2525=EDGE_CURVE('',#3125,#3130,#3131,.T.);
#2526=EDGE_CURVE('',#3132,#3127,#3133,.T.);
#2527=EDGE_CURVE('',#3132,#3130,#3134,.T.);
#2528=EDGE_CURVE('',#3130,#3135,#3136,.T.);
#2529=EDGE_CURVE('',#3137,#3132,#3138,.T.);
#2530=EDGE_CURVE('',#3137,#3135,#3139,.T.);
#2531=EDGE_CURVE('',#3135,#3140,#3141,.T.);
#2532=EDGE_CURVE('',#3142,#3137,#3143,.T.);
#2533=EDGE_CURVE('',#3142,#3140,#3144,.T.);
#2534=EDGE_CURVE('',#3140,#3145,#3146,.T.);
#2535=EDGE_CURVE('',#3147,#3142,#3148,.T.);
#2536=EDGE_CURVE('',#3147,#3145,#3149,.T.);
#2537=EDGE_CURVE('',#3145,#3032,#3150,.T.);
#2538=EDGE_CURVE('',#3035,#3147,#3151,.T.);
#2539=EDGE_CURVE('',#3152,#3153,#3154,.T.);
#2540=EDGE_CURVE('',#3155,#3153,#3156,.T.);
#2541=EDGE_CURVE('',#3155,#3157,#3158,.T.);
#2542=EDGE_CURVE('',#3157,#3152,#3159,.T.);
#2543=EDGE_CURVE('',#3153,#3160,#3161,.T.);
#2544=EDGE_CURVE('',#3162,#3160,#3163,.T.);
#2545=EDGE_CURVE('',#3162,#3155,#3164,.T.);
#2546=EDGE_CURVE('',#3160,#3152,#3165,.T.);
#2547=EDGE_CURVE('',#3157,#3162,#3166,.T.);
#2548=EDGE_CURVE('',#3167,#3168,#3169,.T.);
#2549=EDGE_CURVE('',#3170,#3167,#3171,.T.);
#2550=EDGE_CURVE('',#3170,#3172,#3173,.T.);
#2551=EDGE_CURVE('',#3172,#3168,#3174,.T.);
#2552=EDGE_CURVE('',#3168,#3175,#3176,.T.);
#2553=EDGE_CURVE('',#3172,#3177,#3178,.T.);
#2554=EDGE_CURVE('',#3177,#3175,#3179,.T.);
#2555=EDGE_CURVE('',#3175,#3180,#3181,.T.);
#2556=EDGE_CURVE('',#3177,#3182,#3183,.T.);
#2557=EDGE_CURVE('',#3182,#3180,#3184,.T.);
#2558=EDGE_CURVE('',#3180,#3185,#3186,.T.);
#2559=EDGE_CURVE('',#3182,#3187,#3188,.T.);
#2560=EDGE_CURVE('',#3187,#3185,#3189,.T.);
#2561=EDGE_CURVE('',#3185,#3167,#3190,.T.);
#2562=EDGE_CURVE('',#3187,#3170,#3191,.T.);
#2563=EDGE_CURVE('',#3192,#3193,#3194,.T.);
#2564=EDGE_CURVE('',#3195,#3192,#3196,.T.);
#2565=EDGE_CURVE('',#3197,#3195,#3198,.T.);
#2566=EDGE_CURVE('',#3197,#3193,#3199,.T.);
#2567=EDGE_CURVE('',#3193,#3200,#3201,.T.);
#2568=EDGE_CURVE('',#3202,#3197,#3203,.T.);
#2569=EDGE_CURVE('',#3202,#3200,#3204,.T.);
#2570=EDGE_CURVE('',#3200,#3205,#3206,.T.);
#2571=EDGE_CURVE('',#3207,#3202,#3208,.T.);
#2572=EDGE_CURVE('',#3207,#3205,#3209,.T.);
#2573=EDGE_CURVE('',#3205,#3210,#3211,.T.);
#2574=EDGE_CURVE('',#3212,#3207,#3213,.T.);
#2575=EDGE_CURVE('',#3212,#3210,#3214,.T.);
#2576=EDGE_CURVE('',#3210,#3215,#3216,.T.);
#2577=EDGE_CURVE('',#3217,#3212,#3218,.T.);
#2578=EDGE_CURVE('',#3217,#3215,#3219,.T.);
#2579=EDGE_CURVE('',#3215,#3220,#3221,.T.);
#2580=EDGE_CURVE('',#3222,#3217,#3223,.T.);
#2581=EDGE_CURVE('',#3222,#3220,#3224,.T.);
#2582=EDGE_CURVE('',#3220,#3225,#3226,.T.);
#2583=EDGE_CURVE('',#3227,#3222,#3228,.T.);
#2584=EDGE_CURVE('',#3227,#3225,#3229,.T.);
#2585=EDGE_CURVE('',#3225,#3230,#3231,.T.);
#2586=EDGE_CURVE('',#3232,#3227,#3233,.T.);
#2587=EDGE_CURVE('',#3232,#3230,#3234,.T.);
#2588=EDGE_CURVE('',#3230,#3235,#3236,.T.);
#2589=EDGE_CURVE('',#3237,#3232,#3238,.T.);
#2590=EDGE_CURVE('',#3237,#3235,#3239,.T.);
#2591=EDGE_CURVE('',#3235,#3240,#3241,.T.);
#2592=EDGE_CURVE('',#3242,#3237,#3243,.T.);
#2593=EDGE_CURVE('',#3242,#3240,#3244,.T.);
#2594=EDGE_CURVE('',#3240,#3245,#3246,.T.);
#2595=EDGE_CURVE('',#3247,#3242,#3248,.T.);
#2596=EDGE_CURVE('',#3247,#3245,#3249,.T.);
#2597=EDGE_CURVE('',#3245,#3192,#3250,.T.);
#2598=EDGE_CURVE('',#3195,#3247,#3251,.T.);
#2599=EDGE_CURVE('',#3252,#3253,#3254,.T.);
#2600=EDGE_CURVE('',#3255,#3252,#3256,.T.);
#2601=EDGE_CURVE('',#3257,#3255,#3258,.T.);
#2602=EDGE_CURVE('',#3253,#3257,#3259,.T.);
#2603=EDGE_CURVE('',#3260,#3261,#3262,.T.);
#2604=EDGE_CURVE('',#3260,#3263,#3264,.T.);
#2605=EDGE_CURVE('',#3265,#3263,#3266,.T.);
#2606=EDGE_CURVE('',#3265,#3261,#3267,.T.);
#2607=EDGE_CURVE('',#3261,#3265,#3268,.T.);
#2608=EDGE_CURVE('',#3263,#3260,#3269,.T.);
#2609=EDGE_CURVE('',#3257,#3253,#3270,.T.);
#2610=EDGE_CURVE('',#3252,#3255,#3271,.T.);
#2611=CARTESIAN_POINT('',(0.2045,1.25220135212817E-17,-2.045));
#2612=CARTESIAN_POINT('',(1.12698121691535E-16,0.0,-1.8405));
#2613=CARTESIAN_POINT('',(0.10225,2.37910399388842E-16,-1.94275));
#2614=VECTOR('',#3272,1.0);
#2615=CARTESIAN_POINT('',(0.2045,-2.50431999356676E-16,2.045));
#2616=AXIS2_PLACEMENT_3D('',#3273,#3274,#3275);
#2617=CARTESIAN_POINT('',(-1.12698121691535E-16,-2.25388799421009E-16,1.8405));
#2618=CARTESIAN_POINT('',(0.10225,-2.37910399388842E-16,1.94275));
#2619=VECTOR('',#3276,1.0);
#2620=AXIS2_PLACEMENT_3D('',#3277,#3278,#3279);
#2621=CARTESIAN_POINT('',(1.53,9.36854801347725E-17,-2.045));
#2622=CARTESIAN_POINT('',(0.86725,2.50431999356676E-16,-2.045));
#2623=VECTOR('',#3280,1.0);
#2624=CARTESIAN_POINT('',(1.53,-2.50431999356676E-16,2.045));
#2625=AXIS2_PLACEMENT_3D('',#3281,#3282,#3283);
#2626=CARTESIAN_POINT('',(0.86725,-2.50431999356676E-16,2.045));
#2627=VECTOR('',#3284,1.0);
#2628=CARTESIAN_POINT('',(1.6134,-3.40440566362621E-16,2.78));
#2629=CARTESIAN_POINT('',(1.53,-3.30227349371742E-16,2.6966));
#2630=AXIS2_PLACEMENT_3D('',#3285,#3286,#3287);
#2631=CARTESIAN_POINT('',(1.6134,9.8792257287217E-17,-2.78));
#2632=AXIS2_PLACEMENT_3D('',#3288,#3289,#3290);
#2633=CARTESIAN_POINT('',(1.53,9.36854801347725E-17,-2.6966));
#2634=AXIS2_PLACEMENT_3D('',#3291,#3292,#3293);
#2635=AXIS2_PLACEMENT_3D('',#3294,#3295,#3296);
#2636=CARTESIAN_POINT('',(2.0655,1.26475398181943E-16,-2.78));
#2637=CARTESIAN_POINT('',(1.83945,3.40440566362621E-16,-2.78));
#2638=VECTOR('',#3297,1.0);
#2639=CARTESIAN_POINT('',(2.0655,-3.40440566362621E-16,2.78));
#2640=AXIS2_PLACEMENT_3D('',#3298,#3299,#3300);
#2641=CARTESIAN_POINT('',(1.83945,-3.40440566362621E-16,2.78));
#2642=VECTOR('',#3301,1.0);
#2643=AXIS2_PLACEMENT_3D('',#3302,#3303,#3304);
#2644=CARTESIAN_POINT('',(2.142,1.31159672188681E-16,-2.7035));
#2645=CARTESIAN_POINT('',(2.0655,1.26475398181943E-16,-2.7035));
#2646=CARTESIAN_POINT('',(2.10375,3.3107232775588E-16,-2.7035));
#2647=VECTOR('',#3305,1.0);
#2648=CARTESIAN_POINT('',(2.142,-3.3107232775588E-16,2.7035));
#2649=AXIS2_PLACEMENT_3D('',#3306,#3307,#3308);
#2650=CARTESIAN_POINT('',(2.0655,-3.3107232775588E-16,2.7035));
#2651=CARTESIAN_POINT('',(2.10375,-3.3107232775588E-16,2.7035));
#2652=VECTOR('',#3309,1.0);
#2653=AXIS2_PLACEMENT_3D('',#3310,#3311,#3312);
#2654=CARTESIAN_POINT('',(2.3256,1.42401929804854E-16,-2.78));
#2655=CARTESIAN_POINT('',(2.142,1.31159672188681E-16,-2.78));
#2656=CARTESIAN_POINT('',(2.2338,3.40440566362621E-16,-2.78));
#2657=VECTOR('',#3313,1.0);
#2658=CARTESIAN_POINT('',(2.3256,-3.40440566362621E-16,2.78));
#2659=AXIS2_PLACEMENT_3D('',#3314,#3315,#3316);
#2660=CARTESIAN_POINT('',(2.142,-3.40440566362621E-16,2.78));
#2661=CARTESIAN_POINT('',(2.2338,-3.40440566362621E-16,2.78));
#2662=VECTOR('',#3317,1.0);
#2663=AXIS2_PLACEMENT_3D('',#3318,#3319,#3320);
#2664=CARTESIAN_POINT('',(2.4021,1.47086203811593E-16,-2.7035));
#2665=CARTESIAN_POINT('',(2.3256,1.42401929804854E-16,-2.7035));
#2666=CARTESIAN_POINT('',(2.36385,3.3107232775588E-16,-2.7035));
#2667=VECTOR('',#3321,1.0);
#2668=CARTESIAN_POINT('',(2.4021,-3.3107232775588E-16,2.7035));
#2669=AXIS2_PLACEMENT_3D('',#3322,#3323,#3324);
#2670=CARTESIAN_POINT('',(2.3256,-3.3107232775588E-16,2.7035));
#2671=CARTESIAN_POINT('',(2.36385,-3.3107232775588E-16,2.7035));
#2672=VECTOR('',#3325,1.0);
#2673=AXIS2_PLACEMENT_3D('',#3326,#3327,#3328);
#2674=CARTESIAN_POINT('',(5.4466,3.33508062811799E-16,-2.78));
#2675=CARTESIAN_POINT('',(2.4021,1.47086203811593E-16,-2.78));
#2676=CARTESIAN_POINT('',(3.92435,3.40440566362621E-16,-2.78));
#2677=VECTOR('',#3329,1.0);
#2678=CARTESIAN_POINT('',(5.4466,-3.40440566362621E-16,2.78));
#2679=AXIS2_PLACEMENT_3D('',#3330,#3331,#3332);
#2680=CARTESIAN_POINT('',(2.4021,-3.40440566362621E-16,2.78));
#2681=CARTESIAN_POINT('',(3.92435,-3.40440566362621E-16,2.78));
#2682=VECTOR('',#3333,1.0);
#2683=AXIS2_PLACEMENT_3D('',#3334,#3335,#3336);
#2684=CARTESIAN_POINT('',(5.53,3.38614839964243E-16,-2.6966));
#2685=CARTESIAN_POINT('',(5.4883,3.35333957867182E-16,-2.7383));
#2686=VECTOR('',#3337,1.0);
#2687=CARTESIAN_POINT('',(5.53,-3.30227349371742E-16,2.6966));
#2688=AXIS2_PLACEMENT_3D('',#3338,#3339,#3340);
#2689=CARTESIAN_POINT('',(5.4883,-3.35333957867182E-16,2.7383));
#2690=VECTOR('',#3341,1.0);
#2691=CARTESIAN_POINT('',(5.53,1.83274456820201E-16,-1.5));
#2692=CARTESIAN_POINT('',(5.2595,-3.22051492005775E-16,-1.2295));
#2693=CARTESIAN_POINT('',(5.39475,1.66749209963579E-16,-1.36475));
#2694=VECTOR('',#3342,1.0);
#2695=CARTESIAN_POINT('',(5.53,-3.38614839964243E-16,1.5));
#2696=AXIS2_PLACEMENT_3D('',#3343,#3344,#3345);
#2697=CARTESIAN_POINT('',(5.2595,-1.50223963106958E-16,1.2295));
#2698=CARTESIAN_POINT('',(5.39475,-1.66749209963579E-16,1.36475));
#2699=VECTOR('',#3346,1.0);
#2700=AXIS2_PLACEMENT_3D('',#3347,#3348,#3349);
#2701=CARTESIAN_POINT('',(0.2705,-1.65633479584679E-17,-1.2295));
#2702=CARTESIAN_POINT('',(2.765,1.50223963106958E-16,-1.2295));
#2703=VECTOR('',#3350,1.0);
#2704=CARTESIAN_POINT('',(0.270499999999999,-1.50223963106958E-16,1.2295));
#2705=CARTESIAN_POINT('',(2.765,-1.50223963106958E-16,1.2295));
#2706=VECTOR('',#3351,1.0);
#2707=AXIS2_PLACEMENT_3D('',#3352,#3353,#3354);
#2708=CARTESIAN_POINT('',(9.18485099360515E-17,1.83274456820201E-16,-1.5));
#2709=CARTESIAN_POINT('',(0.13525,1.66749209963579E-16,-1.36475));
#2710=VECTOR('',#3355,1.0);
#2711=CARTESIAN_POINT('',(-2.75545529808154E-16,0.0,1.5));
#2712=CARTESIAN_POINT('',(0.135249999999999,-1.66749209963579E-16,1.36475));
#2713=VECTOR('',#3356,1.0);
#2714=AXIS2_PLACEMENT_3D('',#3357,#3358,#3359);
#2715=AXIS2_PLACEMENT_3D('',#3360,#3361,#3362);
#2716=AXIS2_PLACEMENT_3D('',#3363,#3364,#3365);
#2717=AXIS2_PLACEMENT_3D('',#3366,#3367,#3368);
#2718=AXIS2_PLACEMENT_3D('',#3369,#3370,#3371);
#2719=AXIS2_PLACEMENT_3D('',#3372,#3373,#3374);
#2720=AXIS2_PLACEMENT_3D('',#3375,#3376,#3377);
#2721=AXIS2_PLACEMENT_3D('',#3378,#3379,#3380);
#2722=AXIS2_PLACEMENT_3D('',#3381,#3382,#3383);
#2723=AXIS2_PLACEMENT_3D('',#3384,#3385,#3386);
#2724=AXIS2_PLACEMENT_3D('',#3387,#3388,#3389);
#2725=AXIS2_PLACEMENT_3D('',#3390,#3391,#3392);
#2726=AXIS2_PLACEMENT_3D('',#3393,#3394,#3395);
#2727=AXIS2_PLACEMENT_3D('',#3396,#3397,#3398);
#2728=AXIS2_PLACEMENT_3D('',#3399,#3400,#3401);
#2729=AXIS2_PLACEMENT_3D('',#3402,#3403,#3404);
#2730=AXIS2_PLACEMENT_3D('',#3405,#3406,#3407);
#2731=AXIS2_PLACEMENT_3D('',#3408,#3409,#3410);
#2732=AXIS2_PLACEMENT_3D('',#3411,#3412,#3413);
#2733=VERTEX_POINT('',#3414);
#2734=VERTEX_POINT('',#3415);
#2735=LINE('',#3416,#3417);
#2736=VERTEX_POINT('',#3418);
#2737=LINE('',#3419,#3420);
#2738=VERTEX_POINT('',#3421);
#2739=LINE('',#3422,#3423);
#2740=LINE('',#3424,#3425);
#2741=VERTEX_POINT('',#3426);
#2742=LINE('',#3427,#3428);
#2743=VERTEX_POINT('',#3429);
#2744=LINE('',#3430,#3431);
#2745=LINE('',#3432,#3433);
#2746=VERTEX_POINT('',#3434);
#2747=LINE('',#3435,#3436);
#2748=VERTEX_POINT('',#3437);
#2749=LINE('',#3438,#3439);
#2750=LINE('',#3440,#3441);
#2751=VERTEX_POINT('',#3442);
#2752=LINE('',#3443,#3444);
#2753=VERTEX_POINT('',#3445);
#2754=LINE('',#3446,#3447);
#2755=LINE('',#3448,#3449);
#2756=VERTEX_POINT('',#3450);
#2757=LINE('',#3451,#3452);
#2758=VERTEX_POINT('',#3453);
#2759=LINE('',#3454,#3455);
#2760=LINE('',#3456,#3457);
#2761=VERTEX_POINT('',#3458);
#2762=LINE('',#3459,#3460);
#2763=VERTEX_POINT('',#3461);
#2764=LINE('',#3462,#3463);
#2765=LINE('',#3464,#3465);
#2766=VERTEX_POINT('',#3466);
#2767=LINE('',#3467,#3468);
#2768=VERTEX_POINT('',#3469);
#2769=LINE('',#3470,#3471);
#2770=LINE('',#3472,#3473);
#2771=VERTEX_POINT('',#3474);
#2772=LINE('',#3475,#3476);
#2773=VERTEX_POINT('',#3477);
#2774=LINE('',#3478,#3479);
#2775=LINE('',#3480,#3481);
#2776=LINE('',#3482,#3483);
#2777=LINE('',#3484,#3485);
#2778=VERTEX_POINT('',#3486);
#2779=VERTEX_POINT('',#3487);
#2780=LINE('',#3488,#3489);
#2781=VERTEX_POINT('',#3490);
#2782=LINE('',#3491,#3492);
#2783=VERTEX_POINT('',#3493);
#2784=LINE('',#3494,#3495);
#2785=LINE('',#3496,#3497);
#2786=VERTEX_POINT('',#3498);
#2787=LINE('',#3499,#3500);
#2788=VERTEX_POINT('',#3501);
#2789=LINE('',#3502,#3503);
#2790=LINE('',#3504,#3505);
#2791=VERTEX_POINT('',#3506);
#2792=LINE('',#3507,#3508);
#2793=VERTEX_POINT('',#3509);
#2794=LINE('',#3510,#3511);
#2795=LINE('',#3512,#3513);
#2796=VERTEX_POINT('',#3514);
#2797=LINE('',#3515,#3516);
#2798=VERTEX_POINT('',#3517);
#2799=LINE('',#3518,#3519);
#2800=LINE('',#3520,#3521);
#2801=VERTEX_POINT('',#3522);
#2802=LINE('',#3523,#3524);
#2803=VERTEX_POINT('',#3525);
#2804=LINE('',#3526,#3527);
#2805=LINE('',#3528,#3529);
#2806=LINE('',#3530,#3531);
#2807=LINE('',#3532,#3533);
#2808=VERTEX_POINT('',#3534);
#2809=LINE('',#3535,#3536);
#2810=VERTEX_POINT('',#3537);
#2811=LINE('',#3538,#3539);
#2812=LINE('',#3540,#3541);
#2813=VERTEX_POINT('',#3542);
#2814=LINE('',#3543,#3544);
#2815=VERTEX_POINT('',#3545);
#2816=LINE('',#3546,#3547);
#2817=LINE('',#3548,#3549);
#2818=VERTEX_POINT('',#3550);
#2819=LINE('',#3551,#3552);
#2820=VERTEX_POINT('',#3553);
#2821=LINE('',#3554,#3555);
#2822=LINE('',#3556,#3557);
#2823=VERTEX_POINT('',#3558);
#2824=LINE('',#3559,#3560);
#2825=VERTEX_POINT('',#3561);
#2826=LINE('',#3562,#3563);
#2827=LINE('',#3564,#3565);
#2828=VERTEX_POINT('',#3566);
#2829=LINE('',#3567,#3568);
#2830=VERTEX_POINT('',#3569);
#2831=LINE('',#3570,#3571);
#2832=LINE('',#3572,#3573);
#2833=LINE('',#3574,#3575);
#2834=LINE('',#3576,#3577);
#2835=VERTEX_POINT('',#3578);
#2836=LINE('',#3579,#3580);
#2837=VERTEX_POINT('',#3581);
#2838=LINE('',#3582,#3583);
#2839=LINE('',#3584,#3585);
#2840=VERTEX_POINT('',#3586);
#2841=LINE('',#3587,#3588);
#2842=VERTEX_POINT('',#3589);
#2843=LINE('',#3590,#3591);
#2844=LINE('',#3592,#3593);
#2845=VERTEX_POINT('',#3594);
#2846=LINE('',#3595,#3596);
#2847=VERTEX_POINT('',#3597);
#2848=LINE('',#3598,#3599);
#2849=LINE('',#3600,#3601);
#2850=VERTEX_POINT('',#3602);
#2851=LINE('',#3603,#3604);
#2852=VERTEX_POINT('',#3605);
#2853=LINE('',#3606,#3607);
#2854=LINE('',#3608,#3609);
#2855=VERTEX_POINT('',#3610);
#2856=LINE('',#3611,#3612);
#2857=VERTEX_POINT('',#3613);
#2858=LINE('',#3614,#3615);
#2859=LINE('',#3616,#3617);
#2860=VERTEX_POINT('',#3618);
#2861=LINE('',#3619,#3620);
#2862=VERTEX_POINT('',#3621);
#2863=LINE('',#3622,#3623);
#2864=LINE('',#3624,#3625);
#2865=VERTEX_POINT('',#3626);
#2866=LINE('',#3627,#3628);
#2867=VERTEX_POINT('',#3629);
#2868=LINE('',#3630,#3631);
#2869=LINE('',#3632,#3633);
#2870=VERTEX_POINT('',#3634);
#2871=LINE('',#3635,#3636);
#2872=VERTEX_POINT('',#3637);
#2873=LINE('',#3638,#3639);
#2874=LINE('',#3640,#3641);
#2875=VERTEX_POINT('',#3642);
#2876=LINE('',#3643,#3644);
#2877=VERTEX_POINT('',#3645);
#2878=LINE('',#3646,#3647);
#2879=LINE('',#3648,#3649);
#2880=VERTEX_POINT('',#3650);
#2881=LINE('',#3651,#3652);
#2882=VERTEX_POINT('',#3653);
#2883=LINE('',#3654,#3655);
#2884=LINE('',#3656,#3657);
#2885=VERTEX_POINT('',#3658);
#2886=LINE('',#3659,#3660);
#2887=VERTEX_POINT('',#3661);
#2888=LINE('',#3662,#3663);
#2889=LINE('',#3664,#3665);
#2890=VERTEX_POINT('',#3666);
#2891=LINE('',#3667,#3668);
#2892=VERTEX_POINT('',#3669);
#2893=LINE('',#3670,#3671);
#2894=LINE('',#3672,#3673);
#2895=VERTEX_POINT('',#3674);
#2896=LINE('',#3675,#3676);
#2897=VERTEX_POINT('',#3677);
#2898=LINE('',#3678,#3679);
#2899=LINE('',#3680,#3681);
#2900=LINE('',#3682,#3683);
#2901=LINE('',#3684,#3685);
#2902=VERTEX_POINT('',#3686);
#2903=VERTEX_POINT('',#3687);
#2904=LINE('',#3688,#3689);
#2905=VERTEX_POINT('',#3690);
#2906=LINE('',#3691,#3692);
#2907=VERTEX_POINT('',#3693);
#2908=LINE('',#3694,#3695);
#2909=LINE('',#3696,#3697);
#2910=VERTEX_POINT('',#3698);
#2911=LINE('',#3699,#3700);
#2912=VERTEX_POINT('',#3701);
#2913=LINE('',#3702,#3703);
#2914=LINE('',#3704,#3705);
#2915=VERTEX_POINT('',#3706);
#2916=LINE('',#3707,#3708);
#2917=VERTEX_POINT('',#3709);
#2918=LINE('',#3710,#3711);
#2919=LINE('',#3712,#3713);
#2920=VERTEX_POINT('',#3714);
#2921=LINE('',#3715,#3716);
#2922=VERTEX_POINT('',#3717);
#2923=LINE('',#3718,#3719);
#2924=LINE('',#3720,#3721);
#2925=VERTEX_POINT('',#3722);
#2926=LINE('',#3723,#3724);
#2927=VERTEX_POINT('',#3725);
#2928=LINE('',#3726,#3727);
#2929=LINE('',#3728,#3729);
#2930=VERTEX_POINT('',#3730);
#2931=LINE('',#3731,#3732);
#2932=VERTEX_POINT('',#3733);
#2933=LINE('',#3734,#3735);
#2934=LINE('',#3736,#3737);
#2935=VERTEX_POINT('',#3738);
#2936=LINE('',#3739,#3740);
#2937=VERTEX_POINT('',#3741);
#2938=LINE('',#3742,#3743);
#2939=LINE('',#3744,#3745);
#2940=VERTEX_POINT('',#3746);
#2941=LINE('',#3747,#3748);
#2942=VERTEX_POINT('',#3749);
#2943=LINE('',#3750,#3751);
#2944=LINE('',#3752,#3753);
#2945=VERTEX_POINT('',#3754);
#2946=LINE('',#3755,#3756);
#2947=VERTEX_POINT('',#3757);
#2948=LINE('',#3758,#3759);
#2949=LINE('',#3760,#3761);
#2950=VERTEX_POINT('',#3762);
#2951=LINE('',#3763,#3764);
#2952=VERTEX_POINT('',#3765);
#2953=LINE('',#3766,#3767);
#2954=LINE('',#3768,#3769);
#2955=VERTEX_POINT('',#3770);
#2956=LINE('',#3771,#3772);
#2957=VERTEX_POINT('',#3773);
#2958=LINE('',#3774,#3775);
#2959=LINE('',#3776,#3777);
#2960=LINE('',#3778,#3779);
#2961=LINE('',#3780,#3781);
#2962=VERTEX_POINT('',#3782);
#2963=VERTEX_POINT('',#3783);
#2964=LINE('',#3784,#3785);
#2965=VERTEX_POINT('',#3786);
#2966=LINE('',#3787,#3788);
#2967=VERTEX_POINT('',#3789);
#2968=LINE('',#3790,#3791);
#2969=LINE('',#3792,#3793);
#2970=VERTEX_POINT('',#3794);
#2971=LINE('',#3795,#3796);
#2972=VERTEX_POINT('',#3797);
#2973=LINE('',#3798,#3799);
#2974=LINE('',#3800,#3801);
#2975=VERTEX_POINT('',#3802);
#2976=LINE('',#3803,#3804);
#2977=VERTEX_POINT('',#3805);
#2978=LINE('',#3806,#3807);
#2979=LINE('',#3808,#3809);
#2980=VERTEX_POINT('',#3810);
#2981=LINE('',#3811,#3812);
#2982=VERTEX_POINT('',#3813);
#2983=LINE('',#3814,#3815);
#2984=LINE('',#3816,#3817);
#2985=VERTEX_POINT('',#3818);
#2986=LINE('',#3819,#3820);
#2987=VERTEX_POINT('',#3821);
#2988=LINE('',#3822,#3823);
#2989=LINE('',#3824,#3825);
#2990=VERTEX_POINT('',#3826);
#2991=LINE('',#3827,#3828);
#2992=VERTEX_POINT('',#3829);
#2993=LINE('',#3830,#3831);
#2994=LINE('',#3832,#3833);
#2995=VERTEX_POINT('',#3834);
#2996=LINE('',#3835,#3836);
#2997=VERTEX_POINT('',#3837);
#2998=LINE('',#3838,#3839);
#2999=LINE('',#3840,#3841);
#3000=VERTEX_POINT('',#3842);
#3001=LINE('',#3843,#3844);
#3002=VERTEX_POINT('',#3845);
#3003=LINE('',#3846,#3847);
#3004=LINE('',#3848,#3849);
#3005=VERTEX_POINT('',#3850);
#3006=LINE('',#3851,#3852);
#3007=VERTEX_POINT('',#3853);
#3008=LINE('',#3854,#3855);
#3009=LINE('',#3856,#3857);
#3010=VERTEX_POINT('',#3858);
#3011=LINE('',#3859,#3860);
#3012=VERTEX_POINT('',#3861);
#3013=LINE('',#3862,#3863);
#3014=LINE('',#3864,#3865);
#3015=VERTEX_POINT('',#3866);
#3016=LINE('',#3867,#3868);
#3017=VERTEX_POINT('',#3869);
#3018=LINE('',#3870,#3871);
#3019=LINE('',#3872,#3873);
#3020=VERTEX_POINT('',#3874);
#3021=LINE('',#3875,#3876);
#3022=VERTEX_POINT('',#3877);
#3023=LINE('',#3878,#3879);
#3024=LINE('',#3880,#3881);
#3025=VERTEX_POINT('',#3882);
#3026=LINE('',#3883,#3884);
#3027=VERTEX_POINT('',#3885);
#3028=LINE('',#3886,#3887);
#3029=LINE('',#3888,#3889);
#3030=LINE('',#3890,#3891);
#3031=LINE('',#3892,#3893);
#3032=VERTEX_POINT('',#3894);
#3033=VERTEX_POINT('',#3895);
#3034=LINE('',#3896,#3897);
#3035=VERTEX_POINT('',#3898);
#3036=LINE('',#3899,#3900);
#3037=VERTEX_POINT('',#3901);
#3038=LINE('',#3902,#3903);
#3039=LINE('',#3904,#3905);
#3040=VERTEX_POINT('',#3906);
#3041=LINE('',#3907,#3908);
#3042=VERTEX_POINT('',#3909);
#3043=LINE('',#3910,#3911);
#3044=LINE('',#3912,#3913);
#3045=VERTEX_POINT('',#3914);
#3046=LINE('',#3915,#3916);
#3047=VERTEX_POINT('',#3917);
#3048=LINE('',#3918,#3919);
#3049=LINE('',#3920,#3921);
#3050=VERTEX_POINT('',#3922);
#3051=LINE('',#3923,#3924);
#3052=VERTEX_POINT('',#3925);
#3053=LINE('',#3926,#3927);
#3054=LINE('',#3928,#3929);
#3055=VERTEX_POINT('',#3930);
#3056=LINE('',#3931,#3932);
#3057=VERTEX_POINT('',#3933);
#3058=LINE('',#3934,#3935);
#3059=LINE('',#3936,#3937);
#3060=VERTEX_POINT('',#3938);
#3061=LINE('',#3939,#3940);
#3062=VERTEX_POINT('',#3941);
#3063=LINE('',#3942,#3943);
#3064=LINE('',#3944,#3945);
#3065=VERTEX_POINT('',#3946);
#3066=LINE('',#3947,#3948);
#3067=VERTEX_POINT('',#3949);
#3068=LINE('',#3950,#3951);
#3069=LINE('',#3952,#3953);
#3070=VERTEX_POINT('',#3954);
#3071=LINE('',#3955,#3956);
#3072=VERTEX_POINT('',#3957);
#3073=LINE('',#3958,#3959);
#3074=LINE('',#3960,#3961);
#3075=VERTEX_POINT('',#3962);
#3076=LINE('',#3963,#3964);
#3077=VERTEX_POINT('',#3965);
#3078=LINE('',#3966,#3967);
#3079=LINE('',#3968,#3969);
#3080=VERTEX_POINT('',#3970);
#3081=LINE('',#3971,#3972);
#3082=VERTEX_POINT('',#3973);
#3083=LINE('',#3974,#3975);
#3084=LINE('',#3976,#3977);
#3085=VERTEX_POINT('',#3978);
#3086=LINE('',#3979,#3980);
#3087=VERTEX_POINT('',#3981);
#3088=LINE('',#3982,#3983);
#3089=LINE('',#3984,#3985);
#3090=VERTEX_POINT('',#3986);
#3091=LINE('',#3987,#3988);
#3092=VERTEX_POINT('',#3989);
#3093=LINE('',#3990,#3991);
#3094=LINE('',#3992,#3993);
#3095=VERTEX_POINT('',#3994);
#3096=LINE('',#3995,#3996);
#3097=VERTEX_POINT('',#3997);
#3098=LINE('',#3998,#3999);
#3099=LINE('',#4000,#4001);
#3100=VERTEX_POINT('',#4002);
#3101=LINE('',#4003,#4004);
#3102=VERTEX_POINT('',#4005);
#3103=LINE('',#4006,#4007);
#3104=LINE('',#4008,#4009);
#3105=VERTEX_POINT('',#4010);
#3106=LINE('',#4011,#4012);
#3107=VERTEX_POINT('',#4013);
#3108=LINE('',#4014,#4015);
#3109=LINE('',#4016,#4017);
#3110=VERTEX_POINT('',#4018);
#3111=LINE('',#4019,#4020);
#3112=VERTEX_POINT('',#4021);
#3113=LINE('',#4022,#4023);
#3114=LINE('',#4024,#4025);
#3115=VERTEX_POINT('',#4026);
#3116=LINE('',#4027,#4028);
#3117=VERTEX_POINT('',#4029);
#3118=LINE('',#4030,#4031);
#3119=LINE('',#4032,#4033);
#3120=VERTEX_POINT('',#4034);
#3121=LINE('',#4035,#4036);
#3122=VERTEX_POINT('',#4037);
#3123=LINE('',#4038,#4039);
#3124=LINE('',#4040,#4041);
#3125=VERTEX_POINT('',#4042);
#3126=LINE('',#4043,#4044);
#3127=VERTEX_POINT('',#4045);
#3128=LINE('',#4046,#4047);
#3129=LINE('',#4048,#4049);
#3130=VERTEX_POINT('',#4050);
#3131=LINE('',#4051,#4052);
#3132=VERTEX_POINT('',#4053);
#3133=LINE('',#4054,#4055);
#3134=LINE('',#4056,#4057);
#3135=VERTEX_POINT('',#4058);
#3136=LINE('',#4059,#4060);
#3137=VERTEX_POINT('',#4061);
#3138=LINE('',#4062,#4063);
#3139=LINE('',#4064,#4065);
#3140=VERTEX_POINT('',#4066);
#3141=LINE('',#4067,#4068);
#3142=VERTEX_POINT('',#4069);
#3143=LINE('',#4070,#4071);
#3144=LINE('',#4072,#4073);
#3145=VERTEX_POINT('',#4074);
#3146=LINE('',#4075,#4076);
#3147=VERTEX_POINT('',#4077);
#3148=LINE('',#4078,#4079);
#3149=LINE('',#4080,#4081);
#3150=LINE('',#4082,#4083);
#3151=LINE('',#4084,#4085);
#3152=VERTEX_POINT('',#4086);
#3153=VERTEX_POINT('',#4087);
#3154=LINE('',#4088,#4089);
#3155=VERTEX_POINT('',#4090);
#3156=LINE('',#4091,#4092);
#3157=VERTEX_POINT('',#4093);
#3158=LINE('',#4094,#4095);
#3159=LINE('',#4096,#4097);
#3160=VERTEX_POINT('',#4098);
#3161=LINE('',#4099,#4100);
#3162=VERTEX_POINT('',#4101);
#3163=LINE('',#4102,#4103);
#3164=LINE('',#4104,#4105);
#3165=LINE('',#4106,#4107);
#3166=LINE('',#4108,#4109);
#3167=VERTEX_POINT('',#4110);
#3168=VERTEX_POINT('',#4111);
#3169=LINE('',#4112,#4113);
#3170=VERTEX_POINT('',#4114);
#3171=LINE('',#4115,#4116);
#3172=VERTEX_POINT('',#4117);
#3173=LINE('',#4118,#4119);
#3174=LINE('',#4120,#4121);
#3175=VERTEX_POINT('',#4122);
#3176=LINE('',#4123,#4124);
#3177=VERTEX_POINT('',#4125);
#3178=LINE('',#4126,#4127);
#3179=LINE('',#4128,#4129);
#3180=VERTEX_POINT('',#4130);
#3181=LINE('',#4131,#4132);
#3182=VERTEX_POINT('',#4133);
#3183=LINE('',#4134,#4135);
#3184=LINE('',#4136,#4137);
#3185=VERTEX_POINT('',#4138);
#3186=LINE('',#4139,#4140);
#3187=VERTEX_POINT('',#4141);
#3188=LINE('',#4142,#4143);
#3189=LINE('',#4144,#4145);
#3190=LINE('',#4146,#4147);
#3191=LINE('',#4148,#4149);
#3192=VERTEX_POINT('',#4150);
#3193=VERTEX_POINT('',#4151);
#3194=LINE('',#4152,#4153);
#3195=VERTEX_POINT('',#4154);
#3196=LINE('',#4155,#4156);
#3197=VERTEX_POINT('',#4157);
#3198=LINE('',#4158,#4159);
#3199=LINE('',#4160,#4161);
#3200=VERTEX_POINT('',#4162);
#3201=LINE('',#4163,#4164);
#3202=VERTEX_POINT('',#4165);
#3203=LINE('',#4166,#4167);
#3204=LINE('',#4168,#4169);
#3205=VERTEX_POINT('',#4170);
#3206=LINE('',#4171,#4172);
#3207=VERTEX_POINT('',#4173);
#3208=LINE('',#4174,#4175);
#3209=LINE('',#4176,#4177);
#3210=VERTEX_POINT('',#4178);
#3211=LINE('',#4179,#4180);
#3212=VERTEX_POINT('',#4181);
#3213=LINE('',#4182,#4183);
#3214=LINE('',#4184,#4185);
#3215=VERTEX_POINT('',#4186);
#3216=LINE('',#4187,#4188);
#3217=VERTEX_POINT('',#4189);
#3218=LINE('',#4190,#4191);
#3219=LINE('',#4192,#4193);
#3220=VERTEX_POINT('',#4194);
#3221=LINE('',#4195,#4196);
#3222=VERTEX_POINT('',#4197);
#3223=LINE('',#4198,#4199);
#3224=LINE('',#4200,#4201);
#3225=VERTEX_POINT('',#4202);
#3226=LINE('',#4203,#4204);
#3227=VERTEX_POINT('',#4205);
#3228=LINE('',#4206,#4207);
#3229=LINE('',#4208,#4209);
#3230=VERTEX_POINT('',#4210);
#3231=LINE('',#4211,#4212);
#3232=VERTEX_POINT('',#4213);
#3233=LINE('',#4214,#4215);
#3234=LINE('',#4216,#4217);
#3235=VERTEX_POINT('',#4218);
#3236=LINE('',#4219,#4220);
#3237=VERTEX_POINT('',#4221);
#3238=LINE('',#4222,#4223);
#3239=LINE('',#4224,#4225);
#3240=VERTEX_POINT('',#4226);
#3241=LINE('',#4227,#4228);
#3242=VERTEX_POINT('',#4229);
#3243=LINE('',#4230,#4231);
#3244=LINE('',#4232,#4233);
#3245=VERTEX_POINT('',#4234);
#3246=LINE('',#4235,#4236);
#3247=VERTEX_POINT('',#4237);
#3248=LINE('',#4238,#4239);
#3249=LINE('',#4240,#4241);
#3250=LINE('',#4242,#4243);
#3251=LINE('',#4244,#4245);
#3252=VERTEX_POINT('',#4246);
#3253=VERTEX_POINT('',#4247);
#3254=LINE('',#4248,#4249);
#3255=VERTEX_POINT('',#4250);
#3256=CIRCLE('',#4251,0.0398445253430413);
#3257=VERTEX_POINT('',#4252);
#3258=LINE('',#4253,#4254);
#3259=CIRCLE('',#4255,0.0398445253430413);
#3260=VERTEX_POINT('',#4256);
#3261=VERTEX_POINT('',#4257);
#3262=LINE('',#4258,#4259);
#3263=VERTEX_POINT('',#4260);
#3264=CIRCLE('',#4261,0.0307869913995522);
#3265=VERTEX_POINT('',#4262);
#3266=LINE('',#4263,#4264);
#3267=CIRCLE('',#4265,0.0307869913995522);
#3268=CIRCLE('',#4266,0.0307869913995522);
#3269=CIRCLE('',#4267,0.0307869913995522);
#3270=CIRCLE('',#4268,0.0398445253430413);
#3271=CIRCLE('',#4269,0.0398445253430413);
#3272=DIRECTION('',(-0.707106781186548,-8.65927457071935E-17,0.707106781186547));
#3273=CARTESIAN_POINT('',(0.2045,0.0,1.25220135212817E-17));
#3274=DIRECTION('',(-1.0,0.0,-6.12323399573677E-17));
#3275=DIRECTION('',(6.12323399573677E-17,0.0,-1.0));
#3276=DIRECTION('',(0.707106781186548,-8.65927457071935E-17,0.707106781186547));
#3277=CARTESIAN_POINT('',(0.0,0.0,0.0));
#3278=DIRECTION('',(-1.0,0.0,-6.12323399573677E-17));
#3279=DIRECTION('',(6.12323399573677E-17,0.0,-1.0));
#3280=DIRECTION('',(-1.0,0.0,-6.12323399573677E-17));
#3281=CARTESIAN_POINT('',(1.53,0.0,9.36854801347725E-17));
#3282=DIRECTION('',(-1.0,0.0,-6.12323399573677E-17));
#3283=DIRECTION('',(6.12323399573677E-17,0.0,-1.0));
#3284=DIRECTION('',(1.0,-0.0,6.12323399573677E-17));
#3285=CARTESIAN_POINT('',(1.6134,-3.30227349371742E-16,2.6966));
#3286=DIRECTION('',(7.49855125712043E-33,-1.0,-1.22460635382238E-16));
#3287=DIRECTION('',(-6.12323399573677E-17,-1.22460635382238E-16,1.0));
#3288=CARTESIAN_POINT('',(1.6134,0.0,9.8792257287217E-17));
#3289=DIRECTION('',(-1.0,0.0,-6.12323399573677E-17));
#3290=DIRECTION('',(6.12323399573677E-17,0.0,-1.0));
#3291=CARTESIAN_POINT('',(1.6134,3.30227349371742E-16,-2.6966));
#3292=DIRECTION('',(7.49855125712043E-33,-1.0,-1.22460635382238E-16));
#3293=DIRECTION('',(6.12323399573677E-17,1.22460635382238E-16,-1.0));
#3294=CARTESIAN_POINT('',(1.53,0.0,9.36854801347725E-17));
#3295=DIRECTION('',(-1.0,0.0,-6.12323399573677E-17));
#3296=DIRECTION('',(6.12323399573677E-17,0.0,-1.0));
#3297=DIRECTION('',(-1.0,0.0,-6.12323399573677E-17));
#3298=CARTESIAN_POINT('',(2.0655,0.0,1.26475398181943E-16));
#3299=DIRECTION('',(-1.0,0.0,-6.12323399573677E-17));
#3300=DIRECTION('',(6.12323399573677E-17,0.0,-1.0));
#3301=DIRECTION('',(1.0,-0.0,6.12323399573677E-17));
#3302=CARTESIAN_POINT('',(1.6134,0.0,9.8792257287217E-17));
#3303=DIRECTION('',(-1.0,0.0,-6.12323399573677E-17));
#3304=DIRECTION('',(6.12323399573677E-17,0.0,-1.0));
#3305=DIRECTION('',(-1.0,0.0,-6.12323399573677E-17));
#3306=CARTESIAN_POINT('',(2.142,0.0,1.31159672188681E-16));
#3307=DIRECTION('',(-1.0,0.0,-6.12323399573677E-17));
#3308=DIRECTION('',(6.12323399573677E-17,0.0,-1.0));
#3309=DIRECTION('',(1.0,-0.0,6.12323399573677E-17));
#3310=CARTESIAN_POINT('',(2.0655,0.0,1.26475398181943E-16));
#3311=DIRECTION('',(-1.0,0.0,-6.12323399573677E-17));
#3312=DIRECTION('',(6.12323399573677E-17,0.0,-1.0));
#3313=DIRECTION('',(-1.0,0.0,-6.12323399573677E-17));
#3314=CARTESIAN_POINT('',(2.3256,0.0,1.42401929804854E-16));
#3315=DIRECTION('',(-1.0,0.0,-6.12323399573677E-17));
#3316=DIRECTION('',(6.12323399573677E-17,0.0,-1.0));
#3317=DIRECTION('',(1.0,-0.0,6.12323399573677E-17));
#3318=CARTESIAN_POINT('',(2.142,0.0,1.31159672188681E-16));
#3319=DIRECTION('',(-1.0,0.0,-6.12323399573677E-17));
#3320=DIRECTION('',(6.12323399573677E-17,0.0,-1.0));
#3321=DIRECTION('',(-1.0,0.0,-6.12323399573677E-17));
#3322=CARTESIAN_POINT('',(2.4021,0.0,1.47086203811593E-16));
#3323=DIRECTION('',(-1.0,0.0,-6.12323399573677E-17));
#3324=DIRECTION('',(6.12323399573677E-17,0.0,-1.0));
#3325=DIRECTION('',(1.0,-0.0,6.12323399573677E-17));
#3326=CARTESIAN_POINT('',(2.3256,0.0,1.42401929804854E-16));
#3327=DIRECTION('',(-1.0,0.0,-6.12323399573677E-17));
#3328=DIRECTION('',(6.12323399573677E-17,0.0,-1.0));
#3329=DIRECTION('',(-1.0,0.0,-6.12323399573677E-17));
#3330=CARTESIAN_POINT('',(5.4466,0.0,3.33508062811799E-16));
#3331=DIRECTION('',(-1.0,0.0,-6.12323399573677E-17));
#3332=DIRECTION('',(6.12323399573677E-17,0.0,-1.0));
#3333=DIRECTION('',(1.0,-0.0,6.12323399573677E-17));
#3334=CARTESIAN_POINT('',(2.4021,0.0,1.47086203811593E-16));
#3335=DIRECTION('',(-1.0,0.0,-6.12323399573677E-17));
#3336=DIRECTION('',(6.12323399573677E-17,0.0,-1.0));
#3337=DIRECTION('',(-0.707106781186547,8.65927457071935E-17,-0.707106781186548));
#3338=CARTESIAN_POINT('',(5.53,0.0,3.38614839964243E-16));
#3339=DIRECTION('',(-1.0,0.0,-6.12323399573677E-17));
#3340=DIRECTION('',(6.12323399573677E-17,0.0,-1.0));
#3341=DIRECTION('',(0.707106781186548,8.65927457071936E-17,-0.707106781186548));
#3342=DIRECTION('',(-0.707106781186548,-8.63964074905633E-17,0.707106781186547));
#3343=CARTESIAN_POINT('',(5.53,0.0,1.01584451989273E-15));
#3344=DIRECTION('',(-1.0,0.0,-6.12323399573677E-17));
#3345=DIRECTION('',(-6.12323399573677E-17,0.0,1.0));
#3346=DIRECTION('',(0.707106781186548,-8.63964074905632E-17,0.707106781186547));
#3347=CARTESIAN_POINT('',(5.2595,0.0,9.66154476017326E-16));
#3348=DIRECTION('',(-1.0,-7.07234851011243E-51,-1.83697019872103E-16));
#3349=DIRECTION('',(1.83697019872103E-16,-2.77664168770679E-19,-1.0));
#3350=DIRECTION('',(-1.0,-0.0,-1.83697019872103E-16));
#3351=DIRECTION('',(1.0,-0.0,1.83697019872103E-16));
#3352=CARTESIAN_POINT('',(0.270499999999999,0.0,4.96900438754037E-17));
#3353=DIRECTION('',(-1.0,-7.07234851011243E-51,-1.83697019872103E-16));
#3354=DIRECTION('',(1.83697019872103E-16,-2.77664168770679E-19,-1.0));
#3355=DIRECTION('',(-0.707106781186546,8.63964074905634E-17,-0.707106781186549));
#3356=DIRECTION('',(0.707106781186547,8.63964074905634E-17,-0.707106781186548));
#3357=CARTESIAN_POINT('',(0.0,0.0,0.0));
#3358=DIRECTION('',(1.0,0.0,6.12323399573677E-17));
#3359=DIRECTION('',(-6.12323399573677E-17,0.0,1.0));
#3360=CARTESIAN_POINT('',(0.0,0.0,0.0));
#3361=DIRECTION('',(1.0,0.0,6.12323399573677E-17));
#3362=DIRECTION('',(-6.12323399573677E-17,0.0,1.0));
#3363=CARTESIAN_POINT('',(0.270499999999999,0.0,4.96900438754037E-17));
#3364=DIRECTION('',(-1.0,-7.07234851011243E-51,-1.83697019872103E-16));
#3365=DIRECTION('',(1.83697019872103E-16,-2.77664168770679E-19,-1.0));
#3366=CARTESIAN_POINT('',(5.2595,0.0,9.66154476017326E-16));
#3367=DIRECTION('',(-1.0,-7.07234851011243E-51,-1.83697019872103E-16));
#3368=DIRECTION('',(1.83697019872103E-16,-2.77664168770679E-19,-1.0));
#3369=CARTESIAN_POINT('',(5.53,0.0,1.01584451989273E-15));
#3370=DIRECTION('',(-1.0,0.0,-6.12323399573677E-17));
#3371=DIRECTION('',(-6.12323399573677E-17,0.0,1.0));
#3372=CARTESIAN_POINT('',(5.53,0.0,3.38614839964243E-16));
#3373=DIRECTION('',(-1.0,0.0,-6.12323399573677E-17));
#3374=DIRECTION('',(6.12323399573677E-17,0.0,-1.0));
#3375=CARTESIAN_POINT('',(5.4466,0.0,3.33508062811799E-16));
#3376=DIRECTION('',(-1.0,0.0,-6.12323399573677E-17));
#3377=DIRECTION('',(6.12323399573677E-17,0.0,-1.0));
#3378=CARTESIAN_POINT('',(2.4021,0.0,1.47086203811593E-16));
#3379=DIRECTION('',(-1.0,0.0,-6.12323399573677E-17));
#3380=DIRECTION('',(6.12323399573677E-17,0.0,-1.0));
#3381=CARTESIAN_POINT('',(2.4021,0.0,1.47086203811593E-16));
#3382=DIRECTION('',(-1.0,0.0,-6.12323399573677E-17));
#3383=DIRECTION('',(6.12323399573677E-17,0.0,-1.0));
#3384=CARTESIAN_POINT('',(2.3256,0.0,1.42401929804854E-16));
#3385=DIRECTION('',(-1.0,0.0,-6.12323399573677E-17));
#3386=DIRECTION('',(6.12323399573677E-17,0.0,-1.0));
#3387=CARTESIAN_POINT('',(2.3256,0.0,1.42401929804854E-16));
#3388=DIRECTION('',(-1.0,0.0,-6.12323399573677E-17));
#3389=DIRECTION('',(6.12323399573677E-17,0.0,-1.0));
#3390=CARTESIAN_POINT('',(2.142,0.0,1.31159672188681E-16));
#3391=DIRECTION('',(-1.0,0.0,-6.12323399573677E-17));
#3392=DIRECTION('',(6.12323399573677E-17,0.0,-1.0));
#3393=CARTESIAN_POINT('',(2.142,0.0,1.31159672188681E-16));
#3394=DIRECTION('',(-1.0,0.0,-6.12323399573677E-17));
#3395=DIRECTION('',(6.12323399573677E-17,0.0,-1.0));
#3396=CARTESIAN_POINT('',(2.0655,0.0,1.26475398181943E-16));
#3397=DIRECTION('',(-1.0,0.0,-6.12323399573677E-17));
#3398=DIRECTION('',(6.12323399573677E-17,0.0,-1.0));
#3399=CARTESIAN_POINT('',(2.0655,0.0,1.26475398181943E-16));
#3400=DIRECTION('',(-1.0,0.0,-6.12323399573677E-17));
#3401=DIRECTION('',(6.12323399573677E-17,0.0,-1.0));
#3402=CARTESIAN_POINT('',(1.53,0.0,9.36854801347725E-17));
#3403=DIRECTION('',(-1.0,0.0,-6.12323399573677E-17));
#3404=DIRECTION('',(6.12323399573677E-17,0.0,-1.0));
#3405=CARTESIAN_POINT('',(1.53,0.0,9.36854801347725E-17));
#3406=DIRECTION('',(-1.0,0.0,-6.12323399573677E-17));
#3407=DIRECTION('',(6.12323399573677E-17,0.0,-1.0));
#3408=CARTESIAN_POINT('',(0.2045,0.0,1.25220135212817E-17));
#3409=DIRECTION('',(-1.0,0.0,-6.12323399573677E-17));
#3410=DIRECTION('',(6.12323399573677E-17,0.0,-1.0));
#3411=CARTESIAN_POINT('',(0.0,0.0,0.0));
#3412=DIRECTION('',(-1.0,0.0,-6.12323399573677E-17));
#3413=DIRECTION('',(6.12323399573677E-17,0.0,-1.0));
#3414=CARTESIAN_POINT('',(1.74883772052646,0.441886468313366,2.48553708969945));
#3415=CARTESIAN_POINT('',(1.74883772052646,0.44200124705523,2.49682579151498));
#3416=CARTESIAN_POINT('',(1.74883772052646,0.441886468313366,2.4864733491));
#3417=VECTOR('',#4270,1.0);
#3418=CARTESIAN_POINT('',(1.7345,0.44200124705523,2.49682579151498));
#3419=CARTESIAN_POINT('',(1.7345,0.441886468313366,2.49678965746661));
#3420=VECTOR('',#4271,0.286754410529263);
#3421=CARTESIAN_POINT('',(1.7345,0.441886468313366,2.48553708969945));
#3422=CARTESIAN_POINT('',(1.7345,0.441886468313366,2.4864733491));
#3423=VECTOR('',#4272,1.0);
#3424=CARTESIAN_POINT('',(1.7345,0.441886468313366,2.48553708969945));
#3425=VECTOR('',#4273,0.286754410529263);
#3426=CARTESIAN_POINT('',(1.74883772052646,0.445644409343276,2.49724877243407));
#3427=CARTESIAN_POINT('',(1.74883772052646,0.445287928004291,2.49720968833546));
#3428=VECTOR('',#4274,1.0);
#3429=CARTESIAN_POINT('',(1.7345,0.445644409343276,2.49724877243407));
#3430=CARTESIAN_POINT('',(1.7345,0.445644409343276,2.49724877243407));
#3431=VECTOR('',#4275,0.286754410529263);
#3432=CARTESIAN_POINT('',(1.7345,0.445287928004291,2.49720968833546));
#3433=VECTOR('',#4276,1.0);
#3434=CARTESIAN_POINT('',(1.74883772052646,0.448484120438276,2.49724877243407));
#3435=CARTESIAN_POINT('',(1.74883772052646,0.448050778849171,2.49724877243407));
#3436=VECTOR('',#4277,1.0);
#3437=CARTESIAN_POINT('',(1.7345,0.448484120438276,2.49724877243407));
#3438=CARTESIAN_POINT('',(1.7345,0.448484120438276,2.49724877243407));
#3439=VECTOR('',#4278,0.286754410529263);
#3440=CARTESIAN_POINT('',(1.7345,0.448050778849171,2.49724877243407));
#3441=VECTOR('',#4279,1.0);
#3442=CARTESIAN_POINT('',(1.74883772052646,0.45323681056434,2.4956163636609));
#3443=CARTESIAN_POINT('',(1.74883772052646,0.452012105020625,2.49603701386554));
#3444=VECTOR('',#4280,1.0);
#3445=CARTESIAN_POINT('',(1.7345,0.45323681056434,2.4956163636609));
#3446=CARTESIAN_POINT('',(1.7345,0.45323681056434,2.4956163636609));
#3447=VECTOR('',#4281,0.286754410529263);
#3448=CARTESIAN_POINT('',(1.7345,0.452012105020625,2.49603701386554));
#3449=VECTOR('',#4282,1.0);
#3450=CARTESIAN_POINT('',(1.74883772052646,0.455285823659834,2.49236004824358));
#3451=CARTESIAN_POINT('',(1.74883772052646,0.456181377669382,2.49093682340682));
#3452=VECTOR('',#4283,1.0);
#3453=CARTESIAN_POINT('',(1.7345,0.455285823659834,2.49236004824358));
#3454=CARTESIAN_POINT('',(1.7345,0.455285823659834,2.49236004824358));
#3455=VECTOR('',#4284,0.286754410529263);
#3456=CARTESIAN_POINT('',(1.7345,0.456181377669382,2.49093682340682));
#3457=VECTOR('',#4285,1.0);
#3458=CARTESIAN_POINT('',(1.74883772052646,0.455285823659834,2.49019625640622));
#3459=CARTESIAN_POINT('',(1.74883772052646,0.455285823659834,2.4862597331082));
#3460=VECTOR('',#4286,1.0);
#3461=CARTESIAN_POINT('',(1.7345,0.455285823659834,2.49019625640622));
#3462=CARTESIAN_POINT('',(1.7345,0.455285823659834,2.49019625640622));
#3463=VECTOR('',#4287,0.286754410529263);
#3464=CARTESIAN_POINT('',(1.7345,0.455285823659834,2.4862597331082));
#3465=VECTOR('',#4288,1.0);
#3466=CARTESIAN_POINT('',(1.74883772052646,0.452611904080859,2.48689317927925));
#3467=CARTESIAN_POINT('',(1.74883772052646,0.451197962152706,2.48514654513271));
#3468=VECTOR('',#4289,1.0);
#3469=CARTESIAN_POINT('',(1.7345,0.452611904080859,2.48689317927925));
#3470=CARTESIAN_POINT('',(1.7345,0.452611904080859,2.48689317927925));
#3471=VECTOR('',#4290,0.286754410529263);
#3472=CARTESIAN_POINT('',(1.7345,0.451197962152706,2.48514654513271));
#3473=VECTOR('',#4291,1.0);
#3474=CARTESIAN_POINT('',(1.74883772052646,0.447769941600013,2.48553708969945));
#3475=CARTESIAN_POINT('',(1.74883772052646,0.448786923291697,2.48582191600292));
#3476=VECTOR('',#4292,1.0);
#3477=CARTESIAN_POINT('',(1.7345,0.447769941600013,2.48553708969945));
#3478=CARTESIAN_POINT('',(1.7345,0.447769941600013,2.48553708969945));
#3479=VECTOR('',#4293,0.286754410529263);
#3480=CARTESIAN_POINT('',(1.7345,0.448786923291697,2.48582191600292));
#3481=VECTOR('',#4294,1.0);
#3482=CARTESIAN_POINT('',(1.74883772052646,0.446217507277736,2.48553708969945));
#3483=VECTOR('',#4295,1.0);
#3484=CARTESIAN_POINT('',(1.7345,0.446217507277736,2.48553708969945));
#3485=VECTOR('',#4296,1.0);
#3486=CARTESIAN_POINT('',(1.74883772052646,0.432546879577265,2.46350807339063));
#3487=CARTESIAN_POINT('',(1.74883772052646,0.432995366883436,2.50262424351136));
#3488=CARTESIAN_POINT('',(1.74883772052646,0.432546879577265,2.50253284562432));
#3489=VECTOR('',#4297,0.286754410529263);
#3490=CARTESIAN_POINT('',(1.7345,0.432546879577265,2.46350807339063));
#3491=CARTESIAN_POINT('',(1.7345,0.432546879577265,2.46350807339063));
#3492=VECTOR('',#4298,0.286754410529263);
#3493=CARTESIAN_POINT('',(1.7345,0.432995366883436,2.50262424351136));
#3494=CARTESIAN_POINT('',(1.7345,0.432546879577265,2.50253284562432));
#3495=VECTOR('',#4299,0.286754410529263);
#3496=CARTESIAN_POINT('',(1.7345,0.433443854189608,2.5027156413984));
#3497=VECTOR('',#4300,0.286754410529263);
#3498=CARTESIAN_POINT('',(1.74883772052646,0.444080017602318,2.50396545436536));
#3499=CARTESIAN_POINT('',(1.74883772052646,0.444080017602318,2.50396545436536));
#3500=VECTOR('',#4301,0.286754410529263);
#3501=CARTESIAN_POINT('',(1.7345,0.444080017602318,2.50396545436536));
#3502=CARTESIAN_POINT('',(1.7345,0.444080017602318,2.50396545436536));
#3503=VECTOR('',#4302,0.286754410529263);
#3504=CARTESIAN_POINT('',(1.7345,0.444080017602318,2.50396545436536));
#3505=VECTOR('',#4303,0.286754410529263);
#3506=CARTESIAN_POINT('',(1.74883772052646,0.449750937663292,2.50396545436536));
#3507=CARTESIAN_POINT('',(1.74883772052646,0.447625405406555,2.50396545436536));
#3508=VECTOR('',#4304,0.286754410529263);
#3509=CARTESIAN_POINT('',(1.7345,0.449750937663292,2.50396545436536));
#3510=CARTESIAN_POINT('',(1.7345,0.449750937663292,2.50396545436536));
#3511=VECTOR('',#4305,0.286754410529263);
#3512=CARTESIAN_POINT('',(1.7345,0.449750937663292,2.50396545436536));
#3513=VECTOR('',#4306,0.286754410529263);
#3514=CARTESIAN_POINT('',(1.74883772052646,0.456140287627043,2.50313224572072));
#3515=CARTESIAN_POINT('',(1.74883772052646,0.456140287627043,2.50313224572072));
#3516=VECTOR('',#4307,0.286754410529263);
#3517=CARTESIAN_POINT('',(1.7345,0.456140287627043,2.50313224572072));
#3518=CARTESIAN_POINT('',(1.7345,0.456140287627043,2.50313224572072));
#3519=VECTOR('',#4308,0.286754410529263);
#3520=CARTESIAN_POINT('',(1.7345,0.456140287627043,2.50313224572072));
#3521=VECTOR('',#4309,0.286754410529263);
#3522=CARTESIAN_POINT('',(1.74883772052646,0.461156543752941,2.50088130706083));
#3523=CARTESIAN_POINT('',(1.74883772052646,0.460523135140433,2.501329794367));
#3524=VECTOR('',#4310,0.286754410529263);
#3525=CARTESIAN_POINT('',(1.7345,0.461156543752941,2.50088130706083));
#3526=CARTESIAN_POINT('',(1.7345,0.460523135140433,2.501329794367));
#3527=VECTOR('',#4311,0.286754410529263);
#3528=CARTESIAN_POINT('',(1.7345,0.460523135140433,2.501329794367));
#3529=VECTOR('',#4312,0.286754410529263);
#3530=CARTESIAN_POINT('',(1.7345,0.461258569301264,2.50084517301247));
#3531=VECTOR('',#4313,0.286754410529263);
#3532=CARTESIAN_POINT('',(1.7345,0.461789952365448,2.50043281975466));
#3533=VECTOR('',#4314,0.286754410529263);
#3534=CARTESIAN_POINT('',(1.74883772052646,0.465067523105336,2.4944813294358));
#3535=CARTESIAN_POINT('',(1.74883772052646,0.465067523105336,2.4944813294358));
#3536=VECTOR('',#4315,0.286754410529263);
#3537=CARTESIAN_POINT('',(1.7345,0.465067523105336,2.4944813294358));
#3538=CARTESIAN_POINT('',(1.7345,0.465067523105336,2.4944813294358));
#3539=VECTOR('',#4316,0.286754410529263);
#3540=CARTESIAN_POINT('',(1.7345,0.465067523105336,2.4944813294358));
#3541=VECTOR('',#4317,0.286754410529263);
#3542=CARTESIAN_POINT('',(1.74883772052646,0.465067523105336,2.49102096292183));
#3543=CARTESIAN_POINT('',(1.74883772052646,0.465067523105336,2.49247482698544));
#3544=VECTOR('',#4318,0.286754410529263);
#3545=CARTESIAN_POINT('',(1.7345,0.465067523105336,2.49102096292183));
#3546=CARTESIAN_POINT('',(1.7345,0.465067523105336,2.49102096292183));
#3547=VECTOR('',#4319,0.286754410529263);
#3548=CARTESIAN_POINT('',(1.7345,0.465067523105336,2.49102096292183));
#3549=VECTOR('',#4320,0.286754410529263);
#3550=CARTESIAN_POINT('',(1.74883772052646,0.462805956784168,2.48666362179552));
#3551=CARTESIAN_POINT('',(1.74883772052646,0.462805956784168,2.48666362179552));
#3552=VECTOR('',#4321,0.286754410529263);
#3553=CARTESIAN_POINT('',(1.7345,0.462805956784168,2.48666362179552));
#3554=CARTESIAN_POINT('',(1.7345,0.462805956784168,2.48666362179552));
#3555=VECTOR('',#4322,0.286754410529263);
#3556=CARTESIAN_POINT('',(1.7345,0.462805956784168,2.48666362179552));
#3557=VECTOR('',#4323,0.286754410529263);
#3558=CARTESIAN_POINT('',(1.74883772052646,0.458146790077401,2.48350508086201));
#3559=CARTESIAN_POINT('',(1.74883772052646,0.458146790077401,2.48350508086201));
#3560=VECTOR('',#4324,0.286754410529263);
#3561=CARTESIAN_POINT('',(1.7345,0.458146790077401,2.48350508086201));
#3562=CARTESIAN_POINT('',(1.7345,0.458146790077401,2.48350508086201));
#3563=VECTOR('',#4325,0.286754410529263);
#3564=CARTESIAN_POINT('',(1.7345,0.458146790077401,2.48350508086201));
#3565=VECTOR('',#4326,0.286754410529263);
#3566=CARTESIAN_POINT('',(1.74883772052646,0.457421983577854,2.48275689350764));
#3567=CARTESIAN_POINT('',(1.74883772052646,0.456947989884602,2.48313523824934));
#3568=VECTOR('',#4327,0.286754410529263);
#3569=CARTESIAN_POINT('',(1.7345,0.457421983577854,2.48275689350764));
#3570=CARTESIAN_POINT('',(1.7345,0.456947989884602,2.48313523824934));
#3571=VECTOR('',#4328,0.286754410529263);
#3572=CARTESIAN_POINT('',(1.7345,0.456947989884602,2.48313523824934));
#3573=VECTOR('',#4329,0.286754410529263);
#3574=CARTESIAN_POINT('',(1.7345,0.456947989884602,2.4826506168948));
#3575=VECTOR('',#4330,0.286754410529263);
#3576=CARTESIAN_POINT('',(1.7345,0.457895977271106,2.48237854876594));
#3577=VECTOR('',#4331,0.286754410529263);
#3578=CARTESIAN_POINT('',(1.74883772052646,0.463821961202888,2.4744163049322));
#3579=CARTESIAN_POINT('',(1.74883772052646,0.463821961202888,2.4744163049322));
#3580=VECTOR('',#4332,0.286754410529263);
#3581=CARTESIAN_POINT('',(1.7345,0.463821961202888,2.4744163049322));
#3582=CARTESIAN_POINT('',(1.7345,0.463821961202888,2.4744163049322));
#3583=VECTOR('',#4333,0.286754410529263);
#3584=CARTESIAN_POINT('',(1.7345,0.463821961202888,2.4744163049322));
#3585=VECTOR('',#4334,0.286754410529263);
#3586=CARTESIAN_POINT('',(1.74883772052646,0.464115284654318,2.47310272599754));
#3587=CARTESIAN_POINT('',(1.74883772052646,0.464115284654318,2.47310272599754));
#3588=VECTOR('',#4335,0.286754410529263);
#3589=CARTESIAN_POINT('',(1.7345,0.464115284654318,2.47310272599754));
#3590=CARTESIAN_POINT('',(1.7345,0.464115284654318,2.47310272599754));
#3591=VECTOR('',#4336,0.286754410529263);
#3592=CARTESIAN_POINT('',(1.7345,0.464115284654318,2.47310272599754));
#3593=VECTOR('',#4337,0.286754410529263);
#3594=CARTESIAN_POINT('',(1.74883772052646,0.464417110234775,2.47160210022429));
#3595=CARTESIAN_POINT('',(1.74883772052646,0.464417110234775,2.47160210022429));
#3596=VECTOR('',#4338,0.286754410529263);
#3597=CARTESIAN_POINT('',(1.7345,0.464417110234775,2.47160210022429));
#3598=CARTESIAN_POINT('',(1.7345,0.464417110234775,2.47160210022429));
#3599=VECTOR('',#4339,0.286754410529263);
#3600=CARTESIAN_POINT('',(1.7345,0.464417110234775,2.47160210022429));
#3601=VECTOR('',#4340,0.286754410529263);
#3602=CARTESIAN_POINT('',(1.74883772052646,0.465641416814655,2.46653058025971));
#3603=CARTESIAN_POINT('',(1.74883772052646,0.465641416814655,2.46653058025971));
#3604=VECTOR('',#4341,0.286754410529263);
#3605=CARTESIAN_POINT('',(1.7345,0.465641416814655,2.46653058025971));
#3606=CARTESIAN_POINT('',(1.7345,0.465641416814655,2.46653058025971));
#3607=VECTOR('',#4342,0.286754410529263);
#3608=CARTESIAN_POINT('',(1.7345,0.465641416814655,2.46653058025971));
#3609=VECTOR('',#4343,0.286754410529263);
#3610=CARTESIAN_POINT('',(1.74883772052646,0.466899731910643,2.46366961384214));
#3611=CARTESIAN_POINT('',(1.74883772052646,0.466772199975239,2.46383115429366));
#3612=VECTOR('',#4344,0.286754410529263);
#3613=CARTESIAN_POINT('',(1.7345,0.466899731910643,2.46366961384214));
#3614=CARTESIAN_POINT('',(1.7345,0.466772199975239,2.46383115429366));
#3615=VECTOR('',#4345,0.286754410529263);
#3616=CARTESIAN_POINT('',(1.7345,0.467027263846047,2.46350807339063));
#3617=VECTOR('',#4346,0.286754410529263);
#3618=CARTESIAN_POINT('',(1.74883772052646,0.457052140965182,2.46369299469697));
#3619=CARTESIAN_POINT('',(1.74883772052646,0.45720305375541,2.46350807339063));
#3620=VECTOR('',#4347,0.286754410529263);
#3621=CARTESIAN_POINT('',(1.7345,0.457052140965182,2.46369299469697));
#3622=CARTESIAN_POINT('',(1.7345,0.45720305375541,2.46350807339063));
#3623=VECTOR('',#4348,0.286754410529263);
#3624=CARTESIAN_POINT('',(1.7345,0.456901228174954,2.4638779160033));
#3625=VECTOR('',#4349,0.286754410529263);
#3626=CARTESIAN_POINT('',(1.74883772052646,0.45436334266041,2.47172113003066));
#3627=CARTESIAN_POINT('',(1.74883772052646,0.45436334266041,2.47172113003066));
#3628=VECTOR('',#4350,0.286754410529263);
#3629=CARTESIAN_POINT('',(1.7345,0.45436334266041,2.47172113003066));
#3630=CARTESIAN_POINT('',(1.7345,0.45436334266041,2.47172113003066));
#3631=VECTOR('',#4351,0.286754410529263);
#3632=CARTESIAN_POINT('',(1.7345,0.45436334266041,2.47172113003066));
#3633=VECTOR('',#4352,0.286754410529263);
#3634=CARTESIAN_POINT('',(1.74883772052646,0.454061517079953,2.47284766212673));
#3635=CARTESIAN_POINT('',(1.74883772052646,0.454061517079953,2.47284766212673));
#3636=VECTOR('',#4353,0.286754410529263);
#3637=CARTESIAN_POINT('',(1.7345,0.454061517079953,2.47284766212673));
#3638=CARTESIAN_POINT('',(1.7345,0.454061517079953,2.47284766212673));
#3639=VECTOR('',#4354,0.286754410529263);
#3640=CARTESIAN_POINT('',(1.7345,0.454061517079953,2.47284766212673));
#3641=VECTOR('',#4355,0.286754410529263);
#3642=CARTESIAN_POINT('',(1.74883772052646,0.453878721305874,2.47393593464218));
#3643=CARTESIAN_POINT('',(1.74883772052646,0.453878721305874,2.47393593464218));
#3644=VECTOR('',#4356,0.286754410529263);
#3645=CARTESIAN_POINT('',(1.7345,0.453878721305874,2.47393593464218));
#3646=CARTESIAN_POINT('',(1.7345,0.453878721305874,2.47393593464218));
#3647=VECTOR('',#4357,0.286754410529263);
#3648=CARTESIAN_POINT('',(1.7345,0.453878721305874,2.47393593464218));
#3649=VECTOR('',#4358,0.286754410529263);
#3650=CARTESIAN_POINT('',(1.74883772052646,0.451617154984706,2.4776003522528));
#3651=CARTESIAN_POINT('',(1.74883772052646,0.451617154984706,2.4776003522528));
#3652=VECTOR('',#4359,0.286754410529263);
#3653=CARTESIAN_POINT('',(1.7345,0.451617154984706,2.4776003522528));
#3654=CARTESIAN_POINT('',(1.7345,0.451617154984706,2.4776003522528));
#3655=VECTOR('',#4360,0.286754410529263);
#3656=CARTESIAN_POINT('',(1.7345,0.451617154984706,2.4776003522528));
#3657=VECTOR('',#4361,0.286754410529263);
#3658=CARTESIAN_POINT('',(1.74883772052646,0.447353337277693,2.47907547163897));
#3659=CARTESIAN_POINT('',(1.74883772052646,0.447353337277693,2.47907547163897));
#3660=VECTOR('',#4362,0.286754410529263);
#3661=CARTESIAN_POINT('',(1.7345,0.447353337277693,2.47907547163897));
#3662=CARTESIAN_POINT('',(1.7345,0.447353337277693,2.47907547163897));
#3663=VECTOR('',#4363,0.286754410529263);
#3664=CARTESIAN_POINT('',(1.7345,0.447353337277693,2.47907547163897));
#3665=VECTOR('',#4364,0.286754410529263);
#3666=CARTESIAN_POINT('',(1.74883772052646,0.441656910829638,2.47907547163897));
#3667=CARTESIAN_POINT('',(1.74883772052646,0.44594198385922,2.47907547163897));
#3668=VECTOR('',#4365,0.286754410529263);
#3669=CARTESIAN_POINT('',(1.7345,0.441656910829638,2.47907547163897));
#3670=CARTESIAN_POINT('',(1.7345,0.441656910829638,2.47907547163897));
#3671=VECTOR('',#4366,0.286754410529263);
#3672=CARTESIAN_POINT('',(1.7345,0.441656910829638,2.47907547163897));
#3673=VECTOR('',#4367,0.286754410529263);
#3674=CARTESIAN_POINT('',(1.74883772052646,0.441656910829638,2.46350807339063));
#3675=CARTESIAN_POINT('',(1.74883772052646,0.441656910829638,2.46350807339063));
#3676=VECTOR('',#4368,0.286754410529263);
#3677=CARTESIAN_POINT('',(1.7345,0.441656910829638,2.46350807339063));
#3678=CARTESIAN_POINT('',(1.7345,0.441656910829638,2.46350807339063));
#3679=VECTOR('',#4369,0.286754410529263);
#3680=CARTESIAN_POINT('',(1.7345,0.441656910829638,2.46350807339063));
#3681=VECTOR('',#4370,0.286754410529263);
#3682=CARTESIAN_POINT('',(1.74883772052646,0.432546879577265,2.46350807339063));
#3683=VECTOR('',#4371,0.286754410529263);
#3684=CARTESIAN_POINT('',(1.7345,0.432546879577265,2.46350807339063));
#3685=VECTOR('',#4372,0.286754410529263);
#3686=CARTESIAN_POINT('',(1.74883772052646,0.0746134976197143,2.5217805208625));
#3687=CARTESIAN_POINT('',(1.74883772052646,0.18432573508821,2.5217805208625));
#3688=CARTESIAN_POINT('',(1.74883772052646,0.0746134976197143,2.5217805208625));
#3689=VECTOR('',#4373,0.286754410529263);
#3690=CARTESIAN_POINT('',(1.7345,0.0746134976197143,2.5217805208625));
#3691=CARTESIAN_POINT('',(1.7345,0.0746134976197143,2.5217805208625));
#3692=VECTOR('',#4374,0.286754410529263);
#3693=CARTESIAN_POINT('',(1.7345,0.18432573508821,2.5217805208625));
#3694=CARTESIAN_POINT('',(1.7345,0.0746134976197143,2.5217805208625));
#3695=VECTOR('',#4375,0.286754410529263);
#3696=CARTESIAN_POINT('',(1.7345,0.18432573508821,2.5217805208625));
#3697=VECTOR('',#4376,0.286754410529263);
#3698=CARTESIAN_POINT('',(1.74883772052646,0.234794511341361,2.41168116493979));
#3699=CARTESIAN_POINT('',(1.74883772052646,0.18432573508821,2.5217805208625));
#3700=VECTOR('',#4377,0.286754410529263);
#3701=CARTESIAN_POINT('',(1.7345,0.234794511341361,2.41168116493979));
#3702=CARTESIAN_POINT('',(1.7345,0.18432573508821,2.5217805208625));
#3703=VECTOR('',#4378,0.286754410529263);
#3704=CARTESIAN_POINT('',(1.7345,0.234794511341361,2.41168116493979));
#3705=VECTOR('',#4379,0.286754410529263);
#3706=CARTESIAN_POINT('',(1.74883772052646,0.285277625315038,2.5217805208625));
#3707=CARTESIAN_POINT('',(1.74883772052646,0.234794511341361,2.41168116493979));
#3708=VECTOR('',#4380,0.286754410529263);
#3709=CARTESIAN_POINT('',(1.7345,0.285277625315038,2.5217805208625));
#3710=CARTESIAN_POINT('',(1.7345,0.234794511341361,2.41168116493979));
#3711=VECTOR('',#4381,0.286754410529263);
#3712=CARTESIAN_POINT('',(1.7345,0.285277625315038,2.5217805208625));
#3713=VECTOR('',#4382,0.286754410529263);
#3714=CARTESIAN_POINT('',(1.74883772052646,0.394989862783534,2.5217805208625));
#3715=CARTESIAN_POINT('',(1.74883772052646,0.285277625315038,2.5217805208625));
#3716=VECTOR('',#4383,0.286754410529263);
#3717=CARTESIAN_POINT('',(1.7345,0.394989862783534,2.5217805208625));
#3718=CARTESIAN_POINT('',(1.7345,0.285277625315038,2.5217805208625));
#3719=VECTOR('',#4384,0.286754410529263);
#3720=CARTESIAN_POINT('',(1.7345,0.394989862783534,2.5217805208625));
#3721=VECTOR('',#4385,0.286754410529263);
#3722=CARTESIAN_POINT('',(1.74883772052646,0.394989862783534,2.12540850182022));
#3723=CARTESIAN_POINT('',(1.74883772052646,0.394989862783534,2.5217805208625));
#3724=VECTOR('',#4386,0.286754410529263);
#3725=CARTESIAN_POINT('',(1.7345,0.394989862783534,2.12540850182022));
#3726=CARTESIAN_POINT('',(1.7345,0.394989862783534,2.5217805208625));
#3727=VECTOR('',#4387,0.286754410529263);
#3728=CARTESIAN_POINT('',(1.7345,0.394989862783534,2.12540850182022));
#3729=VECTOR('',#4388,0.286754410529263);
#3730=CARTESIAN_POINT('',(1.74883772052646,0.285277625315038,2.12540850182022));
#3731=CARTESIAN_POINT('',(1.74883772052646,0.394989862783534,2.12540850182022));
#3732=VECTOR('',#4389,0.286754410529263);
#3733=CARTESIAN_POINT('',(1.7345,0.285277625315038,2.12540850182022));
#3734=CARTESIAN_POINT('',(1.7345,0.394989862783534,2.12540850182022));
#3735=VECTOR('',#4390,0.286754410529263);
#3736=CARTESIAN_POINT('',(1.7345,0.285277625315038,2.12540850182022));
#3737=VECTOR('',#4391,0.286754410529263);
#3738=CARTESIAN_POINT('',(1.74883772052646,0.285277625315038,2.237715866704));
#3739=CARTESIAN_POINT('',(1.74883772052646,0.285277625315038,2.12540850182022));
#3740=VECTOR('',#4392,0.286754410529263);
#3741=CARTESIAN_POINT('',(1.7345,0.285277625315038,2.237715866704));
#3742=CARTESIAN_POINT('',(1.7345,0.285277625315038,2.12540850182022));
#3743=VECTOR('',#4393,0.286754410529263);
#3744=CARTESIAN_POINT('',(1.7345,0.285277625315038,2.237715866704));
#3745=VECTOR('',#4394,0.286754410529263);
#3746=CARTESIAN_POINT('',(1.74883772052646,0.232597972556707,2.14082441893027));
#3747=CARTESIAN_POINT('',(1.74883772052646,0.285277625315038,2.237715866704));
#3748=VECTOR('',#4395,0.286754410529263);
#3749=CARTESIAN_POINT('',(1.7345,0.232597972556707,2.14082441893027));
#3750=CARTESIAN_POINT('',(1.7345,0.285277625315038,2.237715866704));
#3751=VECTOR('',#4396,0.286754410529263);
#3752=CARTESIAN_POINT('',(1.7345,0.232597972556707,2.14082441893027));
#3753=VECTOR('',#4397,0.286754410529263);
#3754=CARTESIAN_POINT('',(1.74883772052646,0.184976667600112,2.23753234388127));
#3755=CARTESIAN_POINT('',(1.74883772052646,0.232597972556707,2.14082441893027));
#3756=VECTOR('',#4398,0.286754410529263);
#3757=CARTESIAN_POINT('',(1.7345,0.184976667600112,2.23753234388127));
#3758=CARTESIAN_POINT('',(1.7345,0.232597972556707,2.14082441893027));
#3759=VECTOR('',#4399,0.286754410529263);
#3760=CARTESIAN_POINT('',(1.7345,0.184976667600112,2.23753234388127));
#3761=VECTOR('',#4400,0.286754410529263);
#3762=CARTESIAN_POINT('',(1.74883772052646,0.185524368524223,2.12521924390927));
#3763=CARTESIAN_POINT('',(1.74883772052646,0.184976667600112,2.23753234388127));
#3764=VECTOR('',#4401,0.286754410529263);
#3765=CARTESIAN_POINT('',(1.7345,0.185524368524223,2.12521924390927));
#3766=CARTESIAN_POINT('',(1.7345,0.184976667600112,2.23753234388127));
#3767=VECTOR('',#4402,0.286754410529263);
#3768=CARTESIAN_POINT('',(1.7345,0.185524368524223,2.12521924390927));
#3769=VECTOR('',#4403,0.286754410529263);
#3770=CARTESIAN_POINT('',(1.74883772052646,0.0746134976197143,2.12540850182022));
#3771=CARTESIAN_POINT('',(1.74883772052646,0.185524368524223,2.12521924390927));
#3772=VECTOR('',#4404,0.286754410529263);
#3773=CARTESIAN_POINT('',(1.7345,0.0746134976197143,2.12540850182022));
#3774=CARTESIAN_POINT('',(1.7345,0.185524368524223,2.12521924390927));
#3775=VECTOR('',#4405,0.286754410529263);
#3776=CARTESIAN_POINT('',(1.7345,0.0746134976197143,2.12540850182022));
#3777=VECTOR('',#4406,0.286754410529263);
#3778=CARTESIAN_POINT('',(1.74883772052646,0.0746134976197143,2.12540850182022));
#3779=VECTOR('',#4407,0.286754410529263);
#3780=CARTESIAN_POINT('',(1.7345,0.0746134976197143,2.12540850182022));
#3781=VECTOR('',#4408,0.286754410529263);
#3782=CARTESIAN_POINT('',(1.74883772052646,-0.289647762531504,2.31478971716606));
#3783=CARTESIAN_POINT('',(1.74883772052646,-0.288776315877905,2.42216777373285));
#3784=CARTESIAN_POINT('',(1.74883772052646,-0.289363251110597,2.34984669205012));
#3785=VECTOR('',#4409,1.0);
#3786=CARTESIAN_POINT('',(1.7345,-0.288776315877905,2.42216777373285));
#3787=CARTESIAN_POINT('',(1.7345,-0.288776315877905,2.42216777373285));
#3788=VECTOR('',#4410,0.286754410529263);
#3789=CARTESIAN_POINT('',(1.7345,-0.289647762531504,2.31478971716606));
#3790=CARTESIAN_POINT('',(1.7345,-0.289363251110597,2.34984669205012));
#3791=VECTOR('',#4411,1.0);
#3792=CARTESIAN_POINT('',(1.7345,-0.289647762531504,2.31478971716606));
#3793=VECTOR('',#4412,0.286754410529263);
#3794=CARTESIAN_POINT('',(1.74883772052646,-0.270994388126575,2.41938338840661));
#3795=CARTESIAN_POINT('',(1.74883772052646,-0.280926429905567,2.42093859838023));
#3796=VECTOR('',#4413,1.0);
#3797=CARTESIAN_POINT('',(1.7345,-0.270994388126575,2.41938338840661));
#3798=CARTESIAN_POINT('',(1.7345,-0.270994388126575,2.41938338840661));
#3799=VECTOR('',#4414,0.286754410529263);
#3800=CARTESIAN_POINT('',(1.7345,-0.280926429905567,2.42093859838023));
#3801=VECTOR('',#4415,1.0);
#3802=CARTESIAN_POINT('',(1.74883772052646,-0.26973438924671,2.41869804536544));
#3803=CARTESIAN_POINT('',(1.74883772052646,-0.261847953299137,2.41440842726924));
#3804=VECTOR('',#4416,1.0);
#3805=CARTESIAN_POINT('',(1.7345,-0.26973438924671,2.41869804536544));
#3806=CARTESIAN_POINT('',(1.7345,-0.26973438924671,2.41869804536544));
#3807=VECTOR('',#4417,0.286754410529263);
#3808=CARTESIAN_POINT('',(1.7345,-0.261847953299137,2.41440842726924));
#3809=VECTOR('',#4418,1.0);
#3810=CARTESIAN_POINT('',(1.74883772052646,-0.265782626715206,2.41686281713806));
#3811=CARTESIAN_POINT('',(1.74883772052646,-0.262863465848734,2.41550713688659));
#3812=VECTOR('',#4419,1.0);
#3813=CARTESIAN_POINT('',(1.7345,-0.265782626715206,2.41686281713806));
#3814=CARTESIAN_POINT('',(1.7345,-0.265782626715206,2.41686281713806));
#3815=VECTOR('',#4420,0.286754410529263);
#3816=CARTESIAN_POINT('',(1.7345,-0.262863465848734,2.41550713688659));
#3817=VECTOR('',#4421,1.0);
#3818=CARTESIAN_POINT('',(1.74883772052646,-0.259699418650238,2.41189909829179));
#3819=CARTESIAN_POINT('',(1.74883772052646,-0.252378204062509,2.40592520253835));
#3820=VECTOR('',#4422,1.0);
#3821=CARTESIAN_POINT('',(1.7345,-0.259699418650238,2.41189909829179));
#3822=CARTESIAN_POINT('',(1.7345,-0.259699418650238,2.41189909829179));
#3823=VECTOR('',#4423,0.286754410529263);
#3824=CARTESIAN_POINT('',(1.7345,-0.252378204062509,2.40592520253835));
#3825=VECTOR('',#4424,1.0);
#3826=CARTESIAN_POINT('',(1.74883772052646,-0.253492332679921,2.40103684122095));
#3827=CARTESIAN_POINT('',(1.74883772052646,-0.245252796250427,2.38661784279402));
#3828=VECTOR('',#4425,1.0);
#3829=CARTESIAN_POINT('',(1.7345,-0.253492332679921,2.40103684122095));
#3830=CARTESIAN_POINT('',(1.7345,-0.253492332679921,2.40103684122095));
#3831=VECTOR('',#4426,0.286754410529263);
#3832=CARTESIAN_POINT('',(1.7345,-0.245252796250427,2.38661784279402));
#3833=VECTOR('',#4427,1.0);
#3834=CARTESIAN_POINT('',(1.74883772052646,-0.248933797815738,2.38597936712405));
#3835=CARTESIAN_POINT('',(1.74883772052646,-0.244464187669781,2.37121562372818));
#3836=VECTOR('',#4428,1.0);
#3837=CARTESIAN_POINT('',(1.7345,-0.248933797815738,2.38597936712405));
#3838=CARTESIAN_POINT('',(1.7345,-0.248933797815738,2.38597936712405));
#3839=VECTOR('',#4429,0.286754410529263);
#3840=CARTESIAN_POINT('',(1.7345,-0.244464187669781,2.37121562372818));
#3841=VECTOR('',#4430,1.0);
#3842=CARTESIAN_POINT('',(1.74883772052646,-0.247953671240549,2.38084646317558));
#3843=CARTESIAN_POINT('',(1.74883772052646,-0.244477399495603,2.3626412951725));
#3844=VECTOR('',#4431,1.0);
#3845=CARTESIAN_POINT('',(1.7345,-0.247953671240549,2.38084646317558));
#3846=CARTESIAN_POINT('',(1.7345,-0.247953671240549,2.38084646317558));
#3847=VECTOR('',#4432,0.286754410529263);
#3848=CARTESIAN_POINT('',(1.7345,-0.244477399495603,2.3626412951725));
#3849=VECTOR('',#4433,1.0);
#3850=CARTESIAN_POINT('',(1.74883772052646,-0.246926803696444,2.37535511621395));
#3851=CARTESIAN_POINT('',(1.74883772052646,-0.244030248499253,2.35986529995418));
#3852=VECTOR('',#4434,1.0);
#3853=CARTESIAN_POINT('',(1.7345,-0.246926803696444,2.37535511621395));
#3854=CARTESIAN_POINT('',(1.7345,-0.246926803696444,2.37535511621395));
#3855=VECTOR('',#4435,0.286754410529263);
#3856=CARTESIAN_POINT('',(1.7345,-0.244030248499253,2.35986529995418));
#3857=VECTOR('',#4436,1.0);
#3858=CARTESIAN_POINT('',(1.74883772052646,-0.248000412209465,2.35805235508261));
#3859=CARTESIAN_POINT('',(1.74883772052646,-0.248651910575547,2.34755251229164));
#3860=VECTOR('',#4437,1.0);
#3861=CARTESIAN_POINT('',(1.7345,-0.248000412209465,2.35805235508261));
#3862=CARTESIAN_POINT('',(1.7345,-0.248000412209465,2.35805235508261));
#3863=VECTOR('',#4438,0.286754410529263);
#3864=CARTESIAN_POINT('',(1.7345,-0.248651910575547,2.34755251229164));
#3865=VECTOR('',#4439,1.0);
#3866=CARTESIAN_POINT('',(1.74883772052646,-0.25568571716606,2.33633644357323));
#3867=CARTESIAN_POINT('',(1.74883772052646,-0.256807013461105,2.3331680629746));
#3868=VECTOR('',#4440,1.0);
#3869=CARTESIAN_POINT('',(1.7345,-0.25568571716606,2.33633644357323));
#3870=CARTESIAN_POINT('',(1.7345,-0.25568571716606,2.33633644357323));
#3871=VECTOR('',#4441,0.286754410529263);
#3872=CARTESIAN_POINT('',(1.7345,-0.256807013461105,2.3331680629746));
#3873=VECTOR('',#4442,1.0);
#3874=CARTESIAN_POINT('',(1.74883772052646,-0.269936551106133,2.32035562027443));
#3875=CARTESIAN_POINT('',(1.74883772052646,-0.26944380277295,2.3209081861156));
#3876=VECTOR('',#4443,1.0);
#3877=CARTESIAN_POINT('',(1.7345,-0.269936551106133,2.32035562027443));
#3878=CARTESIAN_POINT('',(1.7345,-0.269936551106133,2.32035562027443));
#3879=VECTOR('',#4444,0.286754410529263);
#3880=CARTESIAN_POINT('',(1.7345,-0.26944380277295,2.3209081861156));
#3881=VECTOR('',#4445,1.0);
#3882=CARTESIAN_POINT('',(1.74883772052646,-0.284809068608233,2.314543108373));
#3883=CARTESIAN_POINT('',(1.74883772052646,-0.283124712356016,2.31520139240332));
#3884=VECTOR('',#4446,1.0);
#3885=CARTESIAN_POINT('',(1.7345,-0.284809068608233,2.314543108373));
#3886=CARTESIAN_POINT('',(1.7345,-0.284809068608233,2.314543108373));
#3887=VECTOR('',#4447,0.286754410529263);
#3888=CARTESIAN_POINT('',(1.7345,-0.283124712356016,2.31520139240332));
#3889=VECTOR('',#4448,1.0);
#3890=CARTESIAN_POINT('',(1.74883772052646,-0.292041844329107,2.31491173389866));
#3891=VECTOR('',#4449,1.0);
#3892=CARTESIAN_POINT('',(1.7345,-0.292041844329107,2.31491173389866));
#3893=VECTOR('',#4450,1.0);
#3894=CARTESIAN_POINT('',(1.74883772052646,-0.28508922766732,2.12540850182022));
#3895=CARTESIAN_POINT('',(1.74883772052646,-0.394986995239429,2.12540850182022));
#3896=CARTESIAN_POINT('',(1.74883772052646,-0.394986995239429,2.12540850182022));
#3897=VECTOR('',#4451,0.286754410529263);
#3898=CARTESIAN_POINT('',(1.7345,-0.28508922766732,2.12540850182022));
#3899=CARTESIAN_POINT('',(1.7345,-0.28508922766732,2.12540850182022));
#3900=VECTOR('',#4452,0.286754410529263);
#3901=CARTESIAN_POINT('',(1.7345,-0.394986995239429,2.12540850182022));
#3902=CARTESIAN_POINT('',(1.7345,-0.394986995239429,2.12540850182022));
#3903=VECTOR('',#4453,0.286754410529263);
#3904=CARTESIAN_POINT('',(1.7345,-0.394986995239429,2.12540850182022));
#3905=VECTOR('',#4454,0.286754410529263);
#3906=CARTESIAN_POINT('',(1.74883772052646,-0.394986995239429,2.52387956314758));
#3907=CARTESIAN_POINT('',(1.74883772052646,-0.394986995239429,2.52387956314758));
#3908=VECTOR('',#4455,0.286754410529263);
#3909=CARTESIAN_POINT('',(1.7345,-0.394986995239429,2.52387956314758));
#3910=CARTESIAN_POINT('',(1.7345,-0.394986995239429,2.52387956314758));
#3911=VECTOR('',#4456,0.286754410529263);
#3912=CARTESIAN_POINT('',(1.7345,-0.394986995239429,2.52387956314758));
#3913=VECTOR('',#4457,0.286754410529263);
#3914=CARTESIAN_POINT('',(1.74883772052646,-0.297037136936432,2.52387956314758));
#3915=CARTESIAN_POINT('',(1.74883772052646,-0.297037136936432,2.52387956314758));
#3916=VECTOR('',#4458,0.286754410529263);
#3917=CARTESIAN_POINT('',(1.7345,-0.297037136936432,2.52387956314758));
#3918=CARTESIAN_POINT('',(1.7345,-0.297037136936432,2.52387956314758));
#3919=VECTOR('',#4459,0.286754410529263);
#3920=CARTESIAN_POINT('',(1.7345,-0.297037136936432,2.52387956314758));
#3921=VECTOR('',#4460,0.286754410529263);
#3922=CARTESIAN_POINT('',(1.74883772052646,-0.289787411929431,2.52348957714926));
#3923=CARTESIAN_POINT('',(1.74883772052646,-0.289787411929431,2.52348957714926));
#3924=VECTOR('',#4461,0.286754410529263);
#3925=CARTESIAN_POINT('',(1.7345,-0.289787411929431,2.52348957714926));
#3926=CARTESIAN_POINT('',(1.7345,-0.289787411929431,2.52348957714926));
#3927=VECTOR('',#4462,0.286754410529263);
#3928=CARTESIAN_POINT('',(1.7345,-0.289787411929431,2.52348957714926));
#3929=VECTOR('',#4463,0.286754410529263);
#3930=CARTESIAN_POINT('',(1.74883772052646,-0.268116234108093,2.52058188742649));
#3931=CARTESIAN_POINT('',(1.74883772052646,-0.268116234108093,2.52058188742649));
#3932=VECTOR('',#4464,0.286754410529263);
#3933=CARTESIAN_POINT('',(1.7345,-0.268116234108093,2.52058188742649));
#3934=CARTESIAN_POINT('',(1.7345,-0.268116234108093,2.52058188742649));
#3935=VECTOR('',#4465,0.286754410529263);
#3936=CARTESIAN_POINT('',(1.7345,-0.268116234108093,2.52058188742649));
#3937=VECTOR('',#4466,0.286754410529263);
#3938=CARTESIAN_POINT('',(1.74883772052646,-0.240143914869784,2.51364529823579));
#3939=CARTESIAN_POINT('',(1.74883772052646,-0.240143914869784,2.51364529823579));
#3940=VECTOR('',#4467,0.286754410529263);
#3941=CARTESIAN_POINT('',(1.7345,-0.240143914869784,2.51364529823579));
#3942=CARTESIAN_POINT('',(1.7345,-0.240143914869784,2.51364529823579));
#3943=VECTOR('',#4468,0.286754410529263);
#3944=CARTESIAN_POINT('',(1.7345,-0.240143914869784,2.51364529823579));
#3945=VECTOR('',#4469,0.286754410529263);
#3946=CARTESIAN_POINT('',(1.74883772052646,-0.213960943153178,2.50261385606273));
#3947=CARTESIAN_POINT('',(1.74883772052646,-0.213960943153178,2.50261385606273));
#3948=VECTOR('',#4470,0.286754410529263);
#3949=CARTESIAN_POINT('',(1.7345,-0.213960943153178,2.50261385606273));
#3950=CARTESIAN_POINT('',(1.7345,-0.213960943153178,2.50261385606273));
#3951=VECTOR('',#4471,0.286754410529263);
#3952=CARTESIAN_POINT('',(1.7345,-0.213960943153178,2.50261385606273));
#3953=VECTOR('',#4472,0.286754410529263);
#3954=CARTESIAN_POINT('',(1.74883772052646,-0.190437905348642,2.48712051526183));
#3955=CARTESIAN_POINT('',(1.74883772052646,-0.190437905348642,2.48712051526183));
#3956=VECTOR('',#4473,0.286754410529263);
#3957=CARTESIAN_POINT('',(1.7345,-0.190437905348642,2.48712051526183));
#3958=CARTESIAN_POINT('',(1.7345,-0.190437905348642,2.48712051526183));
#3959=VECTOR('',#4474,0.286754410529263);
#3960=CARTESIAN_POINT('',(1.7345,-0.190437905348642,2.48712051526183));
#3961=VECTOR('',#4475,0.286754410529263);
#3962=CARTESIAN_POINT('',(1.74883772052646,-0.170462306356763,2.46672080649678));
#3963=CARTESIAN_POINT('',(1.74883772052646,-0.170462306356763,2.46672080649678));
#3964=VECTOR('',#4476,0.286754410529263);
#3965=CARTESIAN_POINT('',(1.7345,-0.170462306356763,2.46672080649678));
#3966=CARTESIAN_POINT('',(1.7345,-0.170462306356763,2.46672080649678));
#3967=VECTOR('',#4477,0.286754410529263);
#3968=CARTESIAN_POINT('',(1.7345,-0.170462306356763,2.46672080649678));
#3969=VECTOR('',#4478,0.286754410529263);
#3970=CARTESIAN_POINT('',(1.74883772052646,-0.154904732567908,2.44101900868104));
#3971=CARTESIAN_POINT('',(1.74883772052646,-0.154904732567908,2.44101900868104));
#3972=VECTOR('',#4479,0.286754410529263);
#3973=CARTESIAN_POINT('',(1.7345,-0.154904732567908,2.44101900868104));
#3974=CARTESIAN_POINT('',(1.7345,-0.154904732567908,2.44101900868104));
#3975=VECTOR('',#4480,0.286754410529263);
#3976=CARTESIAN_POINT('',(1.7345,-0.154904732567908,2.44101900868104));
#3977=VECTOR('',#4481,0.286754410529263);
#3978=CARTESIAN_POINT('',(1.74883772052646,-0.144605661159339,2.40961366563988));
#3979=CARTESIAN_POINT('',(1.74883772052646,-0.144605661159339,2.40961366563988));
#3980=VECTOR('',#4482,0.286754410529263);
#3981=CARTESIAN_POINT('',(1.7345,-0.144605661159339,2.40961366563988));
#3982=CARTESIAN_POINT('',(1.7345,-0.144605661159339,2.40961366563988));
#3983=VECTOR('',#4483,0.286754410529263);
#3984=CARTESIAN_POINT('',(1.7345,-0.144605661159339,2.40961366563988));
#3985=VECTOR('',#4484,0.286754410529263);
#3986=CARTESIAN_POINT('',(1.74883772052646,-0.140623215905909,2.3814515149818));
#3987=CARTESIAN_POINT('',(1.74883772052646,-0.140623215905909,2.3814515149818));
#3988=VECTOR('',#4485,0.286754410529263);
#3989=CARTESIAN_POINT('',(1.7345,-0.140623215905909,2.3814515149818));
#3990=CARTESIAN_POINT('',(1.7345,-0.140623215905909,2.3814515149818));
#3991=VECTOR('',#4486,0.286754410529263);
#3992=CARTESIAN_POINT('',(1.7345,-0.140623215905909,2.3814515149818));
#3993=VECTOR('',#4487,0.286754410529263);
#3994=CARTESIAN_POINT('',(1.74883772052646,-0.140436252030244,2.37204023522823));
#3995=CARTESIAN_POINT('',(1.74883772052646,-0.140436252030244,2.37204023522823));
#3996=VECTOR('',#4488,0.286754410529263);
#3997=CARTESIAN_POINT('',(1.7345,-0.140436252030244,2.37204023522823));
#3998=CARTESIAN_POINT('',(1.7345,-0.140436252030244,2.37204023522823));
#3999=VECTOR('',#4489,0.286754410529263);
#4000=CARTESIAN_POINT('',(1.7345,-0.140436252030244,2.37204023522823));
#4001=VECTOR('',#4490,0.286754410529263);
#4002=CARTESIAN_POINT('',(1.74883772052646,-0.1402498616634,2.36233359843181));
#4003=CARTESIAN_POINT('',(1.74883772052646,-0.1402498616634,2.36233359843181));
#4004=VECTOR('',#4491,0.286754410529263);
#4005=CARTESIAN_POINT('',(1.7345,-0.1402498616634,2.36233359843181));
#4006=CARTESIAN_POINT('',(1.7345,-0.1402498616634,2.36233359843181));
#4007=VECTOR('',#4492,0.286754410529263);
#4008=CARTESIAN_POINT('',(1.7345,-0.1402498616634,2.36233359843181));
#4009=VECTOR('',#4493,0.286754410529263);
#4010=CARTESIAN_POINT('',(1.74883772052646,-0.144683371604592,2.33308464855783));
#4011=CARTESIAN_POINT('',(1.74883772052646,-0.144683371604592,2.33308464855783));
#4012=VECTOR('',#4494,0.286754410529263);
#4013=CARTESIAN_POINT('',(1.7345,-0.144683371604592,2.33308464855783));
#4014=CARTESIAN_POINT('',(1.7345,-0.144683371604592,2.33308464855783));
#4015=VECTOR('',#4495,0.286754410529263);
#4016=CARTESIAN_POINT('',(1.7345,-0.144683371604592,2.33308464855783));
#4017=VECTOR('',#4496,0.286754410529263);
#4018=CARTESIAN_POINT('',(1.74883772052646,-0.157518499019882,2.30024266591991));
#4019=CARTESIAN_POINT('',(1.74883772052646,-0.157518499019882,2.30024266591991));
#4020=VECTOR('',#4497,0.286754410529263);
#4021=CARTESIAN_POINT('',(1.7345,-0.157518499019882,2.30024266591991));
#4022=CARTESIAN_POINT('',(1.7345,-0.157518499019882,2.30024266591991));
#4023=VECTOR('',#4498,0.286754410529263);
#4024=CARTESIAN_POINT('',(1.7345,-0.157518499019882,2.30024266591991));
#4025=VECTOR('',#4499,0.286754410529263);
#4026=CARTESIAN_POINT('',(1.74883772052646,-0.176623224866984,2.27323326799216));
#4027=CARTESIAN_POINT('',(1.74883772052646,-0.176623224866984,2.27323326799216));
#4028=VECTOR('',#4500,0.286754410529263);
#4029=CARTESIAN_POINT('',(1.7345,-0.176623224866984,2.27323326799216));
#4030=CARTESIAN_POINT('',(1.7345,-0.176623224866984,2.27323326799216));
#4031=VECTOR('',#4501,0.286754410529263);
#4032=CARTESIAN_POINT('',(1.7345,-0.176623224866984,2.27323326799216));
#4033=VECTOR('',#4502,0.286754410529263);
#4034=CARTESIAN_POINT('',(1.74883772052646,-0.199694624474937,2.25176683281994));
#4035=CARTESIAN_POINT('',(1.74883772052646,-0.199694624474937,2.25176683281994));
#4036=VECTOR('',#4503,0.286754410529263);
#4037=CARTESIAN_POINT('',(1.7345,-0.199694624474937,2.25176683281994));
#4038=CARTESIAN_POINT('',(1.7345,-0.199694624474937,2.25176683281994));
#4039=VECTOR('',#4504,0.286754410529263);
#4040=CARTESIAN_POINT('',(1.7345,-0.199694624474937,2.25176683281994));
#4041=VECTOR('',#4505,0.286754410529263);
#4042=CARTESIAN_POINT('',(1.74883772052646,-0.224399950714086,2.23556807616914));
#4043=CARTESIAN_POINT('',(1.74883772052646,-0.224399950714086,2.23556807616914));
#4044=VECTOR('',#4506,0.286754410529263);
#4045=CARTESIAN_POINT('',(1.7345,-0.224399950714086,2.23556807616914));
#4046=CARTESIAN_POINT('',(1.7345,-0.224399950714086,2.23556807616914));
#4047=VECTOR('',#4507,0.286754410529263);
#4048=CARTESIAN_POINT('',(1.7345,-0.224399950714086,2.23556807616914));
#4049=VECTOR('',#4508,0.286754410529263);
#4050=CARTESIAN_POINT('',(1.74883772052646,-0.248451476897228,2.22433877345281));
#4051=CARTESIAN_POINT('',(1.74883772052646,-0.248451476897228,2.22433877345281));
#4052=VECTOR('',#4509,0.286754410529263);
#4053=CARTESIAN_POINT('',(1.7345,-0.248451476897228,2.22433877345281));
#4054=CARTESIAN_POINT('',(1.7345,-0.248451476897228,2.22433877345281));
#4055=VECTOR('',#4510,0.286754410529263);
#4056=CARTESIAN_POINT('',(1.7345,-0.248451476897228,2.22433877345281));
#4057=VECTOR('',#4511,0.286754410529263);
#4058=CARTESIAN_POINT('',(1.74883772052646,-0.269500971156539,2.21781797815738));
#4059=CARTESIAN_POINT('',(1.74883772052646,-0.269500971156539,2.21781797815738));
#4060=VECTOR('',#4512,0.286754410529263);
#4061=CARTESIAN_POINT('',(1.7345,-0.269500971156539,2.21781797815738));
#4062=CARTESIAN_POINT('',(1.7345,-0.269500971156539,2.21781797815738));
#4063=VECTOR('',#4513,0.286754410529263);
#4064=CARTESIAN_POINT('',(1.7345,-0.269500971156539,2.21781797815738));
#4065=VECTOR('',#4514,0.286754410529263);
#4066=CARTESIAN_POINT('',(1.74883772052646,-0.281324429011481,2.21570459815178));
#4067=CARTESIAN_POINT('',(1.74883772052646,-0.281324429011481,2.21570459815178));
#4068=VECTOR('',#4515,0.286754410529263);
#4069=CARTESIAN_POINT('',(1.7345,-0.281324429011481,2.21570459815178));
#4070=CARTESIAN_POINT('',(1.7345,-0.281324429011481,2.21570459815178));
#4071=VECTOR('',#4516,0.286754410529263);
#4072=CARTESIAN_POINT('',(1.7345,-0.281324429011481,2.21570459815178));
#4073=VECTOR('',#4517,0.286754410529263);
#4074=CARTESIAN_POINT('',(1.74883772052646,-0.285260420050406,2.21570459815178));
#4075=CARTESIAN_POINT('',(1.74883772052646,-0.285260420050406,2.21570459815178));
#4076=VECTOR('',#4518,0.286754410529263);
#4077=CARTESIAN_POINT('',(1.7345,-0.285260420050406,2.21570459815178));
#4078=CARTESIAN_POINT('',(1.7345,-0.285260420050406,2.21570459815178));
#4079=VECTOR('',#4519,0.286754410529263);
#4080=CARTESIAN_POINT('',(1.7345,-0.285260420050406,2.21570459815178));
#4081=VECTOR('',#4520,0.286754410529263);
#4082=CARTESIAN_POINT('',(1.74883772052646,-0.28508922766732,2.12540850182022));
#4083=VECTOR('',#4521,0.286754410529263);
#4084=CARTESIAN_POINT('',(1.7345,-0.28508922766732,2.12540850182022));
#4085=VECTOR('',#4522,0.286754410529263);
#4086=CARTESIAN_POINT('',(1.74883772052646,-0.326954511341361,1.97565387846542));
#4087=CARTESIAN_POINT('',(1.74883772052646,0.326968849061887,1.97565387846542));
#4088=CARTESIAN_POINT('',(1.74883772052646,4.18523884039635E-06,1.97565387846542));
#4089=VECTOR('',#4523,1.0);
#4090=CARTESIAN_POINT('',(1.7345,0.326968849061887,1.97565387846542));
#4091=CARTESIAN_POINT('',(1.7345,0.326968849061887,1.97565387846542));
#4092=VECTOR('',#4524,0.286754410529263);
#4093=CARTESIAN_POINT('',(1.7345,-0.326954511341361,1.97565387846542));
#4094=CARTESIAN_POINT('',(1.7345,4.18523884039237E-06,1.97565387846542));
#4095=VECTOR('',#4525,1.0);
#4096=CARTESIAN_POINT('',(1.7345,-0.326954511341361,1.97565387846542));
#4097=VECTOR('',#4526,0.286754410529263);
#4098=CARTESIAN_POINT('',(1.74883772052646,0.0,1.57928071240549));
#4099=CARTESIAN_POINT('',(1.74883772052646,0.158583617255055,1.77152621419249));
#4100=VECTOR('',#4527,1.0);
#4101=CARTESIAN_POINT('',(1.7345,0.0,1.57928071240549));
#4102=CARTESIAN_POINT('',(1.7345,0.0,1.57928071240549));
#4103=VECTOR('',#4528,0.286754410529263);
#4104=CARTESIAN_POINT('',(1.7345,0.158583617255055,1.77152621419249));
#4105=VECTOR('',#4529,1.0);
#4106=CARTESIAN_POINT('',(1.74883772052646,-0.158578905480682,1.77152893243408));
#4107=VECTOR('',#4530,1.0);
#4108=CARTESIAN_POINT('',(1.7345,-0.158578905480682,1.77152893243408));
#4109=VECTOR('',#4531,1.0);
#4110=CARTESIAN_POINT('',(1.74883772052646,-0.394986995239429,1.97565387846542));
#4111=CARTESIAN_POINT('',(1.74883772052646,-0.394986995239429,2.09238012881546));
#4112=CARTESIAN_POINT('',(1.74883772052646,-0.394986995239429,1.97565387846542));
#4113=VECTOR('',#4532,0.286754410529263);
#4114=CARTESIAN_POINT('',(1.7345,-0.394986995239429,1.97565387846542));
#4115=CARTESIAN_POINT('',(1.7345,-0.394986995239429,1.97565387846542));
#4116=VECTOR('',#4533,0.286754410529263);
#4117=CARTESIAN_POINT('',(1.7345,-0.394986995239429,2.09238012881546));
#4118=CARTESIAN_POINT('',(1.7345,-0.394986995239429,1.97565387846542));
#4119=VECTOR('',#4534,0.286754410529263);
#4120=CARTESIAN_POINT('',(1.7345,-0.394986995239429,2.09238012881546));
#4121=VECTOR('',#4535,0.286754410529263);
#4122=CARTESIAN_POINT('',(1.74883772052646,0.394989862783534,2.09238012881546));
#4123=CARTESIAN_POINT('',(1.74883772052646,-0.394986995239429,2.09238012881546));
#4124=VECTOR('',#4536,0.286754410529263);
#4125=CARTESIAN_POINT('',(1.7345,0.394989862783534,2.09238012881546));
#4126=CARTESIAN_POINT('',(1.7345,-0.394986995239429,2.09238012881546));
#4127=VECTOR('',#4537,0.286754410529263);
#4128=CARTESIAN_POINT('',(1.7345,0.394989862783534,2.09238012881546));
#4129=VECTOR('',#4538,0.286754410529263);
#4130=CARTESIAN_POINT('',(1.74883772052646,0.394989862783534,1.97565387846542));
#4131=CARTESIAN_POINT('',(1.74883772052646,0.394989862783534,2.09238012881546));
#4132=VECTOR('',#4539,0.286754410529263);
#4133=CARTESIAN_POINT('',(1.7345,0.394989862783534,1.97565387846542));
#4134=CARTESIAN_POINT('',(1.7345,0.394989862783534,2.09238012881546));
#4135=VECTOR('',#4540,0.286754410529263);
#4136=CARTESIAN_POINT('',(1.7345,0.394989862783534,1.97565387846542));
#4137=VECTOR('',#4541,0.286754410529263);
#4138=CARTESIAN_POINT('',(1.74883772052646,0.0,1.5));
#4139=CARTESIAN_POINT('',(1.74883772052646,0.394989862783534,1.97565387846542));
#4140=VECTOR('',#4542,0.286754410529263);
#4141=CARTESIAN_POINT('',(1.7345,0.0,1.5));
#4142=CARTESIAN_POINT('',(1.7345,0.394989862783534,1.97565387846542));
#4143=VECTOR('',#4543,0.286754410529263);
#4144=CARTESIAN_POINT('',(1.7345,0.0,1.5));
#4145=VECTOR('',#4544,0.286754410529263);
#4146=CARTESIAN_POINT('',(1.74883772052646,0.0,1.5));
#4147=VECTOR('',#4545,0.286754410529263);
#4148=CARTESIAN_POINT('',(1.7345,0.0,1.5));
#4149=VECTOR('',#4546,0.286754410529263);
#4150=CARTESIAN_POINT('',(1.74883772052646,0.0545435564267712,2.12540850182022));
#4151=CARTESIAN_POINT('',(1.74883772052646,-0.125081413609633,2.12540850182022));
#4152=CARTESIAN_POINT('',(1.74883772052646,-0.125081413609633,2.12540850182022));
#4153=VECTOR('',#4547,0.286754410529263);
#4154=CARTESIAN_POINT('',(1.7345,0.0545435564267712,2.12540850182022));
#4155=CARTESIAN_POINT('',(1.7345,0.0545435564267712,2.12540850182022));
#4156=VECTOR('',#4548,0.286754410529263);
#4157=CARTESIAN_POINT('',(1.7345,-0.125081413609633,2.12540850182022));
#4158=CARTESIAN_POINT('',(1.7345,-0.125081413609633,2.12540850182022));
#4159=VECTOR('',#4549,0.286754410529263);
#4160=CARTESIAN_POINT('',(1.7345,-0.125081413609633,2.12540850182022));
#4161=VECTOR('',#4550,0.286754410529263);
#4162=CARTESIAN_POINT('',(1.74883772052646,-0.125081413609633,2.52387956314758));
#4163=CARTESIAN_POINT('',(1.74883772052646,-0.125081413609633,2.52387956314758));
#4164=VECTOR('',#4551,0.286754410529263);
#4165=CARTESIAN_POINT('',(1.7345,-0.125081413609633,2.52387956314758));
#4166=CARTESIAN_POINT('',(1.7345,-0.125081413609633,2.52387956314758));
#4167=VECTOR('',#4552,0.286754410529263);
#4168=CARTESIAN_POINT('',(1.7345,-0.125081413609633,2.52387956314758));
#4169=VECTOR('',#4553,0.286754410529263);
#4170=CARTESIAN_POINT('',(1.74883772052646,0.0545435564267712,2.52387956314758));
#4171=CARTESIAN_POINT('',(1.74883772052646,0.0545435564267712,2.52387956314758));
#4172=VECTOR('',#4554,0.286754410529263);
#4173=CARTESIAN_POINT('',(1.7345,0.0545435564267712,2.52387956314758));
#4174=CARTESIAN_POINT('',(1.7345,0.0545435564267712,2.52387956314758));
#4175=VECTOR('',#4555,0.286754410529263);
#4176=CARTESIAN_POINT('',(1.7345,0.0545435564267712,2.52387956314758));
#4177=VECTOR('',#4556,0.286754410529263);
#4178=CARTESIAN_POINT('',(1.74883772052646,0.0545435564267712,2.42264952114254));
#4179=CARTESIAN_POINT('',(1.74883772052646,0.0545435564267712,2.42264952114254));
#4180=VECTOR('',#4557,0.286754410529263);
#4181=CARTESIAN_POINT('',(1.7345,0.0545435564267712,2.42264952114254));
#4182=CARTESIAN_POINT('',(1.7345,0.0545435564267712,2.42264952114254));
#4183=VECTOR('',#4558,0.286754410529263);
#4184=CARTESIAN_POINT('',(1.7345,0.0545435564267712,2.42264952114254));
#4185=VECTOR('',#4559,0.286754410529263);
#4186=CARTESIAN_POINT('',(1.74883772052646,-0.0174088602632316,2.42264952114254));
#4187=CARTESIAN_POINT('',(1.74883772052646,-0.0174088602632316,2.42264952114254));
#4188=VECTOR('',#4560,0.286754410529263);
#4189=CARTESIAN_POINT('',(1.7345,-0.0174088602632316,2.42264952114254));
#4190=CARTESIAN_POINT('',(1.7345,-0.0174088602632316,2.42264952114254));
#4191=VECTOR('',#4561,0.286754410529263);
#4192=CARTESIAN_POINT('',(1.7345,-0.0174088602632316,2.42264952114254));
#4193=VECTOR('',#4562,0.286754410529263);
#4194=CARTESIAN_POINT('',(1.74883772052646,-0.0174088602632316,2.37432566788015));
#4195=CARTESIAN_POINT('',(1.74883772052646,-0.0174088602632316,2.37432566788015));
#4196=VECTOR('',#4563,0.286754410529263);
#4197=CARTESIAN_POINT('',(1.7345,-0.0174088602632316,2.37432566788015));
#4198=CARTESIAN_POINT('',(1.7345,-0.0174088602632316,2.37432566788015));
#4199=VECTOR('',#4564,0.286754410529263);
#4200=CARTESIAN_POINT('',(1.7345,-0.0174088602632316,2.37432566788015));
#4201=VECTOR('',#4565,0.286754410529263);
#4202=CARTESIAN_POINT('',(1.74883772052646,0.0528803808457015,2.37432566788015));
#4203=CARTESIAN_POINT('',(1.74883772052646,0.0528803808457015,2.37432566788015));
#4204=VECTOR('',#4566,0.286754410529263);
#4205=CARTESIAN_POINT('',(1.7345,0.0528803808457015,2.37432566788015));
#4206=CARTESIAN_POINT('',(1.7345,0.0528803808457015,2.37432566788015));
#4207=VECTOR('',#4567,0.286754410529263);
#4208=CARTESIAN_POINT('',(1.7345,0.0528803808457015,2.37432566788015));
#4209=VECTOR('',#4568,0.286754410529263);
#4210=CARTESIAN_POINT('',(1.74883772052646,0.0528803808457015,2.28025014841781));
#4211=CARTESIAN_POINT('',(1.74883772052646,0.0528803808457015,2.28025014841781));
#4212=VECTOR('',#4569,0.286754410529263);
#4213=CARTESIAN_POINT('',(1.7345,0.0528803808457015,2.28025014841781));
#4214=CARTESIAN_POINT('',(1.7345,0.0528803808457015,2.28025014841781));
#4215=VECTOR('',#4570,0.286754410529263);
#4216=CARTESIAN_POINT('',(1.7345,0.0528803808457015,2.28025014841781));
#4217=VECTOR('',#4571,0.286754410529263);
#4218=CARTESIAN_POINT('',(1.74883772052646,-0.0174088602632316,2.28025014841781));
#4219=CARTESIAN_POINT('',(1.74883772052646,-0.0174088602632316,2.28025014841781));
#4220=VECTOR('',#4572,0.286754410529263);
#4221=CARTESIAN_POINT('',(1.7345,-0.0174088602632316,2.28025014841781));
#4222=CARTESIAN_POINT('',(1.7345,-0.0174088602632316,2.28025014841781));
#4223=VECTOR('',#4573,0.286754410529263);
#4224=CARTESIAN_POINT('',(1.7345,-0.0174088602632316,2.28025014841781));
#4225=VECTOR('',#4574,0.286754410529263);
#4226=CARTESIAN_POINT('',(1.74883772052646,-0.0174088602632316,2.21948402128255));
#4227=CARTESIAN_POINT('',(1.74883772052646,-0.0174088602632316,2.21948402128255));
#4228=VECTOR('',#4575,0.286754410529263);
#4229=CARTESIAN_POINT('',(1.7345,-0.0174088602632316,2.21948402128255));
#4230=CARTESIAN_POINT('',(1.7345,-0.0174088602632316,2.21948402128255));
#4231=VECTOR('',#4576,0.286754410529263);
#4232=CARTESIAN_POINT('',(1.7345,-0.0174088602632316,2.21948402128255));
#4233=VECTOR('',#4577,0.286754410529263);
#4234=CARTESIAN_POINT('',(1.74883772052646,0.0545435564267712,2.21948402128255));
#4235=CARTESIAN_POINT('',(1.74883772052646,0.0545435564267712,2.21948402128255));
#4236=VECTOR('',#4578,0.286754410529263);
#4237=CARTESIAN_POINT('',(1.7345,0.0545435564267712,2.21948402128255));
#4238=CARTESIAN_POINT('',(1.7345,0.0545435564267712,2.21948402128255));
#4239=VECTOR('',#4579,0.286754410529263);
#4240=CARTESIAN_POINT('',(1.7345,0.0545435564267712,2.21948402128255));
#4241=VECTOR('',#4580,0.286754410529263);
#4242=CARTESIAN_POINT('',(1.74883772052646,0.0545435564267712,2.12540850182022));
#4243=VECTOR('',#4581,0.286754410529263);
#4244=CARTESIAN_POINT('',(1.7345,0.0545435564267712,2.12540850182022));
#4245=VECTOR('',#4582,0.286754410529263);
#4246=CARTESIAN_POINT('',(1.74883772052646,0.487680358443013,2.48347873424811));
#4247=CARTESIAN_POINT('',(1.7345,0.487680358443013,2.48347873424811));
#4248=CARTESIAN_POINT('',(1.7345,0.487680358443013,2.48347873424811));
#4249=VECTOR('',#4583,1.0);
#4250=CARTESIAN_POINT('',(1.74883772052646,0.407991307756931,2.48347873424811));
#4251=AXIS2_PLACEMENT_3D('',#4584,#4585,#4586);
#4252=CARTESIAN_POINT('',(1.7345,0.407991307756931,2.48347873424811));
#4253=CARTESIAN_POINT('',(1.7345,0.407991307756931,2.48347873424811));
#4254=VECTOR('',#4587,1.0);
#4255=AXIS2_PLACEMENT_3D('',#4588,#4589,#4590);
#4256=CARTESIAN_POINT('',(1.7345,0.478622824499524,2.48347873424811));
#4257=CARTESIAN_POINT('',(1.74883772052646,0.478622824499524,2.48347873424811));
#4258=CARTESIAN_POINT('',(1.7345,0.478622824499524,2.48347873424811));
#4259=VECTOR('',#4591,1.0);
#4260=CARTESIAN_POINT('',(1.7345,0.41704884170042,2.48347873424811));
#4261=AXIS2_PLACEMENT_3D('',#4592,#4593,#4594);
#4262=CARTESIAN_POINT('',(1.74883772052646,0.41704884170042,2.48347873424811));
#4263=CARTESIAN_POINT('',(1.7345,0.41704884170042,2.48347873424811));
#4264=VECTOR('',#4595,1.0);
#4265=AXIS2_PLACEMENT_3D('',#4596,#4597,#4598);
#4266=AXIS2_PLACEMENT_3D('',#4599,#4600,#4601);
#4267=AXIS2_PLACEMENT_3D('',#4602,#4603,#4604);
#4268=AXIS2_PLACEMENT_3D('',#4605,#4606,#4607);
#4269=AXIS2_PLACEMENT_3D('',#4608,#4609,#4610);
#4270=DIRECTION('',(-0.0,0.0,1.0));
#4271=DIRECTION('',(1.0,0.0,0.0));
#4272=DIRECTION('',(0.0,0.0,-1.0));
#4273=DIRECTION('',(1.0,0.0,0.0));
#4274=DIRECTION('',(-0.0,0.994043342247559,0.108985474873041));
#4275=DIRECTION('',(1.0,0.0,0.0));
#4276=DIRECTION('',(0.0,-0.994043342247559,-0.108985474873041));
#4277=DIRECTION('',(0.0,1.0,0.0));
#4278=DIRECTION('',(1.0,0.0,0.0));
#4279=DIRECTION('',(0.0,-1.0,0.0));
#4280=DIRECTION('',(0.0,0.945767839691754,-0.324843336709855));
#4281=DIRECTION('',(1.0,0.0,0.0));
#4282=DIRECTION('',(0.0,-0.945767839691754,0.324843336709855));
#4283=DIRECTION('',(0.0,0.532578803246198,-0.84638042175658));
#4284=DIRECTION('',(1.0,0.0,0.0));
#4285=DIRECTION('',(0.0,-0.532578803246198,0.84638042175658));
#4286=DIRECTION('',(0.0,0.0,-1.0));
#4287=DIRECTION('',(1.0,0.0,0.0));
#4288=DIRECTION('',(0.0,0.0,1.0));
#4289=DIRECTION('',(0.0,-0.629198228667968,-0.777244870707482));
#4290=DIRECTION('',(1.0,0.0,0.0));
#4291=DIRECTION('',(-0.0,0.629198228667968,0.777244870707482));
#4292=DIRECTION('',(0.0,-0.962946456780512,-0.269692642416987));
#4293=DIRECTION('',(1.0,0.0,0.0));
#4294=DIRECTION('',(-0.0,0.962946456780512,0.269692642416987));
#4295=DIRECTION('',(0.0,-1.0,0.0));
#4296=DIRECTION('',(-0.0,1.0,0.0));
#4297=DIRECTION('',(0.0,0.0,1.0));
#4298=DIRECTION('',(1.0,0.0,0.0));
#4299=DIRECTION('',(0.0,0.0,-1.0));
#4300=DIRECTION('',(1.0,0.0,0.0));
#4301=DIRECTION('',(0.0,0.993166852013553,0.116703059349313));
#4302=DIRECTION('',(0.0,-0.993166852013553,-0.116703059349313));
#4303=DIRECTION('',(1.0,0.0,0.0));
#4304=DIRECTION('',(0.0,1.0,0.0));
#4305=DIRECTION('',(0.0,-1.0,0.0));
#4306=DIRECTION('',(1.0,0.0,0.0));
#4307=DIRECTION('',(0.0,0.991604089687843,-0.129310979094372));
#4308=DIRECTION('',(0.0,-0.991604089687843,0.129310979094372));
#4309=DIRECTION('',(1.0,0.0,0.0));
#4310=DIRECTION('',(0.0,0.924845208534171,-0.380343713305985));
#4311=DIRECTION('',(0.0,-0.924845208534171,0.380343713305985));
#4312=DIRECTION('',(1.0,0.0,0.0));
#4313=DIRECTION('',(1.0,0.0,0.0));
#4314=DIRECTION('',(1.0,0.0,0.0));
#4315=DIRECTION('',(0.0,0.482399045638917,-0.875951574441568));
#4316=DIRECTION('',(0.0,-0.482399045638917,0.875951574441568));
#4317=DIRECTION('',(1.0,0.0,0.0));
#4318=DIRECTION('',(-0.0,-0.0,-1.0));
#4319=DIRECTION('',(0.0,0.0,1.0));
#4320=DIRECTION('',(1.0,0.0,0.0));
#4321=DIRECTION('',(-0.0,-0.460670986112551,-0.887570978882303));
#4322=DIRECTION('',(0.0,0.460670986112551,0.887570978882303));
#4323=DIRECTION('',(1.0,0.0,0.0));
#4324=DIRECTION('',(-0.0,-0.827726334230417,-0.561131994829626));
#4325=DIRECTION('',(0.0,0.827726334230417,0.561131994829626));
#4326=DIRECTION('',(1.0,0.0,0.0));
#4327=DIRECTION('',(-0.0,-0.955558946738726,-0.294800100589495));
#4328=DIRECTION('',(0.0,0.955558946738726,0.294800100589495));
#4329=DIRECTION('',(1.0,0.0,0.0));
#4330=DIRECTION('',(1.0,0.0,0.0));
#4331=DIRECTION('',(1.0,0.0,0.0));
#4332=DIRECTION('',(0.0,0.597049230597382,-0.802204597495598));
#4333=DIRECTION('',(0.0,-0.597049230597382,0.802204597495598));
#4334=DIRECTION('',(1.0,0.0,0.0));
#4335=DIRECTION('',(0.0,0.217933618218949,-0.975963594633528));
#4336=DIRECTION('',(0.0,-0.217933618218949,0.975963594633528));
#4337=DIRECTION('',(1.0,0.0,0.0));
#4338=DIRECTION('',(0.0,0.197184188817067,-0.980366459891685));
#4339=DIRECTION('',(0.0,-0.197184188817067,0.980366459891685));
#4340=DIRECTION('',(1.0,0.0,0.0));
#4341=DIRECTION('',(0.0,0.234667083209108,-0.972075799543497));
#4342=DIRECTION('',(0.0,-0.234667083209108,0.972075799543497));
#4343=DIRECTION('',(1.0,0.0,0.0));
#4344=DIRECTION('',(0.0,0.386368018100166,-0.92234470486329));
#4345=DIRECTION('',(0.0,-0.386368018100166,0.92234470486329));
#4346=DIRECTION('',(1.0,0.0,0.0));
#4347=DIRECTION('',(-0.0,-1.0,-0.0));
#4348=DIRECTION('',(0.0,1.0,0.0));
#4349=DIRECTION('',(1.0,0.0,0.0));
#4350=DIRECTION('',(0.0,-0.307861474983658,0.951431191532465));
#4351=DIRECTION('',(0.0,0.307861474983658,-0.951431191532465));
#4352=DIRECTION('',(1.0,0.0,0.0));
#4353=DIRECTION('',(0.0,-0.258796817064455,0.965931781999799));
#4354=DIRECTION('',(0.0,0.258796817064455,-0.965931781999799));
#4355=DIRECTION('',(1.0,0.0,0.0));
#4356=DIRECTION('',(0.0,-0.165648245084433,0.986184900969614));
#4357=DIRECTION('',(0.0,0.165648245084433,-0.986184900969614));
#4358=DIRECTION('',(1.0,0.0,0.0));
#4359=DIRECTION('',(0.0,-0.52519860099269,0.85097968807447));
#4360=DIRECTION('',(0.0,0.52519860099269,-0.85097968807447));
#4361=DIRECTION('',(1.0,0.0,0.0));
#4362=DIRECTION('',(0.0,-0.945042069751253,0.326948751947866));
#4363=DIRECTION('',(0.0,0.945042069751253,-0.326948751947866));
#4364=DIRECTION('',(1.0,0.0,0.0));
#4365=DIRECTION('',(-0.0,-1.0,-0.0));
#4366=DIRECTION('',(0.0,1.0,0.0));
#4367=DIRECTION('',(1.0,0.0,0.0));
#4368=DIRECTION('',(-0.0,-0.0,-1.0));
#4369=DIRECTION('',(0.0,0.0,1.0));
#4370=DIRECTION('',(1.0,0.0,0.0));
#4371=DIRECTION('',(-0.0,-1.0,-0.0));
#4372=DIRECTION('',(0.0,1.0,0.0));
#4373=DIRECTION('',(0.0,1.0,0.0));
#4374=DIRECTION('',(1.0,0.0,0.0));
#4375=DIRECTION('',(0.0,1.0,0.0));
#4376=DIRECTION('',(1.0,0.0,0.0));
#4377=DIRECTION('',(0.0,0.416699548531781,-0.909044270788507));
#4378=DIRECTION('',(0.0,0.416699548531781,-0.909044270788507));
#4379=DIRECTION('',(1.0,0.0,0.0));
#4380=DIRECTION('',(0.0,0.416797366423433,0.908999425380726));
#4381=DIRECTION('',(0.0,0.416797366423433,0.908999425380726));
#4382=DIRECTION('',(1.0,0.0,0.0));
#4383=DIRECTION('',(0.0,1.0,0.0));
#4384=DIRECTION('',(0.0,1.0,0.0));
#4385=DIRECTION('',(1.0,0.0,0.0));
#4386=DIRECTION('',(0.0,0.0,-1.0));
#4387=DIRECTION('',(0.0,0.0,-1.0));
#4388=DIRECTION('',(1.0,0.0,0.0));
#4389=DIRECTION('',(0.0,-1.0,0.0));
#4390=DIRECTION('',(0.0,-1.0,0.0));
#4391=DIRECTION('',(1.0,0.0,0.0));
#4392=DIRECTION('',(0.0,0.0,1.0));
#4393=DIRECTION('',(0.0,0.0,1.0));
#4394=DIRECTION('',(1.0,0.0,0.0));
#4395=DIRECTION('',(0.0,-0.477662109542848,-0.878543629597914));
#4396=DIRECTION('',(0.0,-0.477662109542848,-0.878543629597914));
#4397=DIRECTION('',(1.0,0.0,0.0));
#4398=DIRECTION('',(0.0,-0.441768023340556,0.897129318188731));
#4399=DIRECTION('',(0.0,-0.441768023340556,0.897129318188731));
#4400=DIRECTION('',(1.0,0.0,0.0));
#4401=DIRECTION('',(0.0,0.00487649625899101,-0.99998810982143));
#4402=DIRECTION('',(0.0,0.00487649625899101,-0.99998810982143));
#4403=DIRECTION('',(1.0,0.0,0.0));
#4404=DIRECTION('',(0.0,-0.999998544108841,0.00170639391672713));
#4405=DIRECTION('',(0.0,-0.999998544108841,0.00170639391672713));
#4406=DIRECTION('',(1.0,0.0,0.0));
#4407=DIRECTION('',(0.0,0.0,1.0));
#4408=DIRECTION('',(0.0,0.0,1.0));
#4409=DIRECTION('',(-0.0,0.00811541933460227,0.999967069442301));
#4410=DIRECTION('',(1.0,0.0,0.0));
#4411=DIRECTION('',(0.0,-0.00811541933460227,-0.999967069442301));
#4412=DIRECTION('',(1.0,0.0,0.0));
#4413=DIRECTION('',(0.0,0.987961481347242,-0.154700069082605));
#4414=DIRECTION('',(1.0,0.0,0.0));
#4415=DIRECTION('',(0.0,-0.987961481347242,0.154700069082605));
#4416=DIRECTION('',(0.0,0.878460347476932,-0.477815254999992));
#4417=DIRECTION('',(1.0,0.0,0.0));
#4418=DIRECTION('',(0.0,-0.878460347476932,0.477815254999992));
#4419=DIRECTION('',(0.0,0.906966768393514,-0.421202185452339));
#4420=DIRECTION('',(1.0,0.0,0.0));
#4421=DIRECTION('',(0.0,-0.906966768393514,0.421202185452339));
#4422=DIRECTION('',(0.0,0.77479628332854,-0.632210976921692));
#4423=DIRECTION('',(1.0,0.0,0.0));
#4424=DIRECTION('',(0.0,-0.77479628332854,0.632210976921692));
#4425=DIRECTION('',(0.0,0.496143875138875,-0.868240321087532));
#4426=DIRECTION('',(1.0,0.0,0.0));
#4427=DIRECTION('',(0.0,-0.496143875138875,0.868240321087532));
#4428=DIRECTION('',(0.0,0.289754950919428,-0.957100866375995));
#4429=DIRECTION('',(1.0,0.0,0.0));
#4430=DIRECTION('',(0.0,-0.289754950919428,0.957100866375995));
#4431=DIRECTION('',(0.0,0.187560930283885,-0.982252970181838));
#4432=DIRECTION('',(1.0,0.0,0.0));
#4433=DIRECTION('',(0.0,-0.187560930283885,0.982252970181838));
#4434=DIRECTION('',(0.0,0.183811245028007,-0.982961558862428));
#4435=DIRECTION('',(1.0,0.0,0.0));
#4436=DIRECTION('',(0.0,-0.183811245028007,0.982961558862428));
#4437=DIRECTION('',(0.0,-0.0619292929839844,-0.998080539170314));
#4438=DIRECTION('',(1.0,0.0,0.0));
#4439=DIRECTION('',(-0.0,0.0619292929839844,0.998080539170314));
#4440=DIRECTION('',(0.0,-0.333625455329938,-0.94270570994128));
#4441=DIRECTION('',(1.0,0.0,0.0));
#4442=DIRECTION('',(-0.0,0.333625455329938,0.94270570994128));
#4443=DIRECTION('',(0.0,-0.665554165596305,-0.746349551254241));
#4444=DIRECTION('',(1.0,0.0,0.0));
#4445=DIRECTION('',(-0.0,0.665554165596305,0.746349551254241));
#4446=DIRECTION('',(0.0,-0.931395047477235,-0.364009979993514));
#4447=DIRECTION('',(1.0,0.0,0.0));
#4448=DIRECTION('',(-0.0,0.931395047477235,0.364009979993514));
#4449=DIRECTION('',(0.0,-0.998703759003933,0.0508999189725759));
#4450=DIRECTION('',(0.0,0.998703759003933,-0.0508999189725759));
#4451=DIRECTION('',(-0.0,-1.0,-0.0));
#4452=DIRECTION('',(1.0,0.0,0.0));
#4453=DIRECTION('',(0.0,1.0,0.0));
#4454=DIRECTION('',(1.0,0.0,0.0));
#4455=DIRECTION('',(0.0,0.0,1.0));
#4456=DIRECTION('',(0.0,0.0,-1.0));
#4457=DIRECTION('',(1.0,0.0,0.0));
#4458=DIRECTION('',(0.0,1.0,0.0));
#4459=DIRECTION('',(0.0,-1.0,0.0));
#4460=DIRECTION('',(1.0,0.0,0.0));
#4461=DIRECTION('',(0.0,0.998556277671635,-0.0537155501002077));
#4462=DIRECTION('',(0.0,-0.998556277671635,0.0537155501002077));
#4463=DIRECTION('',(1.0,0.0,0.0));
#4464=DIRECTION('',(0.0,0.991118523627312,-0.132981472855495));
#4465=DIRECTION('',(0.0,-0.991118523627312,0.132981472855495));
#4466=DIRECTION('',(1.0,0.0,0.0));
#4467=DIRECTION('',(0.0,0.970601957501992,-0.240690340673034));
#4468=DIRECTION('',(0.0,-0.970601957501992,0.240690340673034));
#4469=DIRECTION('',(1.0,0.0,0.0));
#4470=DIRECTION('',(0.0,0.921546820117248,-0.388267251170876));
#4471=DIRECTION('',(0.0,-0.921546820117248,0.388267251170876));
#4472=DIRECTION('',(1.0,0.0,0.0));
#4473=DIRECTION('',(0.0,0.835129118022894,-0.550053957562622));
#4474=DIRECTION('',(0.0,-0.835129118022894,0.550053957562622));
#4475=DIRECTION('',(1.0,0.0,0.0));
#4476=DIRECTION('',(0.0,0.699640602111124,-0.714494946012625));
#4477=DIRECTION('',(0.0,-0.699640602111124,0.714494946012625));
#4478=DIRECTION('',(1.0,0.0,0.0));
#4479=DIRECTION('',(0.0,0.517832459389602,-0.855482053582959));
#4480=DIRECTION('',(0.0,-0.517832459389602,0.855482053582959));
#4481=DIRECTION('',(1.0,0.0,0.0));
#4482=DIRECTION('',(0.0,0.311611799330464,-0.95020949612074));
#4483=DIRECTION('',(0.0,-0.311611799330464,0.95020949612074));
#4484=DIRECTION('',(1.0,0.0,0.0));
#4485=DIRECTION('',(0.0,0.140018209168669,-0.990148928748195));
#4486=DIRECTION('',(0.0,-0.140018209168669,0.990148928748195));
#4487=DIRECTION('',(1.0,0.0,0.0));
#4488=DIRECTION('',(0.0,0.0198620164659338,-0.999802730693364));
#4489=DIRECTION('',(0.0,-0.0198620164659338,0.999802730693364));
#4490=DIRECTION('',(1.0,0.0,0.0));
#4491=DIRECTION('',(0.0,0.0191988240955403,-0.999815685590774));
#4492=DIRECTION('',(0.0,-0.0191988240955403,0.999815685590774));
#4493=DIRECTION('',(1.0,0.0,0.0));
#4494=DIRECTION('',(-0.0,-0.149866540264772,-0.9887062354962));
#4495=DIRECTION('',(0.0,0.149866540264772,0.9887062354962));
#4496=DIRECTION('',(1.0,0.0,0.0));
#4497=DIRECTION('',(-0.0,-0.364003763778481,-0.931397476888949));
#4498=DIRECTION('',(0.0,0.364003763778481,0.931397476888949));
#4499=DIRECTION('',(1.0,0.0,0.0));
#4500=DIRECTION('',(-0.0,-0.577475147909019,-0.816408264012226));
#4501=DIRECTION('',(0.0,0.577475147909019,0.816408264012226));
#4502=DIRECTION('',(1.0,0.0,0.0));
#4503=DIRECTION('',(-0.0,-0.732112861995819,-0.681183350721588));
#4504=DIRECTION('',(0.0,0.732112861995819,0.681183350721588));
#4505=DIRECTION('',(1.0,0.0,0.0));
#4506=DIRECTION('',(-0.0,-0.836266986689563,-0.548322466230556));
#4507=DIRECTION('',(0.0,0.836266986689563,0.548322466230556));
#4508=DIRECTION('',(1.0,0.0,0.0));
#4509=DIRECTION('',(-0.0,-0.906107227942209,-0.423048095931049));
#4510=DIRECTION('',(0.0,0.906107227942209,0.423048095931049));
#4511=DIRECTION('',(1.0,0.0,0.0));
#4512=DIRECTION('',(-0.0,-0.955215676928957,-0.295910477254784));
#4513=DIRECTION('',(0.0,0.955215676928957,0.295910477254784));
#4514=DIRECTION('',(1.0,0.0,0.0));
#4515=DIRECTION('',(-0.0,-0.98439805037178,-0.175955899089055));
#4516=DIRECTION('',(0.0,0.98439805037178,0.175955899089055));
#4517=DIRECTION('',(1.0,0.0,0.0));
#4518=DIRECTION('',(-0.0,-1.0,-0.0));
#4519=DIRECTION('',(0.0,1.0,0.0));
#4520=DIRECTION('',(1.0,0.0,0.0));
#4521=DIRECTION('',(0.0,0.00189589674827209,-0.999998202786145));
#4522=DIRECTION('',(0.0,-0.00189589674827209,0.999998202786145));
#4523=DIRECTION('',(0.0,1.0,0.0));
#4524=DIRECTION('',(1.0,0.0,0.0));
#4525=DIRECTION('',(0.0,-1.0,0.0));
#4526=DIRECTION('',(1.0,0.0,0.0));
#4527=DIRECTION('',(0.0,-0.636337776519744,-0.771410548394244));
#4528=DIRECTION('',(1.0,0.0,0.0));
#4529=DIRECTION('',(-0.0,0.636337776519744,0.771410548394244));
#4530=DIRECTION('',(0.0,-0.636321171318176,0.771424245750848));
#4531=DIRECTION('',(0.0,0.636321171318176,-0.771424245750848));
#4532=DIRECTION('',(0.0,0.0,1.0));
#4533=DIRECTION('',(1.0,0.0,0.0));
#4534=DIRECTION('',(0.0,0.0,1.0));
#4535=DIRECTION('',(1.0,0.0,0.0));
#4536=DIRECTION('',(0.0,1.0,0.0));
#4537=DIRECTION('',(0.0,1.0,0.0));
#4538=DIRECTION('',(1.0,0.0,0.0));
#4539=DIRECTION('',(0.0,0.0,-1.0));
#4540=DIRECTION('',(0.0,0.0,-1.0));
#4541=DIRECTION('',(1.0,0.0,0.0));
#4542=DIRECTION('',(0.0,-0.638858202070061,-0.769324507375015));
#4543=DIRECTION('',(0.0,-0.638858202070061,-0.769324507375015));
#4544=DIRECTION('',(1.0,0.0,0.0));
#4545=DIRECTION('',(0.0,-0.638855457023618,0.769326786893024));
#4546=DIRECTION('',(0.0,-0.638855457023618,0.769326786893024));
#4547=DIRECTION('',(-0.0,-1.0,-0.0));
#4548=DIRECTION('',(1.0,0.0,0.0));
#4549=DIRECTION('',(0.0,1.0,0.0));
#4550=DIRECTION('',(1.0,0.0,0.0));
#4551=DIRECTION('',(0.0,0.0,1.0));
#4552=DIRECTION('',(0.0,0.0,-1.0));
#4553=DIRECTION('',(1.0,0.0,0.0));
#4554=DIRECTION('',(0.0,1.0,0.0));
#4555=DIRECTION('',(0.0,-1.0,0.0));
#4556=DIRECTION('',(1.0,0.0,0.0));
#4557=DIRECTION('',(-0.0,-0.0,-1.0));
#4558=DIRECTION('',(0.0,0.0,1.0));
#4559=DIRECTION('',(1.0,0.0,0.0));
#4560=DIRECTION('',(-0.0,-1.0,-0.0));
#4561=DIRECTION('',(0.0,1.0,0.0));
#4562=DIRECTION('',(1.0,0.0,0.0));
#4563=DIRECTION('',(-0.0,-0.0,-1.0));
#4564=DIRECTION('',(0.0,0.0,1.0));
#4565=DIRECTION('',(1.0,0.0,0.0));
#4566=DIRECTION('',(0.0,1.0,0.0));
#4567=DIRECTION('',(0.0,-1.0,0.0));
#4568=DIRECTION('',(1.0,0.0,0.0));
#4569=DIRECTION('',(-0.0,-0.0,-1.0));
#4570=DIRECTION('',(0.0,0.0,1.0));
#4571=DIRECTION('',(1.0,0.0,0.0));
#4572=DIRECTION('',(-0.0,-1.0,-0.0));
#4573=DIRECTION('',(0.0,1.0,0.0));
#4574=DIRECTION('',(1.0,0.0,0.0));
#4575=DIRECTION('',(-0.0,-0.0,-1.0));
#4576=DIRECTION('',(0.0,0.0,1.0));
#4577=DIRECTION('',(1.0,0.0,0.0));
#4578=DIRECTION('',(0.0,1.0,0.0));
#4579=DIRECTION('',(0.0,-1.0,0.0));
#4580=DIRECTION('',(1.0,0.0,0.0));
#4581=DIRECTION('',(-0.0,-0.0,-1.0));
#4582=DIRECTION('',(0.0,0.0,1.0));
#4583=DIRECTION('',(-1.0,-0.0,-0.0));
#4584=CARTESIAN_POINT('',(1.74883772052646,0.447835833099972,2.48347873424811));
#4585=DIRECTION('',(-1.0,0.0,0.0));
#4586=DIRECTION('',(0.0,1.0,0.0));
#4587=DIRECTION('',(1.0,-0.0,0.0));
#4588=CARTESIAN_POINT('',(1.7345,0.447835833099972,2.48347873424811));
#4589=DIRECTION('',(1.0,0.0,0.0));
#4590=DIRECTION('',(0.0,1.0,0.0));
#4591=DIRECTION('',(1.0,0.0,0.0));
#4592=CARTESIAN_POINT('',(1.7345,0.447835833099972,2.48347873424811));
#4593=DIRECTION('',(1.0,0.0,-0.0));
#4594=DIRECTION('',(0.0,1.0,4.13630997392013E-15));
#4595=DIRECTION('',(-1.0,-0.0,-0.0));
#4596=CARTESIAN_POINT('',(1.74883772052646,0.447835833099972,2.48347873424811));
#4597=DIRECTION('',(-1.0,0.0,0.0));
#4598=DIRECTION('',(0.0,1.0,4.13630997392013E-15));
#4599=CARTESIAN_POINT('',(1.74883772052646,0.447835833099972,2.48347873424811));
#4600=DIRECTION('',(-1.0,0.0,0.0));
#4601=DIRECTION('',(0.0,1.0,4.13630997392013E-15));
#4602=CARTESIAN_POINT('',(1.7345,0.447835833099972,2.48347873424811));
#4603=DIRECTION('',(1.0,0.0,-0.0));
#4604=DIRECTION('',(0.0,1.0,4.13630997392013E-15));
#4605=CARTESIAN_POINT('',(1.7345,0.447835833099972,2.48347873424811));
#4606=DIRECTION('',(1.0,0.0,0.0));
#4607=DIRECTION('',(0.0,1.0,0.0));
#4608=CARTESIAN_POINT('',(1.74883772052646,0.447835833099972,2.48347873424811));
#4609=DIRECTION('',(-1.0,0.0,0.0));
#4610=DIRECTION('',(0.0,1.0,0.0));
ENDSEC;
END-ISO-10303-21;
