ISO-10303-21;
HEADER;
FILE_DESCRIPTION(('starvars output'),'2;1');
FILE_NAME('cv20251119123546000079389.stp','12:35:46   2025/11/19',('TraceParts Stv3.2.6.48'),('Copyright 2025 TraceParts S.A.S. All rights reserved. www.traceparts.com'),'Spatial InterOp 3D',' ',' ');
FILE_SCHEMA(('CONFIG_CONTROL_DESIGN'));
ENDSEC;
DATA;
#1=DESIGN_CONTEXT('',#27,'design');
#2=APPLICATION_PROTOCOL_DEFINITION('INTERNATIONAL STANDARD','config_control_design',1994,#27);
#3=PRODUCT_CATEGORY_RELATIONSHIP('NONE','NONE',#28,#29);
#4=DATE_AND_TIME(#30,#31);
#5=DATE_TIME_ROLE('creation_date');
#6=DATE_TIME_ROLE('classification_date');
#7=PERSON_AND_ORGANIZATION_ROLE('creator');
#8=PERSON_AND_ORGANIZATION_ROLE('design_supplier');
#9=PERSON_AND_ORGANIZATION_ROLE('classification_officer');
#10=PERSON_AND_ORGANIZATION_ROLE('design_owner');
#11=APPROVAL_PERSON_ORGANIZATION(#32,#33,#34);
#12=APPROVAL_DATE_TIME(#4,#33);
#13=CC_DESIGN_APPROVAL(#33,(#35,#36,#37));
#14=CC_DESIGN_DATE_AND_TIME_ASSIGNMENT(#4,#5,(#37));
#15=CC_DESIGN_DATE_AND_TIME_ASSIGNMENT(#4,#6,(#35));
#16=CC_DESIGN_PERSON_AND_ORGANIZATION_ASSIGNMENT(#32,#10,(#38));
#17=CC_DESIGN_PERSON_AND_ORGANIZATION_ASSIGNMENT(#32,#7,(#37));
#18=CC_DESIGN_PERSON_AND_ORGANIZATION_ASSIGNMENT(#32,#7,(#36));
#19=CC_DESIGN_PERSON_AND_ORGANIZATION_ASSIGNMENT(#32,#8,(#36));
#20=CC_DESIGN_SECURITY_CLASSIFICATION(#35,(#36));
#21=CC_DESIGN_PERSON_AND_ORGANIZATION_ASSIGNMENT(#32,#9,(#35));
#22=SHAPE_DEFINITION_REPRESENTATION(#39,#40);
#23= (GEOMETRIC_REPRESENTATION_CONTEXT(3)GLOBAL_UNCERTAINTY_ASSIGNED_CONTEXT((#43))GLOBAL_UNIT_ASSIGNED_CONTEXT((#45,#46,#47))REPRESENTATION_CONTEXT('NONE','WORKSPACE'));
#27=APPLICATION_CONTEXT('CONFIGURATION CONTROLLED 3D DESIGNS OF MECHANICAL PARTS AND ASSEMBLIES');
#28=PRODUCT_CATEGORY('part','NONE');
#29=PRODUCT_RELATED_PRODUCT_CATEGORY('detail',' ',(#38));
#30=CALENDAR_DATE(2025,19,10);
#31=LOCAL_TIME(12,35,46.0,#49);
#32=PERSON_AND_ORGANIZATION(#50,#51);
#33=APPROVAL(#52,'SOLID MODEL');
#34=APPROVAL_ROLE('APPROVED');
#35=SECURITY_CLASSIFICATION('','',#53);
#36=PRODUCT_DEFINITION_FORMATION_WITH_SPECIFIED_SOURCE(' ','NONE',#38,.NOT_KNOWN.);
#37=PRODUCT_DEFINITION('','NONE',#36,#1);
#38=PRODUCT('1','','PART--DESC',(#54));
#39=PRODUCT_DEFINITION_SHAPE('NONE','NONE',#37);
#40=ADVANCED_BREP_SHAPE_REPRESENTATION('1',(#55,#56),#23);
#43=UNCERTAINTY_MEASURE_WITH_UNIT(LENGTH_MEASURE(1.0E-06),#45,'','');
#45= (CONVERSION_BASED_UNIT('MILLIMETRE',#59)LENGTH_UNIT()NAMED_UNIT(#62));
#46= (NAMED_UNIT(#64)PLANE_ANGLE_UNIT()SI_UNIT($,.RADIAN.));
#47= (NAMED_UNIT(#64)SOLID_ANGLE_UNIT()SI_UNIT($,.STERADIAN.));
#49=COORDINATED_UNIVERSAL_TIME_OFFSET(5,0,.BEHIND.);
#50=PERSON('','UNSPECIFIED',$,$,$,$);
#51=ORGANIZATION('UNSPECIFIED','UNSPECIFIED','UNSPECIFIED');
#52=APPROVAL_STATUS('approved');
#53=SECURITY_CLASSIFICATION_LEVEL('unclassified');
#54=MECHANICAL_CONTEXT('',#27,'mechanical');
#55=BREP_WITH_VOIDS('1',#70,(#71,#72,#73,#74,#75,#76));
#56=AXIS2_PLACEMENT_3D('',#77,#78,#79);
#59=LENGTH_MEASURE_WITH_UNIT(LENGTH_MEASURE(1.0),#80);
#62=DIMENSIONAL_EXPONENTS(1.0,0.0,0.0,0.0,0.0,0.0,0.0);
#64=DIMENSIONAL_EXPONENTS(0.0,0.0,0.0,0.0,0.0,0.0,0.0);
#70=CLOSED_SHELL('',(#81,#82,#83,#84,#85,#86,#87,#88,#89,#90,#91,#92,#93,#94,#95,#96,#97,#98,#99,#100,#101,#102,#103,#104,#105,#106,#107,#108,#109,#110,#111));
#71=ORIENTED_CLOSED_SHELL('',*,#112,.T.);
#72=ORIENTED_CLOSED_SHELL('',*,#113,.T.);
#73=ORIENTED_CLOSED_SHELL('',*,#114,.T.);
#74=ORIENTED_CLOSED_SHELL('',*,#115,.T.);
#75=ORIENTED_CLOSED_SHELL('',*,#116,.T.);
#76=ORIENTED_CLOSED_SHELL('',*,#117,.T.);
#77=CARTESIAN_POINT('',(0.0,0.0,0.0));
#78=DIRECTION('',(0.0,0.0,1.0));
#79=DIRECTION('',(1.0,0.0,0.0));
#80= (NAMED_UNIT(#62)LENGTH_UNIT()SI_UNIT(.MILLI.,.METRE.));
#81=ADVANCED_FACE('',(#119),#120,.T.);
#82=ADVANCED_FACE('',(#121),#122,.T.);
#83=ADVANCED_FACE('',(#123),#124,.T.);
#84=ADVANCED_FACE('',(#125),#126,.T.);
#85=ADVANCED_FACE('',(#127),#128,.T.);
#86=ADVANCED_FACE('',(#129),#130,.T.);
#87=ADVANCED_FACE('',(#131),#132,.T.);
#88=ADVANCED_FACE('',(#133),#134,.T.);
#89=ADVANCED_FACE('',(#135),#136,.T.);
#90=ADVANCED_FACE('',(#137),#138,.F.);
#91=ADVANCED_FACE('',(#139),#140,.F.);
#92=ADVANCED_FACE('',(#141),#142,.F.);
#93=ADVANCED_FACE('',(#143),#144,.F.);
#94=ADVANCED_FACE('',(#145),#146,.F.);
#95=ADVANCED_FACE('',(#147),#148,.F.);
#96=ADVANCED_FACE('',(#149,#150),#151,.T.);
#97=ADVANCED_FACE('',(#152),#153,.T.);
#98=ADVANCED_FACE('',(#154),#155,.T.);
#99=ADVANCED_FACE('',(#156,#157),#158,.T.);
#100=ADVANCED_FACE('',(#159),#160,.T.);
#101=ADVANCED_FACE('',(#161,#162),#163,.T.);
#102=ADVANCED_FACE('',(#164),#165,.T.);
#103=ADVANCED_FACE('',(#166,#167),#168,.T.);
#104=ADVANCED_FACE('',(#169),#170,.T.);
#105=ADVANCED_FACE('',(#171,#172),#173,.T.);
#106=ADVANCED_FACE('',(#174),#175,.T.);
#107=ADVANCED_FACE('',(#176),#177,.T.);
#108=ADVANCED_FACE('',(#178,#179),#180,.T.);
#109=ADVANCED_FACE('',(#181),#182,.T.);
#110=ADVANCED_FACE('',(#183),#184,.T.);
#111=ADVANCED_FACE('',(#185,#186),#187,.T.);
#112=CLOSED_SHELL('',(#188,#189,#190,#191,#192,#193,#194,#195,#196,#197,#198,#199,#200,#201,#202,#203,#204,#205,#206,#207,#208,#209,#210,#211,#212,#213,#214,#215,#216,#217,#218,#219,#220,#221,#222,#223,#224,#225));
#113=CLOSED_SHELL('',(#226,#227,#228,#229,#230,#231,#232,#233,#234,#235,#236,#237,#238,#239));
#114=CLOSED_SHELL('',(#240,#241,#242,#243,#244,#245,#246,#247,#248,#249,#250,#251,#252,#253,#254,#255,#256,#257,#258,#259,#260,#261,#262,#263,#264,#265,#266,#267,#268,#269,#270,#271,#272,#273,#274,#275,#276,#277,#278,#279));
#115=CLOSED_SHELL('',(#280,#281,#282,#283,#284,#285,#286,#287,#288,#289));
#116=CLOSED_SHELL('',(#290,#291,#292,#293,#294,#295,#296,#297,#298,#299,#300,#301,#302,#303));
#117=CLOSED_SHELL('',(#304,#305,#306,#307,#308,#309));
#119=FACE_OUTER_BOUND('',#310,.T.);
#120=CONICAL_SURFACE('',#311,1.71,0.785398163397448);
#121=FACE_OUTER_BOUND('',#312,.T.);
#122=CYLINDRICAL_SURFACE('',#313,1.8);
#123=FACE_OUTER_BOUND('',#314,.T.);
#124=TOROIDAL_SURFACE('',#315,2.6966,0.0833999999999995);
#125=FACE_OUTER_BOUND('',#316,.T.);
#126=CYLINDRICAL_SURFACE('',#317,2.78);
#127=FACE_OUTER_BOUND('',#318,.T.);
#128=CYLINDRICAL_SURFACE('',#319,2.7035);
#129=FACE_OUTER_BOUND('',#320,.T.);
#130=CYLINDRICAL_SURFACE('',#321,2.78);
#131=FACE_OUTER_BOUND('',#322,.T.);
#132=CYLINDRICAL_SURFACE('',#323,2.7035);
#133=FACE_OUTER_BOUND('',#324,.T.);
#134=CYLINDRICAL_SURFACE('',#325,2.78);
#135=FACE_OUTER_BOUND('',#326,.T.);
#136=CONICAL_SURFACE('',#327,2.7383,0.785398163397448);
#137=FACE_OUTER_BOUND('',#328,.T.);
#138=CONICAL_SURFACE('',#329,0.89175,0.785398163397449);
#139=FACE_OUTER_BOUND('',#330,.T.);
#140=CYLINDRICAL_SURFACE('',#331,0.7835);
#141=FACE_OUTER_BOUND('',#332,.T.);
#142=CONICAL_SURFACE('',#333,0.89175,0.785398163397449);
#143=FACE_OUTER_BOUND('',#334,.T.);
#144=CONICAL_SURFACE('',#335,0.89175,0.785398163397449);
#145=FACE_OUTER_BOUND('',#336,.T.);
#146=CYLINDRICAL_SURFACE('',#337,0.7835);
#147=FACE_OUTER_BOUND('',#338,.T.);
#148=CONICAL_SURFACE('',#339,0.89175,0.785398163397449);
#149=FACE_BOUND('',#340,.T.);
#150=FACE_OUTER_BOUND('',#341,.T.);
#151=PLANE('',#342);
#152=FACE_OUTER_BOUND('',#343,.T.);
#153=CONICAL_SURFACE('',#344,2.7383,0.785398163397448);
#154=FACE_OUTER_BOUND('',#345,.T.);
#155=CYLINDRICAL_SURFACE('',#346,2.78);
#156=FACE_BOUND('',#347,.T.);
#157=FACE_OUTER_BOUND('',#348,.T.);
#158=PLANE('',#349);
#159=FACE_OUTER_BOUND('',#350,.T.);
#160=CYLINDRICAL_SURFACE('',#351,2.7035);
#161=FACE_OUTER_BOUND('',#352,.T.);
#162=FACE_BOUND('',#353,.T.);
#163=PLANE('',#354);
#164=FACE_OUTER_BOUND('',#355,.T.);
#165=CYLINDRICAL_SURFACE('',#356,2.78);
#166=FACE_BOUND('',#357,.T.);
#167=FACE_OUTER_BOUND('',#358,.T.);
#168=PLANE('',#359);
#169=FACE_OUTER_BOUND('',#360,.T.);
#170=CYLINDRICAL_SURFACE('',#361,2.7035);
#171=FACE_OUTER_BOUND('',#362,.T.);
#172=FACE_BOUND('',#363,.T.);
#173=PLANE('',#364);
#174=FACE_OUTER_BOUND('',#365,.T.);
#175=CYLINDRICAL_SURFACE('',#366,2.78);
#176=FACE_OUTER_BOUND('',#367,.T.);
#177=TOROIDAL_SURFACE('',#368,2.6966,0.0833999999999995);
#178=FACE_BOUND('',#369,.T.);
#179=FACE_OUTER_BOUND('',#370,.T.);
#180=PLANE('',#371);
#181=FACE_OUTER_BOUND('',#372,.T.);
#182=CYLINDRICAL_SURFACE('',#373,1.8);
#183=FACE_OUTER_BOUND('',#374,.T.);
#184=CONICAL_SURFACE('',#375,1.71,0.785398163397448);
#185=FACE_BOUND('',#376,.T.);
#186=FACE_OUTER_BOUND('',#377,.T.);
#187=PLANE('',#378);
#188=ADVANCED_FACE('',(#379),#380,.T.);
#189=ADVANCED_FACE('',(#381),#382,.T.);
#190=ADVANCED_FACE('',(#383),#384,.T.);
#191=ADVANCED_FACE('',(#385),#386,.T.);
#192=ADVANCED_FACE('',(#387),#388,.T.);
#193=ADVANCED_FACE('',(#389),#390,.T.);
#194=ADVANCED_FACE('',(#391),#392,.T.);
#195=ADVANCED_FACE('',(#393),#394,.T.);
#196=ADVANCED_FACE('',(#395),#396,.T.);
#197=ADVANCED_FACE('',(#397),#398,.F.);
#198=ADVANCED_FACE('',(#399),#400,.F.);
#199=ADVANCED_FACE('',(#401),#402,.F.);
#200=ADVANCED_FACE('',(#403),#404,.F.);
#201=ADVANCED_FACE('',(#405),#406,.F.);
#202=ADVANCED_FACE('',(#407),#408,.F.);
#203=ADVANCED_FACE('',(#409),#410,.F.);
#204=ADVANCED_FACE('',(#411),#412,.F.);
#205=ADVANCED_FACE('',(#413),#414,.F.);
#206=ADVANCED_FACE('',(#415),#416,.F.);
#207=ADVANCED_FACE('',(#417),#418,.F.);
#208=ADVANCED_FACE('',(#419),#420,.F.);
#209=ADVANCED_FACE('',(#421),#422,.F.);
#210=ADVANCED_FACE('',(#423),#424,.F.);
#211=ADVANCED_FACE('',(#425),#426,.F.);
#212=ADVANCED_FACE('',(#427),#428,.F.);
#213=ADVANCED_FACE('',(#429),#430,.F.);
#214=ADVANCED_FACE('',(#431),#432,.F.);
#215=ADVANCED_FACE('',(#433),#434,.F.);
#216=ADVANCED_FACE('',(#435),#436,.F.);
#217=ADVANCED_FACE('',(#437),#438,.F.);
#218=ADVANCED_FACE('',(#439),#440,.F.);
#219=ADVANCED_FACE('',(#441),#442,.F.);
#220=ADVANCED_FACE('',(#443),#444,.F.);
#221=ADVANCED_FACE('',(#445),#446,.F.);
#222=ADVANCED_FACE('',(#447),#448,.F.);
#223=ADVANCED_FACE('',(#449),#450,.F.);
#224=ADVANCED_FACE('',(#451,#452),#453,.T.);
#225=ADVANCED_FACE('',(#454,#455),#456,.F.);
#226=ADVANCED_FACE('',(#457),#458,.F.);
#227=ADVANCED_FACE('',(#459),#460,.F.);
#228=ADVANCED_FACE('',(#461),#462,.F.);
#229=ADVANCED_FACE('',(#463),#464,.F.);
#230=ADVANCED_FACE('',(#465),#466,.F.);
#231=ADVANCED_FACE('',(#467),#468,.F.);
#232=ADVANCED_FACE('',(#469),#470,.F.);
#233=ADVANCED_FACE('',(#471),#472,.F.);
#234=ADVANCED_FACE('',(#473),#474,.F.);
#235=ADVANCED_FACE('',(#475),#476,.F.);
#236=ADVANCED_FACE('',(#477),#478,.F.);
#237=ADVANCED_FACE('',(#479),#480,.F.);
#238=ADVANCED_FACE('',(#481),#482,.F.);
#239=ADVANCED_FACE('',(#483),#484,.T.);
#240=ADVANCED_FACE('',(#485),#486,.T.);
#241=ADVANCED_FACE('',(#487),#488,.T.);
#242=ADVANCED_FACE('',(#489),#490,.T.);
#243=ADVANCED_FACE('',(#491),#492,.T.);
#244=ADVANCED_FACE('',(#493),#494,.T.);
#245=ADVANCED_FACE('',(#495),#496,.T.);
#246=ADVANCED_FACE('',(#497),#498,.T.);
#247=ADVANCED_FACE('',(#499),#500,.T.);
#248=ADVANCED_FACE('',(#501),#502,.T.);
#249=ADVANCED_FACE('',(#503),#504,.T.);
#250=ADVANCED_FACE('',(#505),#506,.T.);
#251=ADVANCED_FACE('',(#507),#508,.T.);
#252=ADVANCED_FACE('',(#509),#510,.T.);
#253=ADVANCED_FACE('',(#511),#512,.T.);
#254=ADVANCED_FACE('',(#513),#514,.F.);
#255=ADVANCED_FACE('',(#515),#516,.F.);
#256=ADVANCED_FACE('',(#517),#518,.F.);
#257=ADVANCED_FACE('',(#519),#520,.F.);
#258=ADVANCED_FACE('',(#521),#522,.F.);
#259=ADVANCED_FACE('',(#523),#524,.F.);
#260=ADVANCED_FACE('',(#525),#526,.F.);
#261=ADVANCED_FACE('',(#527),#528,.F.);
#262=ADVANCED_FACE('',(#529),#530,.F.);
#263=ADVANCED_FACE('',(#531),#532,.F.);
#264=ADVANCED_FACE('',(#533),#534,.F.);
#265=ADVANCED_FACE('',(#535),#536,.F.);
#266=ADVANCED_FACE('',(#537),#538,.F.);
#267=ADVANCED_FACE('',(#539),#540,.F.);
#268=ADVANCED_FACE('',(#541),#542,.F.);
#269=ADVANCED_FACE('',(#543),#544,.F.);
#270=ADVANCED_FACE('',(#545),#546,.F.);
#271=ADVANCED_FACE('',(#547),#548,.F.);
#272=ADVANCED_FACE('',(#549),#550,.F.);
#273=ADVANCED_FACE('',(#551),#552,.F.);
#274=ADVANCED_FACE('',(#553),#554,.F.);
#275=ADVANCED_FACE('',(#555),#556,.F.);
#276=ADVANCED_FACE('',(#557),#558,.F.);
#277=ADVANCED_FACE('',(#559),#560,.F.);
#278=ADVANCED_FACE('',(#561,#562),#563,.T.);
#279=ADVANCED_FACE('',(#564,#565),#566,.F.);
#280=ADVANCED_FACE('',(#567),#568,.T.);
#281=ADVANCED_FACE('',(#569),#570,.T.);
#282=ADVANCED_FACE('',(#571),#572,.T.);
#283=ADVANCED_FACE('',(#573),#574,.F.);
#284=ADVANCED_FACE('',(#575),#576,.F.);
#285=ADVANCED_FACE('',(#577),#578,.F.);
#286=ADVANCED_FACE('',(#579),#580,.F.);
#287=ADVANCED_FACE('',(#581),#582,.F.);
#288=ADVANCED_FACE('',(#583,#584),#585,.F.);
#289=ADVANCED_FACE('',(#586,#587),#588,.T.);
#290=ADVANCED_FACE('',(#589),#590,.F.);
#291=ADVANCED_FACE('',(#591),#592,.F.);
#292=ADVANCED_FACE('',(#593),#594,.F.);
#293=ADVANCED_FACE('',(#595),#596,.F.);
#294=ADVANCED_FACE('',(#597),#598,.F.);
#295=ADVANCED_FACE('',(#599),#600,.F.);
#296=ADVANCED_FACE('',(#601),#602,.F.);
#297=ADVANCED_FACE('',(#603),#604,.F.);
#298=ADVANCED_FACE('',(#605),#606,.F.);
#299=ADVANCED_FACE('',(#607),#608,.F.);
#300=ADVANCED_FACE('',(#609),#610,.F.);
#301=ADVANCED_FACE('',(#611),#612,.F.);
#302=ADVANCED_FACE('',(#613),#614,.T.);
#303=ADVANCED_FACE('',(#615),#616,.F.);
#304=ADVANCED_FACE('',(#617),#618,.F.);
#305=ADVANCED_FACE('',(#619),#620,.T.);
#306=ADVANCED_FACE('',(#621),#622,.T.);
#307=ADVANCED_FACE('',(#623),#624,.F.);
#308=ADVANCED_FACE('',(#625,#626),#627,.T.);
#309=ADVANCED_FACE('',(#628,#629),#630,.F.);
#310=EDGE_LOOP('',(#631,#632,#633,#634));
#311=AXIS2_PLACEMENT_3D('',#635,#636,#637);
#312=EDGE_LOOP('',(#638,#639,#640,#641));
#313=AXIS2_PLACEMENT_3D('',#642,#643,#644);
#314=EDGE_LOOP('',(#645,#646,#647,#648));
#315=AXIS2_PLACEMENT_3D('',#649,#650,#651);
#316=EDGE_LOOP('',(#652,#653,#654,#655));
#317=AXIS2_PLACEMENT_3D('',#656,#657,#658);
#318=EDGE_LOOP('',(#659,#660,#661,#662));
#319=AXIS2_PLACEMENT_3D('',#663,#664,#665);
#320=EDGE_LOOP('',(#666,#667,#668,#669));
#321=AXIS2_PLACEMENT_3D('',#670,#671,#672);
#322=EDGE_LOOP('',(#673,#674,#675,#676));
#323=AXIS2_PLACEMENT_3D('',#677,#678,#679);
#324=EDGE_LOOP('',(#680,#681,#682,#683));
#325=AXIS2_PLACEMENT_3D('',#684,#685,#686);
#326=EDGE_LOOP('',(#687,#688,#689,#690));
#327=AXIS2_PLACEMENT_3D('',#691,#692,#693);
#328=EDGE_LOOP('',(#694,#695,#696,#697));
#329=AXIS2_PLACEMENT_3D('',#698,#699,#700);
#330=EDGE_LOOP('',(#701,#702,#703,#704));
#331=AXIS2_PLACEMENT_3D('',#705,#706,#707);
#332=EDGE_LOOP('',(#708,#709,#710,#711));
#333=AXIS2_PLACEMENT_3D('',#712,#713,#714);
#334=EDGE_LOOP('',(#715,#716,#717,#718));
#335=AXIS2_PLACEMENT_3D('',#719,#720,#721);
#336=EDGE_LOOP('',(#722,#723,#724,#725));
#337=AXIS2_PLACEMENT_3D('',#726,#727,#728);
#338=EDGE_LOOP('',(#729,#730,#731,#732));
#339=AXIS2_PLACEMENT_3D('',#733,#734,#735);
#340=EDGE_LOOP('',(#736,#737));
#341=EDGE_LOOP('',(#738,#739));
#342=AXIS2_PLACEMENT_3D('',#740,#741,#742);
#343=EDGE_LOOP('',(#743,#744,#745,#746));
#344=AXIS2_PLACEMENT_3D('',#747,#748,#749);
#345=EDGE_LOOP('',(#750,#751,#752,#753));
#346=AXIS2_PLACEMENT_3D('',#754,#755,#756);
#347=EDGE_LOOP('',(#757,#758));
#348=EDGE_LOOP('',(#759,#760));
#349=AXIS2_PLACEMENT_3D('',#761,#762,#763);
#350=EDGE_LOOP('',(#764,#765,#766,#767));
#351=AXIS2_PLACEMENT_3D('',#768,#769,#770);
#352=EDGE_LOOP('',(#771,#772));
#353=EDGE_LOOP('',(#773,#774));
#354=AXIS2_PLACEMENT_3D('',#775,#776,#777);
#355=EDGE_LOOP('',(#778,#779,#780,#781));
#356=AXIS2_PLACEMENT_3D('',#782,#783,#784);
#357=EDGE_LOOP('',(#785,#786));
#358=EDGE_LOOP('',(#787,#788));
#359=AXIS2_PLACEMENT_3D('',#789,#790,#791);
#360=EDGE_LOOP('',(#792,#793,#794,#795));
#361=AXIS2_PLACEMENT_3D('',#796,#797,#798);
#362=EDGE_LOOP('',(#799,#800));
#363=EDGE_LOOP('',(#801,#802));
#364=AXIS2_PLACEMENT_3D('',#803,#804,#805);
#365=EDGE_LOOP('',(#806,#807,#808,#809));
#366=AXIS2_PLACEMENT_3D('',#810,#811,#812);
#367=EDGE_LOOP('',(#813,#814,#815,#816));
#368=AXIS2_PLACEMENT_3D('',#817,#818,#819);
#369=EDGE_LOOP('',(#820,#821));
#370=EDGE_LOOP('',(#822,#823));
#371=AXIS2_PLACEMENT_3D('',#824,#825,#826);
#372=EDGE_LOOP('',(#827,#828,#829,#830));
#373=AXIS2_PLACEMENT_3D('',#831,#832,#833);
#374=EDGE_LOOP('',(#834,#835,#836,#837));
#375=AXIS2_PLACEMENT_3D('',#838,#839,#840);
#376=EDGE_LOOP('',(#841,#842));
#377=EDGE_LOOP('',(#843,#844));
#378=AXIS2_PLACEMENT_3D('',#845,#846,#847);
#379=FACE_OUTER_BOUND('',#848,.T.);
#380=PLANE('',#849);
#381=FACE_OUTER_BOUND('',#850,.T.);
#382=PLANE('',#851);
#383=FACE_OUTER_BOUND('',#852,.T.);
#384=PLANE('',#853);
#385=FACE_OUTER_BOUND('',#854,.T.);
#386=PLANE('',#855);
#387=FACE_OUTER_BOUND('',#856,.T.);
#388=PLANE('',#857);
#389=FACE_OUTER_BOUND('',#858,.T.);
#390=PLANE('',#859);
#391=FACE_OUTER_BOUND('',#860,.T.);
#392=PLANE('',#861);
#393=FACE_OUTER_BOUND('',#862,.T.);
#394=PLANE('',#863);
#395=FACE_OUTER_BOUND('',#864,.T.);
#396=PLANE('',#865);
#397=FACE_OUTER_BOUND('',#866,.T.);
#398=PLANE('',#867);
#399=FACE_OUTER_BOUND('',#868,.T.);
#400=PLANE('',#869);
#401=FACE_OUTER_BOUND('',#870,.T.);
#402=PLANE('',#871);
#403=FACE_OUTER_BOUND('',#872,.T.);
#404=PLANE('',#873);
#405=FACE_OUTER_BOUND('',#874,.T.);
#406=PLANE('',#875);
#407=FACE_OUTER_BOUND('',#876,.T.);
#408=PLANE('',#877);
#409=FACE_OUTER_BOUND('',#878,.T.);
#410=PLANE('',#879);
#411=FACE_OUTER_BOUND('',#880,.T.);
#412=PLANE('',#881);
#413=FACE_OUTER_BOUND('',#882,.T.);
#414=PLANE('',#883);
#415=FACE_OUTER_BOUND('',#884,.T.);
#416=PLANE('',#885);
#417=FACE_OUTER_BOUND('',#886,.T.);
#418=PLANE('',#887);
#419=FACE_OUTER_BOUND('',#888,.T.);
#420=PLANE('',#889);
#421=FACE_OUTER_BOUND('',#890,.T.);
#422=PLANE('',#891);
#423=FACE_OUTER_BOUND('',#892,.T.);
#424=PLANE('',#893);
#425=FACE_OUTER_BOUND('',#894,.T.);
#426=PLANE('',#895);
#427=FACE_OUTER_BOUND('',#896,.T.);
#428=PLANE('',#897);
#429=FACE_OUTER_BOUND('',#898,.T.);
#430=PLANE('',#899);
#431=FACE_OUTER_BOUND('',#900,.T.);
#432=PLANE('',#901);
#433=FACE_OUTER_BOUND('',#902,.T.);
#434=PLANE('',#903);
#435=FACE_OUTER_BOUND('',#904,.T.);
#436=PLANE('',#905);
#437=FACE_OUTER_BOUND('',#906,.T.);
#438=PLANE('',#907);
#439=FACE_OUTER_BOUND('',#908,.T.);
#440=PLANE('',#909);
#441=FACE_OUTER_BOUND('',#910,.T.);
#442=PLANE('',#911);
#443=FACE_OUTER_BOUND('',#912,.T.);
#444=PLANE('',#913);
#445=FACE_OUTER_BOUND('',#914,.T.);
#446=PLANE('',#915);
#447=FACE_OUTER_BOUND('',#916,.T.);
#448=PLANE('',#917);
#449=FACE_OUTER_BOUND('',#918,.T.);
#450=PLANE('',#919);
#451=FACE_BOUND('',#920,.T.);
#452=FACE_OUTER_BOUND('',#921,.T.);
#453=PLANE('',#922);
#454=FACE_BOUND('',#923,.T.);
#455=FACE_OUTER_BOUND('',#924,.T.);
#456=PLANE('',#925);
#457=FACE_OUTER_BOUND('',#926,.T.);
#458=PLANE('',#927);
#459=FACE_OUTER_BOUND('',#928,.T.);
#460=PLANE('',#929);
#461=FACE_OUTER_BOUND('',#930,.T.);
#462=PLANE('',#931);
#463=FACE_OUTER_BOUND('',#932,.T.);
#464=PLANE('',#933);
#465=FACE_OUTER_BOUND('',#934,.T.);
#466=PLANE('',#935);
#467=FACE_OUTER_BOUND('',#936,.T.);
#468=PLANE('',#937);
#469=FACE_OUTER_BOUND('',#938,.T.);
#470=PLANE('',#939);
#471=FACE_OUTER_BOUND('',#940,.T.);
#472=PLANE('',#941);
#473=FACE_OUTER_BOUND('',#942,.T.);
#474=PLANE('',#943);
#475=FACE_OUTER_BOUND('',#944,.T.);
#476=PLANE('',#945);
#477=FACE_OUTER_BOUND('',#946,.T.);
#478=PLANE('',#947);
#479=FACE_OUTER_BOUND('',#948,.T.);
#480=PLANE('',#949);
#481=FACE_OUTER_BOUND('',#950,.T.);
#482=PLANE('',#951);
#483=FACE_OUTER_BOUND('',#952,.T.);
#484=PLANE('',#953);
#485=FACE_OUTER_BOUND('',#954,.T.);
#486=PLANE('',#955);
#487=FACE_OUTER_BOUND('',#956,.T.);
#488=PLANE('',#957);
#489=FACE_OUTER_BOUND('',#958,.T.);
#490=PLANE('',#959);
#491=FACE_OUTER_BOUND('',#960,.T.);
#492=PLANE('',#961);
#493=FACE_OUTER_BOUND('',#962,.T.);
#494=PLANE('',#963);
#495=FACE_OUTER_BOUND('',#964,.T.);
#496=PLANE('',#965);
#497=FACE_OUTER_BOUND('',#966,.T.);
#498=PLANE('',#967);
#499=FACE_OUTER_BOUND('',#968,.T.);
#500=PLANE('',#969);
#501=FACE_OUTER_BOUND('',#970,.T.);
#502=PLANE('',#971);
#503=FACE_OUTER_BOUND('',#972,.T.);
#504=PLANE('',#973);
#505=FACE_OUTER_BOUND('',#974,.T.);
#506=PLANE('',#975);
#507=FACE_OUTER_BOUND('',#976,.T.);
#508=PLANE('',#977);
#509=FACE_OUTER_BOUND('',#978,.T.);
#510=PLANE('',#979);
#511=FACE_OUTER_BOUND('',#980,.T.);
#512=PLANE('',#981);
#513=FACE_OUTER_BOUND('',#982,.T.);
#514=PLANE('',#983);
#515=FACE_OUTER_BOUND('',#984,.T.);
#516=PLANE('',#985);
#517=FACE_OUTER_BOUND('',#986,.T.);
#518=PLANE('',#987);
#519=FACE_OUTER_BOUND('',#988,.T.);
#520=PLANE('',#989);
#521=FACE_OUTER_BOUND('',#990,.T.);
#522=PLANE('',#991);
#523=FACE_OUTER_BOUND('',#992,.T.);
#524=PLANE('',#993);
#525=FACE_OUTER_BOUND('',#994,.T.);
#526=PLANE('',#995);
#527=FACE_OUTER_BOUND('',#996,.T.);
#528=PLANE('',#997);
#529=FACE_OUTER_BOUND('',#998,.T.);
#530=PLANE('',#999);
#531=FACE_OUTER_BOUND('',#1000,.T.);
#532=PLANE('',#1001);
#533=FACE_OUTER_BOUND('',#1002,.T.);
#534=PLANE('',#1003);
#535=FACE_OUTER_BOUND('',#1004,.T.);
#536=PLANE('',#1005);
#537=FACE_OUTER_BOUND('',#1006,.T.);
#538=PLANE('',#1007);
#539=FACE_OUTER_BOUND('',#1008,.T.);
#540=PLANE('',#1009);
#541=FACE_OUTER_BOUND('',#1010,.T.);
#542=PLANE('',#1011);
#543=FACE_OUTER_BOUND('',#1012,.T.);
#544=PLANE('',#1013);
#545=FACE_OUTER_BOUND('',#1014,.T.);
#546=PLANE('',#1015);
#547=FACE_OUTER_BOUND('',#1016,.T.);
#548=PLANE('',#1017);
#549=FACE_OUTER_BOUND('',#1018,.T.);
#550=PLANE('',#1019);
#551=FACE_OUTER_BOUND('',#1020,.T.);
#552=PLANE('',#1021);
#553=FACE_OUTER_BOUND('',#1022,.T.);
#554=PLANE('',#1023);
#555=FACE_OUTER_BOUND('',#1024,.T.);
#556=PLANE('',#1025);
#557=FACE_OUTER_BOUND('',#1026,.T.);
#558=PLANE('',#1027);
#559=FACE_OUTER_BOUND('',#1028,.T.);
#560=PLANE('',#1029);
#561=FACE_BOUND('',#1030,.T.);
#562=FACE_OUTER_BOUND('',#1031,.T.);
#563=PLANE('',#1032);
#564=FACE_BOUND('',#1033,.T.);
#565=FACE_OUTER_BOUND('',#1034,.T.);
#566=PLANE('',#1035);
#567=FACE_OUTER_BOUND('',#1036,.T.);
#568=PLANE('',#1037);
#569=FACE_OUTER_BOUND('',#1038,.T.);
#570=PLANE('',#1039);
#571=FACE_OUTER_BOUND('',#1040,.T.);
#572=PLANE('',#1041);
#573=FACE_OUTER_BOUND('',#1042,.T.);
#574=PLANE('',#1043);
#575=FACE_OUTER_BOUND('',#1044,.T.);
#576=PLANE('',#1045);
#577=FACE_OUTER_BOUND('',#1046,.T.);
#578=PLANE('',#1047);
#579=FACE_OUTER_BOUND('',#1048,.T.);
#580=PLANE('',#1049);
#581=FACE_OUTER_BOUND('',#1050,.T.);
#582=PLANE('',#1051);
#583=FACE_BOUND('',#1052,.T.);
#584=FACE_OUTER_BOUND('',#1053,.T.);
#585=PLANE('',#1054);
#586=FACE_BOUND('',#1055,.T.);
#587=FACE_OUTER_BOUND('',#1056,.T.);
#588=PLANE('',#1057);
#589=FACE_OUTER_BOUND('',#1058,.T.);
#590=PLANE('',#1059);
#591=FACE_OUTER_BOUND('',#1060,.T.);
#592=PLANE('',#1061);
#593=FACE_OUTER_BOUND('',#1062,.T.);
#594=PLANE('',#1063);
#595=FACE_OUTER_BOUND('',#1064,.T.);
#596=PLANE('',#1065);
#597=FACE_OUTER_BOUND('',#1066,.T.);
#598=PLANE('',#1067);
#599=FACE_OUTER_BOUND('',#1068,.T.);
#600=PLANE('',#1069);
#601=FACE_OUTER_BOUND('',#1070,.T.);
#602=PLANE('',#1071);
#603=FACE_OUTER_BOUND('',#1072,.T.);
#604=PLANE('',#1073);
#605=FACE_OUTER_BOUND('',#1074,.T.);
#606=PLANE('',#1075);
#607=FACE_OUTER_BOUND('',#1076,.T.);
#608=PLANE('',#1077);
#609=FACE_OUTER_BOUND('',#1078,.T.);
#610=PLANE('',#1079);
#611=FACE_OUTER_BOUND('',#1080,.T.);
#612=PLANE('',#1081);
#613=FACE_OUTER_BOUND('',#1082,.T.);
#614=PLANE('',#1083);
#615=FACE_OUTER_BOUND('',#1084,.T.);
#616=PLANE('',#1085);
#617=FACE_OUTER_BOUND('',#1086,.T.);
#618=CYLINDRICAL_SURFACE('',#1087,0.0554087930551668);
#619=FACE_OUTER_BOUND('',#1088,.T.);
#620=CYLINDRICAL_SURFACE('',#1089,0.0428131599150023);
#621=FACE_OUTER_BOUND('',#1090,.T.);
#622=CYLINDRICAL_SURFACE('',#1091,0.0428131599150023);
#623=FACE_OUTER_BOUND('',#1092,.T.);
#624=CYLINDRICAL_SURFACE('',#1093,0.0554087930551668);
#625=FACE_BOUND('',#1094,.T.);
#626=FACE_OUTER_BOUND('',#1095,.T.);
#627=PLANE('',#1096);
#628=FACE_BOUND('',#1097,.T.);
#629=FACE_OUTER_BOUND('',#1098,.T.);
#630=PLANE('',#1099);
#631=ORIENTED_EDGE('',*,*,#1100,.F.);
#632=ORIENTED_EDGE('',*,*,#1101,.T.);
#633=ORIENTED_EDGE('',*,*,#1102,.F.);
#634=ORIENTED_EDGE('',*,*,#1103,.F.);
#635=CARTESIAN_POINT('',(0.09,0.0,5.51091059616309E-18));
#636=DIRECTION('',(1.0,-0.0,6.12323399573677E-17));
#637=DIRECTION('',(6.12323399573677E-17,0.0,-1.0));
#638=ORIENTED_EDGE('',*,*,#1104,.F.);
#639=ORIENTED_EDGE('',*,*,#1105,.T.);
#640=ORIENTED_EDGE('',*,*,#1106,.F.);
#641=ORIENTED_EDGE('',*,*,#1101,.F.);
#642=CARTESIAN_POINT('',(0.855,0.0,5.23536506635494E-17));
#643=DIRECTION('',(-1.0,0.0,-6.12323399573677E-17));
#644=DIRECTION('',(6.12323399573677E-17,0.0,-1.0));
#645=ORIENTED_EDGE('',*,*,#1107,.F.);
#646=ORIENTED_EDGE('',*,*,#1108,.T.);
#647=ORIENTED_EDGE('',*,*,#1109,.F.);
#648=ORIENTED_EDGE('',*,*,#1110,.F.);
#649=CARTESIAN_POINT('',(1.6134,0.0,9.87922572872169E-17));
#650=DIRECTION('',(-1.0,0.0,-6.12323399573677E-17));
#651=DIRECTION('',(-6.12323399573677E-17,0.0,1.0));
#652=ORIENTED_EDGE('',*,*,#1111,.F.);
#653=ORIENTED_EDGE('',*,*,#1112,.T.);
#654=ORIENTED_EDGE('',*,*,#1113,.F.);
#655=ORIENTED_EDGE('',*,*,#1114,.F.);
#656=CARTESIAN_POINT('',(1.83945,0.0,1.1263382773458E-16));
#657=DIRECTION('',(-1.0,0.0,-6.12323399573677E-17));
#658=DIRECTION('',(6.12323399573677E-17,0.0,-1.0));
#659=ORIENTED_EDGE('',*,*,#1115,.F.);
#660=ORIENTED_EDGE('',*,*,#1116,.T.);
#661=ORIENTED_EDGE('',*,*,#1117,.F.);
#662=ORIENTED_EDGE('',*,*,#1118,.F.);
#663=CARTESIAN_POINT('',(2.10375,0.0,1.28817535185312E-16));
#664=DIRECTION('',(-1.0,0.0,-6.12323399573677E-17));
#665=DIRECTION('',(6.12323399573677E-17,0.0,-1.0));
#666=ORIENTED_EDGE('',*,*,#1119,.F.);
#667=ORIENTED_EDGE('',*,*,#1120,.T.);
#668=ORIENTED_EDGE('',*,*,#1121,.F.);
#669=ORIENTED_EDGE('',*,*,#1122,.F.);
#670=CARTESIAN_POINT('',(2.2338,0.0,1.36780800996768E-16));
#671=DIRECTION('',(-1.0,0.0,-6.12323399573677E-17));
#672=DIRECTION('',(6.12323399573677E-17,0.0,-1.0));
#673=ORIENTED_EDGE('',*,*,#1123,.F.);
#674=ORIENTED_EDGE('',*,*,#1124,.T.);
#675=ORIENTED_EDGE('',*,*,#1125,.F.);
#676=ORIENTED_EDGE('',*,*,#1126,.F.);
#677=CARTESIAN_POINT('',(2.36385,0.0,1.44744066808224E-16));
#678=DIRECTION('',(-1.0,0.0,-6.12323399573677E-17));
#679=DIRECTION('',(6.12323399573677E-17,0.0,-1.0));
#680=ORIENTED_EDGE('',*,*,#1127,.F.);
#681=ORIENTED_EDGE('',*,*,#1128,.T.);
#682=ORIENTED_EDGE('',*,*,#1129,.F.);
#683=ORIENTED_EDGE('',*,*,#1130,.F.);
#684=CARTESIAN_POINT('',(3.92435,0.0,2.40297133311696E-16));
#685=DIRECTION('',(-1.0,0.0,-6.12323399573677E-17));
#686=DIRECTION('',(6.12323399573677E-17,0.0,-1.0));
#687=ORIENTED_EDGE('',*,*,#1131,.F.);
#688=ORIENTED_EDGE('',*,*,#1132,.T.);
#689=ORIENTED_EDGE('',*,*,#1133,.F.);
#690=ORIENTED_EDGE('',*,*,#1128,.F.);
#691=CARTESIAN_POINT('',(5.4883,0.0,3.36061451388021E-16));
#692=DIRECTION('',(-1.0,-0.0,-6.12323399573676E-17));
#693=DIRECTION('',(6.12323399573677E-17,0.0,-1.0));
#694=ORIENTED_EDGE('',*,*,#1134,.F.);
#695=ORIENTED_EDGE('',*,*,#1135,.F.);
#696=ORIENTED_EDGE('',*,*,#1136,.F.);
#697=ORIENTED_EDGE('',*,*,#1137,.T.);
#698=CARTESIAN_POINT('',(5.42175,0.0,9.95959317491574E-16));
#699=DIRECTION('',(1.0,1.34441851166689E-50,1.83697019872103E-16));
#700=DIRECTION('',(1.83697019872103E-16,-4.16496253156019E-19,-1.0));
#701=ORIENTED_EDGE('',*,*,#1138,.F.);
#702=ORIENTED_EDGE('',*,*,#1137,.F.);
#703=ORIENTED_EDGE('',*,*,#1139,.F.);
#704=ORIENTED_EDGE('',*,*,#1140,.T.);
#705=CARTESIAN_POINT('',(2.765,0.0,5.07922259946365E-16));
#706=DIRECTION('',(-1.0,0.0,-1.83697019872103E-16));
#707=DIRECTION('',(1.83697019872103E-16,-4.16496253156019E-19,-1.0));
#708=ORIENTED_EDGE('',*,*,#1141,.F.);
#709=ORIENTED_EDGE('',*,*,#1140,.F.);
#710=ORIENTED_EDGE('',*,*,#1142,.F.);
#711=ORIENTED_EDGE('',*,*,#1143,.F.);
#712=CARTESIAN_POINT('',(0.10825,0.0,1.98852024011551E-17));
#713=DIRECTION('',(-1.0,-1.34441851166689E-50,-1.83697019872103E-16));
#714=DIRECTION('',(1.83697019872103E-16,-4.16496253156019E-19,-1.0));
#715=ORIENTED_EDGE('',*,*,#1141,.T.);
#716=ORIENTED_EDGE('',*,*,#1144,.F.);
#717=ORIENTED_EDGE('',*,*,#1142,.T.);
#718=ORIENTED_EDGE('',*,*,#1145,.F.);
#719=CARTESIAN_POINT('',(0.10825,0.0,1.98852024011551E-17));
#720=DIRECTION('',(-1.0,-1.34441851166689E-50,-1.83697019872103E-16));
#721=DIRECTION('',(1.83697019872103E-16,-4.16496253156019E-19,-1.0));
#722=ORIENTED_EDGE('',*,*,#1138,.T.);
#723=ORIENTED_EDGE('',*,*,#1145,.T.);
#724=ORIENTED_EDGE('',*,*,#1139,.T.);
#725=ORIENTED_EDGE('',*,*,#1146,.F.);
#726=CARTESIAN_POINT('',(2.765,0.0,5.07922259946365E-16));
#727=DIRECTION('',(-1.0,0.0,-1.83697019872103E-16));
#728=DIRECTION('',(1.83697019872103E-16,-4.16496253156019E-19,-1.0));
#729=ORIENTED_EDGE('',*,*,#1134,.T.);
#730=ORIENTED_EDGE('',*,*,#1146,.T.);
#731=ORIENTED_EDGE('',*,*,#1136,.T.);
#732=ORIENTED_EDGE('',*,*,#1147,.F.);
#733=CARTESIAN_POINT('',(5.42175,0.0,9.95959317491574E-16));
#734=DIRECTION('',(1.0,1.34441851166689E-50,1.83697019872103E-16));
#735=DIRECTION('',(1.83697019872103E-16,-4.16496253156019E-19,-1.0));
#736=ORIENTED_EDGE('',*,*,#1135,.T.);
#737=ORIENTED_EDGE('',*,*,#1147,.T.);
#738=ORIENTED_EDGE('',*,*,#1132,.F.);
#739=ORIENTED_EDGE('',*,*,#1148,.F.);
#740=CARTESIAN_POINT('',(5.53,3.38614839964243E-16,-1.3483));
#741=DIRECTION('',(1.0,0.0,6.12323399573677E-17));
#742=DIRECTION('',(-6.12323399573677E-17,0.0,1.0));
#743=ORIENTED_EDGE('',*,*,#1131,.T.);
#744=ORIENTED_EDGE('',*,*,#1149,.F.);
#745=ORIENTED_EDGE('',*,*,#1133,.T.);
#746=ORIENTED_EDGE('',*,*,#1148,.T.);
#747=CARTESIAN_POINT('',(5.4883,0.0,3.36061451388021E-16));
#748=DIRECTION('',(-1.0,-0.0,-6.12323399573676E-17));
#749=DIRECTION('',(6.12323399573677E-17,0.0,-1.0));
#750=ORIENTED_EDGE('',*,*,#1127,.T.);
#751=ORIENTED_EDGE('',*,*,#1150,.F.);
#752=ORIENTED_EDGE('',*,*,#1129,.T.);
#753=ORIENTED_EDGE('',*,*,#1149,.T.);
#754=CARTESIAN_POINT('',(3.92435,0.0,2.40297133311696E-16));
#755=DIRECTION('',(-1.0,0.0,-6.12323399573677E-17));
#756=DIRECTION('',(6.12323399573677E-17,0.0,-1.0));
#757=ORIENTED_EDGE('',*,*,#1124,.F.);
#758=ORIENTED_EDGE('',*,*,#1151,.F.);
#759=ORIENTED_EDGE('',*,*,#1130,.T.);
#760=ORIENTED_EDGE('',*,*,#1150,.T.);
#761=CARTESIAN_POINT('',(2.4021,1.47086203811593E-16,-2.74175));
#762=DIRECTION('',(-1.0,0.0,-6.12323399573677E-17));
#763=DIRECTION('',(6.12323399573677E-17,0.0,-1.0));
#764=ORIENTED_EDGE('',*,*,#1123,.T.);
#765=ORIENTED_EDGE('',*,*,#1152,.F.);
#766=ORIENTED_EDGE('',*,*,#1125,.T.);
#767=ORIENTED_EDGE('',*,*,#1151,.T.);
#768=CARTESIAN_POINT('',(2.36385,0.0,1.44744066808224E-16));
#769=DIRECTION('',(-1.0,0.0,-6.12323399573677E-17));
#770=DIRECTION('',(6.12323399573677E-17,0.0,-1.0));
#771=ORIENTED_EDGE('',*,*,#1120,.F.);
#772=ORIENTED_EDGE('',*,*,#1153,.F.);
#773=ORIENTED_EDGE('',*,*,#1126,.T.);
#774=ORIENTED_EDGE('',*,*,#1152,.T.);
#775=CARTESIAN_POINT('',(2.3256,1.42401929804854E-16,-2.74175));
#776=DIRECTION('',(1.0,0.0,6.12323399573677E-17));
#777=DIRECTION('',(-6.12323399573677E-17,0.0,1.0));
#778=ORIENTED_EDGE('',*,*,#1119,.T.);
#779=ORIENTED_EDGE('',*,*,#1154,.F.);
#780=ORIENTED_EDGE('',*,*,#1121,.T.);
#781=ORIENTED_EDGE('',*,*,#1153,.T.);
#782=CARTESIAN_POINT('',(2.2338,0.0,1.36780800996768E-16));
#783=DIRECTION('',(-1.0,0.0,-6.12323399573677E-17));
#784=DIRECTION('',(6.12323399573677E-17,0.0,-1.0));
#785=ORIENTED_EDGE('',*,*,#1116,.F.);
#786=ORIENTED_EDGE('',*,*,#1155,.F.);
#787=ORIENTED_EDGE('',*,*,#1122,.T.);
#788=ORIENTED_EDGE('',*,*,#1154,.T.);
#789=CARTESIAN_POINT('',(2.142,1.31159672188682E-16,-2.74175));
#790=DIRECTION('',(-1.0,0.0,-6.12323399573677E-17));
#791=DIRECTION('',(6.12323399573677E-17,0.0,-1.0));
#792=ORIENTED_EDGE('',*,*,#1115,.T.);
#793=ORIENTED_EDGE('',*,*,#1156,.F.);
#794=ORIENTED_EDGE('',*,*,#1117,.T.);
#795=ORIENTED_EDGE('',*,*,#1155,.T.);
#796=CARTESIAN_POINT('',(2.10375,0.0,1.28817535185312E-16));
#797=DIRECTION('',(-1.0,0.0,-6.12323399573677E-17));
#798=DIRECTION('',(6.12323399573677E-17,0.0,-1.0));
#799=ORIENTED_EDGE('',*,*,#1112,.F.);
#800=ORIENTED_EDGE('',*,*,#1157,.F.);
#801=ORIENTED_EDGE('',*,*,#1118,.T.);
#802=ORIENTED_EDGE('',*,*,#1156,.T.);
#803=CARTESIAN_POINT('',(2.0655,1.26475398181943E-16,-2.74175));
#804=DIRECTION('',(1.0,0.0,6.12323399573677E-17));
#805=DIRECTION('',(-6.12323399573677E-17,0.0,1.0));
#806=ORIENTED_EDGE('',*,*,#1111,.T.);
#807=ORIENTED_EDGE('',*,*,#1108,.F.);
#808=ORIENTED_EDGE('',*,*,#1113,.T.);
#809=ORIENTED_EDGE('',*,*,#1157,.T.);
#810=CARTESIAN_POINT('',(1.83945,0.0,1.1263382773458E-16));
#811=DIRECTION('',(-1.0,0.0,-6.12323399573677E-17));
#812=DIRECTION('',(6.12323399573677E-17,0.0,-1.0));
#813=ORIENTED_EDGE('',*,*,#1107,.T.);
#814=ORIENTED_EDGE('',*,*,#1158,.F.);
#815=ORIENTED_EDGE('',*,*,#1109,.T.);
#816=ORIENTED_EDGE('',*,*,#1114,.T.);
#817=CARTESIAN_POINT('',(1.6134,0.0,9.87922572872169E-17));
#818=DIRECTION('',(-1.0,0.0,-6.12323399573677E-17));
#819=DIRECTION('',(-6.12323399573677E-17,0.0,1.0));
#820=ORIENTED_EDGE('',*,*,#1105,.F.);
#821=ORIENTED_EDGE('',*,*,#1159,.F.);
#822=ORIENTED_EDGE('',*,*,#1158,.T.);
#823=ORIENTED_EDGE('',*,*,#1110,.T.);
#824=CARTESIAN_POINT('',(1.53,9.36854801347725E-17,-2.2483));
#825=DIRECTION('',(-1.0,0.0,-6.12323399573677E-17));
#826=DIRECTION('',(6.12323399573677E-17,0.0,-1.0));
#827=ORIENTED_EDGE('',*,*,#1104,.T.);
#828=ORIENTED_EDGE('',*,*,#1160,.F.);
#829=ORIENTED_EDGE('',*,*,#1106,.T.);
#830=ORIENTED_EDGE('',*,*,#1159,.T.);
#831=CARTESIAN_POINT('',(0.855,0.0,5.23536506635494E-17));
#832=DIRECTION('',(-1.0,0.0,-6.12323399573677E-17));
#833=DIRECTION('',(6.12323399573677E-17,0.0,-1.0));
#834=ORIENTED_EDGE('',*,*,#1100,.T.);
#835=ORIENTED_EDGE('',*,*,#1161,.F.);
#836=ORIENTED_EDGE('',*,*,#1102,.T.);
#837=ORIENTED_EDGE('',*,*,#1160,.T.);
#838=CARTESIAN_POINT('',(0.09,0.0,5.51091059616309E-18));
#839=DIRECTION('',(1.0,-0.0,6.12323399573677E-17));
#840=DIRECTION('',(6.12323399573677E-17,0.0,-1.0));
#841=ORIENTED_EDGE('',*,*,#1144,.T.);
#842=ORIENTED_EDGE('',*,*,#1143,.T.);
#843=ORIENTED_EDGE('',*,*,#1103,.T.);
#844=ORIENTED_EDGE('',*,*,#1161,.T.);
#845=CARTESIAN_POINT('',(4.95981953654678E-17,0.0,-0.81));
#846=DIRECTION('',(-1.0,0.0,-6.12323399573677E-17));
#847=DIRECTION('',(6.12323399573677E-17,0.0,-1.0));
#848=EDGE_LOOP('',(#1162,#1163,#1164,#1165));
#849=AXIS2_PLACEMENT_3D('',#1166,#1167,#1168);
#850=EDGE_LOOP('',(#1169,#1170,#1171,#1172));
#851=AXIS2_PLACEMENT_3D('',#1173,#1174,#1175);
#852=EDGE_LOOP('',(#1176,#1177,#1178,#1179));
#853=AXIS2_PLACEMENT_3D('',#1180,#1181,#1182);
#854=EDGE_LOOP('',(#1183,#1184,#1185,#1186));
#855=AXIS2_PLACEMENT_3D('',#1187,#1188,#1189);
#856=EDGE_LOOP('',(#1190,#1191,#1192,#1193));
#857=AXIS2_PLACEMENT_3D('',#1194,#1195,#1196);
#858=EDGE_LOOP('',(#1197,#1198,#1199,#1200));
#859=AXIS2_PLACEMENT_3D('',#1201,#1202,#1203);
#860=EDGE_LOOP('',(#1204,#1205,#1206,#1207));
#861=AXIS2_PLACEMENT_3D('',#1208,#1209,#1210);
#862=EDGE_LOOP('',(#1211,#1212,#1213,#1214));
#863=AXIS2_PLACEMENT_3D('',#1215,#1216,#1217);
#864=EDGE_LOOP('',(#1218,#1219,#1220,#1221));
#865=AXIS2_PLACEMENT_3D('',#1222,#1223,#1224);
#866=EDGE_LOOP('',(#1225,#1226,#1227,#1228));
#867=AXIS2_PLACEMENT_3D('',#1229,#1230,#1231);
#868=EDGE_LOOP('',(#1232,#1233,#1234,#1235));
#869=AXIS2_PLACEMENT_3D('',#1236,#1237,#1238);
#870=EDGE_LOOP('',(#1239,#1240,#1241,#1242));
#871=AXIS2_PLACEMENT_3D('',#1243,#1244,#1245);
#872=EDGE_LOOP('',(#1246,#1247,#1248,#1249));
#873=AXIS2_PLACEMENT_3D('',#1250,#1251,#1252);
#874=EDGE_LOOP('',(#1253,#1254,#1255,#1256));
#875=AXIS2_PLACEMENT_3D('',#1257,#1258,#1259);
#876=EDGE_LOOP('',(#1260,#1261,#1262,#1263));
#877=AXIS2_PLACEMENT_3D('',#1264,#1265,#1266);
#878=EDGE_LOOP('',(#1267,#1268,#1269,#1270));
#879=AXIS2_PLACEMENT_3D('',#1271,#1272,#1273);
#880=EDGE_LOOP('',(#1274,#1275,#1276,#1277));
#881=AXIS2_PLACEMENT_3D('',#1278,#1279,#1280);
#882=EDGE_LOOP('',(#1281,#1282,#1283,#1284));
#883=AXIS2_PLACEMENT_3D('',#1285,#1286,#1287);
#884=EDGE_LOOP('',(#1288,#1289,#1290,#1291));
#885=AXIS2_PLACEMENT_3D('',#1292,#1293,#1294);
#886=EDGE_LOOP('',(#1295,#1296,#1297,#1298));
#887=AXIS2_PLACEMENT_3D('',#1299,#1300,#1301);
#888=EDGE_LOOP('',(#1302,#1303,#1304,#1305));
#889=AXIS2_PLACEMENT_3D('',#1306,#1307,#1308);
#890=EDGE_LOOP('',(#1309,#1310,#1311,#1312));
#891=AXIS2_PLACEMENT_3D('',#1313,#1314,#1315);
#892=EDGE_LOOP('',(#1316,#1317,#1318,#1319));
#893=AXIS2_PLACEMENT_3D('',#1320,#1321,#1322);
#894=EDGE_LOOP('',(#1323,#1324,#1325,#1326));
#895=AXIS2_PLACEMENT_3D('',#1327,#1328,#1329);
#896=EDGE_LOOP('',(#1330,#1331,#1332,#1333));
#897=AXIS2_PLACEMENT_3D('',#1334,#1335,#1336);
#898=EDGE_LOOP('',(#1337,#1338,#1339,#1340));
#899=AXIS2_PLACEMENT_3D('',#1341,#1342,#1343);
#900=EDGE_LOOP('',(#1344,#1345,#1346,#1347));
#901=AXIS2_PLACEMENT_3D('',#1348,#1349,#1350);
#902=EDGE_LOOP('',(#1351,#1352,#1353,#1354));
#903=AXIS2_PLACEMENT_3D('',#1355,#1356,#1357);
#904=EDGE_LOOP('',(#1358,#1359,#1360,#1361));
#905=AXIS2_PLACEMENT_3D('',#1362,#1363,#1364);
#906=EDGE_LOOP('',(#1365,#1366,#1367,#1368));
#907=AXIS2_PLACEMENT_3D('',#1369,#1370,#1371);
#908=EDGE_LOOP('',(#1372,#1373,#1374,#1375));
#909=AXIS2_PLACEMENT_3D('',#1376,#1377,#1378);
#910=EDGE_LOOP('',(#1379,#1380,#1381,#1382));
#911=AXIS2_PLACEMENT_3D('',#1383,#1384,#1385);
#912=EDGE_LOOP('',(#1386,#1387,#1388,#1389));
#913=AXIS2_PLACEMENT_3D('',#1390,#1391,#1392);
#914=EDGE_LOOP('',(#1393,#1394,#1395,#1396));
#915=AXIS2_PLACEMENT_3D('',#1397,#1398,#1399);
#916=EDGE_LOOP('',(#1400,#1401,#1402,#1403));
#917=AXIS2_PLACEMENT_3D('',#1404,#1405,#1406);
#918=EDGE_LOOP('',(#1407,#1408,#1409,#1410));
#919=AXIS2_PLACEMENT_3D('',#1411,#1412,#1413);
#920=EDGE_LOOP('',(#1414,#1415,#1416,#1417,#1418,#1419,#1420,#1421,#1422));
#921=EDGE_LOOP('',(#1423,#1424,#1425,#1426,#1427,#1428,#1429,#1430,#1431,#1432,#1433,#1434,#1435,#1436,#1437,#1438,#1439,#1440,#1441,#1442,#1443,#1444,#1445,#1446,#1447,#1448,#1449));
#922=AXIS2_PLACEMENT_3D('',#1450,#1451,#1452);
#923=EDGE_LOOP('',(#1453,#1454,#1455,#1456,#1457,#1458,#1459,#1460,#1461));
#924=EDGE_LOOP('',(#1462,#1463,#1464,#1465,#1466,#1467,#1468,#1469,#1470,#1471,#1472,#1473,#1474,#1475,#1476,#1477,#1478,#1479,#1480,#1481,#1482,#1483,#1484,#1485,#1486,#1487,#1488));
#925=AXIS2_PLACEMENT_3D('',#1489,#1490,#1491);
#926=EDGE_LOOP('',(#1492,#1493,#1494,#1495));
#927=AXIS2_PLACEMENT_3D('',#1496,#1497,#1498);
#928=EDGE_LOOP('',(#1499,#1500,#1501,#1502));
#929=AXIS2_PLACEMENT_3D('',#1503,#1504,#1505);
#930=EDGE_LOOP('',(#1506,#1507,#1508,#1509));
#931=AXIS2_PLACEMENT_3D('',#1510,#1511,#1512);
#932=EDGE_LOOP('',(#1513,#1514,#1515,#1516));
#933=AXIS2_PLACEMENT_3D('',#1517,#1518,#1519);
#934=EDGE_LOOP('',(#1520,#1521,#1522,#1523));
#935=AXIS2_PLACEMENT_3D('',#1524,#1525,#1526);
#936=EDGE_LOOP('',(#1527,#1528,#1529,#1530));
#937=AXIS2_PLACEMENT_3D('',#1531,#1532,#1533);
#938=EDGE_LOOP('',(#1534,#1535,#1536,#1537));
#939=AXIS2_PLACEMENT_3D('',#1538,#1539,#1540);
#940=EDGE_LOOP('',(#1541,#1542,#1543,#1544));
#941=AXIS2_PLACEMENT_3D('',#1545,#1546,#1547);
#942=EDGE_LOOP('',(#1548,#1549,#1550,#1551));
#943=AXIS2_PLACEMENT_3D('',#1552,#1553,#1554);
#944=EDGE_LOOP('',(#1555,#1556,#1557,#1558));
#945=AXIS2_PLACEMENT_3D('',#1559,#1560,#1561);
#946=EDGE_LOOP('',(#1562,#1563,#1564,#1565));
#947=AXIS2_PLACEMENT_3D('',#1566,#1567,#1568);
#948=EDGE_LOOP('',(#1569,#1570,#1571,#1572));
#949=AXIS2_PLACEMENT_3D('',#1573,#1574,#1575);
#950=EDGE_LOOP('',(#1576,#1577,#1578,#1579,#1580,#1581,#1582,#1583,#1584,#1585,#1586,#1587));
#951=AXIS2_PLACEMENT_3D('',#1588,#1589,#1590);
#952=EDGE_LOOP('',(#1591,#1592,#1593,#1594,#1595,#1596,#1597,#1598,#1599,#1600,#1601,#1602));
#953=AXIS2_PLACEMENT_3D('',#1603,#1604,#1605);
#954=EDGE_LOOP('',(#1606,#1607,#1608,#1609));
#955=AXIS2_PLACEMENT_3D('',#1610,#1611,#1612);
#956=EDGE_LOOP('',(#1613,#1614,#1615,#1616));
#957=AXIS2_PLACEMENT_3D('',#1617,#1618,#1619);
#958=EDGE_LOOP('',(#1620,#1621,#1622,#1623));
#959=AXIS2_PLACEMENT_3D('',#1624,#1625,#1626);
#960=EDGE_LOOP('',(#1627,#1628,#1629,#1630));
#961=AXIS2_PLACEMENT_3D('',#1631,#1632,#1633);
#962=EDGE_LOOP('',(#1634,#1635,#1636,#1637));
#963=AXIS2_PLACEMENT_3D('',#1638,#1639,#1640);
#964=EDGE_LOOP('',(#1641,#1642,#1643,#1644));
#965=AXIS2_PLACEMENT_3D('',#1645,#1646,#1647);
#966=EDGE_LOOP('',(#1648,#1649,#1650,#1651));
#967=AXIS2_PLACEMENT_3D('',#1652,#1653,#1654);
#968=EDGE_LOOP('',(#1655,#1656,#1657,#1658));
#969=AXIS2_PLACEMENT_3D('',#1659,#1660,#1661);
#970=EDGE_LOOP('',(#1662,#1663,#1664,#1665));
#971=AXIS2_PLACEMENT_3D('',#1666,#1667,#1668);
#972=EDGE_LOOP('',(#1669,#1670,#1671,#1672));
#973=AXIS2_PLACEMENT_3D('',#1673,#1674,#1675);
#974=EDGE_LOOP('',(#1676,#1677,#1678,#1679));
#975=AXIS2_PLACEMENT_3D('',#1680,#1681,#1682);
#976=EDGE_LOOP('',(#1683,#1684,#1685,#1686));
#977=AXIS2_PLACEMENT_3D('',#1687,#1688,#1689);
#978=EDGE_LOOP('',(#1690,#1691,#1692,#1693));
#979=AXIS2_PLACEMENT_3D('',#1694,#1695,#1696);
#980=EDGE_LOOP('',(#1697,#1698,#1699,#1700));
#981=AXIS2_PLACEMENT_3D('',#1701,#1702,#1703);
#982=EDGE_LOOP('',(#1704,#1705,#1706,#1707));
#983=AXIS2_PLACEMENT_3D('',#1708,#1709,#1710);
#984=EDGE_LOOP('',(#1711,#1712,#1713,#1714));
#985=AXIS2_PLACEMENT_3D('',#1715,#1716,#1717);
#986=EDGE_LOOP('',(#1718,#1719,#1720,#1721));
#987=AXIS2_PLACEMENT_3D('',#1722,#1723,#1724);
#988=EDGE_LOOP('',(#1725,#1726,#1727,#1728));
#989=AXIS2_PLACEMENT_3D('',#1729,#1730,#1731);
#990=EDGE_LOOP('',(#1732,#1733,#1734,#1735));
#991=AXIS2_PLACEMENT_3D('',#1736,#1737,#1738);
#992=EDGE_LOOP('',(#1739,#1740,#1741,#1742));
#993=AXIS2_PLACEMENT_3D('',#1743,#1744,#1745);
#994=EDGE_LOOP('',(#1746,#1747,#1748,#1749));
#995=AXIS2_PLACEMENT_3D('',#1750,#1751,#1752);
#996=EDGE_LOOP('',(#1753,#1754,#1755,#1756));
#997=AXIS2_PLACEMENT_3D('',#1757,#1758,#1759);
#998=EDGE_LOOP('',(#1760,#1761,#1762,#1763));
#999=AXIS2_PLACEMENT_3D('',#1764,#1765,#1766);
#1000=EDGE_LOOP('',(#1767,#1768,#1769,#1770));
#1001=AXIS2_PLACEMENT_3D('',#1771,#1772,#1773);
#1002=EDGE_LOOP('',(#1774,#1775,#1776,#1777));
#1003=AXIS2_PLACEMENT_3D('',#1778,#1779,#1780);
#1004=EDGE_LOOP('',(#1781,#1782,#1783,#1784));
#1005=AXIS2_PLACEMENT_3D('',#1785,#1786,#1787);
#1006=EDGE_LOOP('',(#1788,#1789,#1790,#1791));
#1007=AXIS2_PLACEMENT_3D('',#1792,#1793,#1794);
#1008=EDGE_LOOP('',(#1795,#1796,#1797,#1798));
#1009=AXIS2_PLACEMENT_3D('',#1799,#1800,#1801);
#1010=EDGE_LOOP('',(#1802,#1803,#1804,#1805));
#1011=AXIS2_PLACEMENT_3D('',#1806,#1807,#1808);
#1012=EDGE_LOOP('',(#1809,#1810,#1811,#1812));
#1013=AXIS2_PLACEMENT_3D('',#1813,#1814,#1815);
#1014=EDGE_LOOP('',(#1816,#1817,#1818,#1819));
#1015=AXIS2_PLACEMENT_3D('',#1820,#1821,#1822);
#1016=EDGE_LOOP('',(#1823,#1824,#1825,#1826));
#1017=AXIS2_PLACEMENT_3D('',#1827,#1828,#1829);
#1018=EDGE_LOOP('',(#1830,#1831,#1832,#1833));
#1019=AXIS2_PLACEMENT_3D('',#1834,#1835,#1836);
#1020=EDGE_LOOP('',(#1837,#1838,#1839,#1840));
#1021=AXIS2_PLACEMENT_3D('',#1841,#1842,#1843);
#1022=EDGE_LOOP('',(#1844,#1845,#1846,#1847));
#1023=AXIS2_PLACEMENT_3D('',#1848,#1849,#1850);
#1024=EDGE_LOOP('',(#1851,#1852,#1853,#1854));
#1025=AXIS2_PLACEMENT_3D('',#1855,#1856,#1857);
#1026=EDGE_LOOP('',(#1858,#1859,#1860,#1861));
#1027=AXIS2_PLACEMENT_3D('',#1862,#1863,#1864);
#1028=EDGE_LOOP('',(#1865,#1866,#1867,#1868));
#1029=AXIS2_PLACEMENT_3D('',#1869,#1870,#1871);
#1030=EDGE_LOOP('',(#1872,#1873,#1874,#1875,#1876,#1877,#1878,#1879,#1880,#1881,#1882,#1883,#1884,#1885));
#1031=EDGE_LOOP('',(#1886,#1887,#1888,#1889,#1890,#1891,#1892,#1893,#1894,#1895,#1896,#1897,#1898,#1899,#1900,#1901,#1902,#1903,#1904,#1905,#1906,#1907,#1908,#1909));
#1032=AXIS2_PLACEMENT_3D('',#1910,#1911,#1912);
#1033=EDGE_LOOP('',(#1913,#1914,#1915,#1916,#1917,#1918,#1919,#1920,#1921,#1922,#1923,#1924,#1925,#1926));
#1034=EDGE_LOOP('',(#1927,#1928,#1929,#1930,#1931,#1932,#1933,#1934,#1935,#1936,#1937,#1938,#1939,#1940,#1941,#1942,#1943,#1944,#1945,#1946,#1947,#1948,#1949,#1950));
#1035=AXIS2_PLACEMENT_3D('',#1951,#1952,#1953);
#1036=EDGE_LOOP('',(#1954,#1955,#1956,#1957));
#1037=AXIS2_PLACEMENT_3D('',#1958,#1959,#1960);
#1038=EDGE_LOOP('',(#1961,#1962,#1963,#1964));
#1039=AXIS2_PLACEMENT_3D('',#1965,#1966,#1967);
#1040=EDGE_LOOP('',(#1968,#1969,#1970,#1971));
#1041=AXIS2_PLACEMENT_3D('',#1972,#1973,#1974);
#1042=EDGE_LOOP('',(#1975,#1976,#1977,#1978));
#1043=AXIS2_PLACEMENT_3D('',#1979,#1980,#1981);
#1044=EDGE_LOOP('',(#1982,#1983,#1984,#1985));
#1045=AXIS2_PLACEMENT_3D('',#1986,#1987,#1988);
#1046=EDGE_LOOP('',(#1989,#1990,#1991,#1992));
#1047=AXIS2_PLACEMENT_3D('',#1993,#1994,#1995);
#1048=EDGE_LOOP('',(#1996,#1997,#1998,#1999));
#1049=AXIS2_PLACEMENT_3D('',#2000,#2001,#2002);
#1050=EDGE_LOOP('',(#2003,#2004,#2005,#2006));
#1051=AXIS2_PLACEMENT_3D('',#2007,#2008,#2009);
#1052=EDGE_LOOP('',(#2010,#2011,#2012));
#1053=EDGE_LOOP('',(#2013,#2014,#2015,#2016,#2017));
#1054=AXIS2_PLACEMENT_3D('',#2018,#2019,#2020);
#1055=EDGE_LOOP('',(#2021,#2022,#2023));
#1056=EDGE_LOOP('',(#2024,#2025,#2026,#2027,#2028));
#1057=AXIS2_PLACEMENT_3D('',#2029,#2030,#2031);
#1058=EDGE_LOOP('',(#2032,#2033,#2034,#2035));
#1059=AXIS2_PLACEMENT_3D('',#2036,#2037,#2038);
#1060=EDGE_LOOP('',(#2039,#2040,#2041,#2042));
#1061=AXIS2_PLACEMENT_3D('',#2043,#2044,#2045);
#1062=EDGE_LOOP('',(#2046,#2047,#2048,#2049));
#1063=AXIS2_PLACEMENT_3D('',#2050,#2051,#2052);
#1064=EDGE_LOOP('',(#2053,#2054,#2055,#2056));
#1065=AXIS2_PLACEMENT_3D('',#2057,#2058,#2059);
#1066=EDGE_LOOP('',(#2060,#2061,#2062,#2063));
#1067=AXIS2_PLACEMENT_3D('',#2064,#2065,#2066);
#1068=EDGE_LOOP('',(#2067,#2068,#2069,#2070));
#1069=AXIS2_PLACEMENT_3D('',#2071,#2072,#2073);
#1070=EDGE_LOOP('',(#2074,#2075,#2076,#2077));
#1071=AXIS2_PLACEMENT_3D('',#2078,#2079,#2080);
#1072=EDGE_LOOP('',(#2081,#2082,#2083,#2084));
#1073=AXIS2_PLACEMENT_3D('',#2085,#2086,#2087);
#1074=EDGE_LOOP('',(#2088,#2089,#2090,#2091));
#1075=AXIS2_PLACEMENT_3D('',#2092,#2093,#2094);
#1076=EDGE_LOOP('',(#2095,#2096,#2097,#2098));
#1077=AXIS2_PLACEMENT_3D('',#2099,#2100,#2101);
#1078=EDGE_LOOP('',(#2102,#2103,#2104,#2105));
#1079=AXIS2_PLACEMENT_3D('',#2106,#2107,#2108);
#1080=EDGE_LOOP('',(#2109,#2110,#2111,#2112));
#1081=AXIS2_PLACEMENT_3D('',#2113,#2114,#2115);
#1082=EDGE_LOOP('',(#2116,#2117,#2118,#2119,#2120,#2121,#2122,#2123,#2124,#2125,#2126,#2127));
#1083=AXIS2_PLACEMENT_3D('',#2128,#2129,#2130);
#1084=EDGE_LOOP('',(#2131,#2132,#2133,#2134,#2135,#2136,#2137,#2138,#2139,#2140,#2141,#2142));
#1085=AXIS2_PLACEMENT_3D('',#2143,#2144,#2145);
#1086=EDGE_LOOP('',(#2146,#2147,#2148,#2149));
#1087=AXIS2_PLACEMENT_3D('',#2150,#2151,#2152);
#1088=EDGE_LOOP('',(#2153,#2154,#2155,#2156));
#1089=AXIS2_PLACEMENT_3D('',#2157,#2158,#2159);
#1090=EDGE_LOOP('',(#2160,#2161,#2162,#2163));
#1091=AXIS2_PLACEMENT_3D('',#2164,#2165,#2166);
#1092=EDGE_LOOP('',(#2167,#2168,#2169,#2170));
#1093=AXIS2_PLACEMENT_3D('',#2171,#2172,#2173);
#1094=EDGE_LOOP('',(#2174,#2175));
#1095=EDGE_LOOP('',(#2176,#2177));
#1096=AXIS2_PLACEMENT_3D('',#2178,#2179,#2180);
#1097=EDGE_LOOP('',(#2181,#2182));
#1098=EDGE_LOOP('',(#2183,#2184));
#1099=AXIS2_PLACEMENT_3D('',#2185,#2186,#2187);
#1100=EDGE_CURVE('',#2188,#2189,#2190,.T.);
#1101=EDGE_CURVE('',#2188,#2191,#2192,.T.);
#1102=EDGE_CURVE('',#2193,#2191,#2194,.T.);
#1103=EDGE_CURVE('',#2189,#2193,#2195,.T.);
#1104=EDGE_CURVE('',#2196,#2188,#2197,.T.);
#1105=EDGE_CURVE('',#2196,#2198,#2199,.T.);
#1106=EDGE_CURVE('',#2191,#2198,#2200,.T.);
#1107=EDGE_CURVE('',#2201,#2202,#2203,.T.);
#1108=EDGE_CURVE('',#2201,#2204,#2205,.T.);
#1109=EDGE_CURVE('',#2206,#2204,#2207,.T.);
#1110=EDGE_CURVE('',#2202,#2206,#2208,.T.);
#1111=EDGE_CURVE('',#2209,#2204,#2210,.T.);
#1112=EDGE_CURVE('',#2209,#2211,#2212,.T.);
#1113=EDGE_CURVE('',#2201,#2211,#2213,.T.);
#1114=EDGE_CURVE('',#2204,#2201,#2214,.T.);
#1115=EDGE_CURVE('',#2215,#2216,#2217,.T.);
#1116=EDGE_CURVE('',#2215,#2218,#2219,.T.);
#1117=EDGE_CURVE('',#2220,#2218,#2221,.T.);
#1118=EDGE_CURVE('',#2216,#2220,#2222,.T.);
#1119=EDGE_CURVE('',#2223,#2224,#2225,.T.);
#1120=EDGE_CURVE('',#2223,#2226,#2227,.T.);
#1121=EDGE_CURVE('',#2228,#2226,#2229,.T.);
#1122=EDGE_CURVE('',#2224,#2228,#2230,.T.);
#1123=EDGE_CURVE('',#2231,#2232,#2233,.T.);
#1124=EDGE_CURVE('',#2231,#2234,#2235,.T.);
#1125=EDGE_CURVE('',#2236,#2234,#2237,.T.);
#1126=EDGE_CURVE('',#2232,#2236,#2238,.T.);
#1127=EDGE_CURVE('',#2239,#2240,#2241,.T.);
#1128=EDGE_CURVE('',#2239,#2242,#2243,.T.);
#1129=EDGE_CURVE('',#2244,#2242,#2245,.T.);
#1130=EDGE_CURVE('',#2240,#2244,#2246,.T.);
#1131=EDGE_CURVE('',#2247,#2239,#2248,.T.);
#1132=EDGE_CURVE('',#2247,#2249,#2250,.T.);
#1133=EDGE_CURVE('',#2242,#2249,#2251,.T.);
#1134=EDGE_CURVE('',#2252,#2253,#2254,.T.);
#1135=EDGE_CURVE('',#2255,#2252,#2256,.T.);
#1136=EDGE_CURVE('',#2257,#2255,#2258,.T.);
#1137=EDGE_CURVE('',#2257,#2253,#2259,.T.);
#1138=EDGE_CURVE('',#2253,#2260,#2261,.T.);
#1139=EDGE_CURVE('',#2262,#2257,#2263,.T.);
#1140=EDGE_CURVE('',#2262,#2260,#2264,.T.);
#1141=EDGE_CURVE('',#2260,#2265,#2266,.T.);
#1142=EDGE_CURVE('',#2267,#2262,#2268,.T.);
#1143=EDGE_CURVE('',#2265,#2267,#2269,.T.);
#1144=EDGE_CURVE('',#2267,#2265,#2270,.T.);
#1145=EDGE_CURVE('',#2260,#2262,#2271,.T.);
#1146=EDGE_CURVE('',#2253,#2257,#2272,.T.);
#1147=EDGE_CURVE('',#2252,#2255,#2273,.T.);
#1148=EDGE_CURVE('',#2249,#2247,#2274,.T.);
#1149=EDGE_CURVE('',#2242,#2239,#2275,.T.);
#1150=EDGE_CURVE('',#2244,#2240,#2276,.T.);
#1151=EDGE_CURVE('',#2234,#2231,#2277,.T.);
#1152=EDGE_CURVE('',#2236,#2232,#2278,.T.);
#1153=EDGE_CURVE('',#2226,#2223,#2279,.T.);
#1154=EDGE_CURVE('',#2228,#2224,#2280,.T.);
#1155=EDGE_CURVE('',#2218,#2215,#2281,.T.);
#1156=EDGE_CURVE('',#2220,#2216,#2282,.T.);
#1157=EDGE_CURVE('',#2211,#2209,#2283,.T.);
#1158=EDGE_CURVE('',#2206,#2202,#2284,.T.);
#1159=EDGE_CURVE('',#2198,#2196,#2285,.T.);
#1160=EDGE_CURVE('',#2191,#2188,#2286,.T.);
#1161=EDGE_CURVE('',#2193,#2189,#2287,.T.);
#1162=ORIENTED_EDGE('',*,*,#2288,.T.);
#1163=ORIENTED_EDGE('',*,*,#2289,.F.);
#1164=ORIENTED_EDGE('',*,*,#2290,.T.);
#1165=ORIENTED_EDGE('',*,*,#2291,.T.);
#1166=CARTESIAN_POINT('',(1.71,0.614498369998275,2.37833656638891));
#1167=DIRECTION('',(0.0,-1.0,0.0));
#1168=DIRECTION('',(0.0,0.0,-1.0));
#1169=ORIENTED_EDGE('',*,*,#2292,.T.);
#1170=ORIENTED_EDGE('',*,*,#2293,.F.);
#1171=ORIENTED_EDGE('',*,*,#2294,.T.);
#1172=ORIENTED_EDGE('',*,*,#2289,.T.);
#1173=CARTESIAN_POINT('',(1.71,0.617270927558538,2.38653009470133));
#1174=DIRECTION('',(0.0,-0.108985474873041,0.994043342247559));
#1175=DIRECTION('',(0.0,-0.994043342247559,-0.108985474873041));
#1176=ORIENTED_EDGE('',*,*,#2295,.T.);
#1177=ORIENTED_EDGE('',*,*,#2296,.F.);
#1178=ORIENTED_EDGE('',*,*,#2297,.T.);
#1179=ORIENTED_EDGE('',*,*,#2293,.T.);
#1180=CARTESIAN_POINT('',(1.71,0.622579577215504,2.38679907416613));
#1181=DIRECTION('',(0.0,0.0,1.0));
#1182=DIRECTION('',(0.0,-1.0,0.0));
#1183=ORIENTED_EDGE('',*,*,#2298,.T.);
#1184=ORIENTED_EDGE('',*,*,#2299,.F.);
#1185=ORIENTED_EDGE('',*,*,#2300,.T.);
#1186=ORIENTED_EDGE('',*,*,#2296,.T.);
#1187=CARTESIAN_POINT('',(1.71,0.626977834837757,2.38566403994103));
#1188=DIRECTION('',(0.0,0.324843336709855,0.945767839691754));
#1189=DIRECTION('',(0.0,-0.945767839691754,0.324843336709855));
#1190=ORIENTED_EDGE('',*,*,#2301,.T.);
#1191=ORIENTED_EDGE('',*,*,#2302,.F.);
#1192=ORIENTED_EDGE('',*,*,#2303,.T.);
#1193=ORIENTED_EDGE('',*,*,#2299,.T.);
#1194=CARTESIAN_POINT('',(1.71,0.631707144108996,2.38226484890233));
#1195=DIRECTION('',(0.0,0.84638042175658,0.532578803246198));
#1196=DIRECTION('',(0.0,-0.532578803246198,0.84638042175658));
#1197=ORIENTED_EDGE('',*,*,#2304,.T.);
#1198=ORIENTED_EDGE('',*,*,#2305,.F.);
#1199=ORIENTED_EDGE('',*,*,#2306,.T.);
#1200=ORIENTED_EDGE('',*,*,#2302,.T.);
#1201=CARTESIAN_POINT('',(1.71,0.633131848526956,2.37774244691171));
#1202=DIRECTION('',(0.0,1.0,0.0));
#1203=DIRECTION('',(0.0,0.0,1.0));
#1204=ORIENTED_EDGE('',*,*,#2307,.T.);
#1205=ORIENTED_EDGE('',*,*,#2308,.F.);
#1206=ORIENTED_EDGE('',*,*,#2309,.T.);
#1207=ORIENTED_EDGE('',*,*,#2305,.T.);
#1208=CARTESIAN_POINT('',(1.71,0.631272638819701,2.37469499825005));
#1209=DIRECTION('',(0.0,0.777244870707482,-0.629198228667968));
#1210=DIRECTION('',(0.0,0.629198228667968,0.777244870707482));
#1211=ORIENTED_EDGE('',*,*,#2310,.T.);
#1212=ORIENTED_EDGE('',*,*,#2311,.F.);
#1213=ORIENTED_EDGE('',*,*,#2312,.T.);
#1214=ORIENTED_EDGE('',*,*,#2308,.T.);
#1215=CARTESIAN_POINT('',(1.71,0.626046752074982,2.37145542139925));
#1216=DIRECTION('',(0.0,0.269692642416987,-0.962946456780512));
#1217=DIRECTION('',(0.0,0.962946456780512,0.269692642416987));
#1218=ORIENTED_EDGE('',*,*,#2313,.T.);
#1219=ORIENTED_EDGE('',*,*,#2291,.F.);
#1220=ORIENTED_EDGE('',*,*,#2314,.T.);
#1221=ORIENTED_EDGE('',*,*,#2311,.T.);
#1222=CARTESIAN_POINT('',(1.71,0.61748079065745,2.3705125153633));
#1223=DIRECTION('',(0.0,0.0,-1.0));
#1224=DIRECTION('',(0.0,1.0,0.0));
#1225=ORIENTED_EDGE('',*,*,#2315,.F.);
#1226=ORIENTED_EDGE('',*,*,#2316,.F.);
#1227=ORIENTED_EDGE('',*,*,#2317,.F.);
#1228=ORIENTED_EDGE('',*,*,#2318,.T.);
#1229=CARTESIAN_POINT('',(1.71,0.601510504412134,2.36701282650258));
#1230=DIRECTION('',(0.0,-1.0,0.0));
#1231=DIRECTION('',(0.0,0.0,-1.0));
#1232=ORIENTED_EDGE('',*,*,#2319,.F.);
#1233=ORIENTED_EDGE('',*,*,#2318,.F.);
#1234=ORIENTED_EDGE('',*,*,#2320,.F.);
#1235=ORIENTED_EDGE('',*,*,#2321,.T.);
#1236=CARTESIAN_POINT('',(1.71,0.602134182072279,2.39427433863298));
#1237=DIRECTION('',(0.0,-0.199687052982628,0.979859725099013));
#1238=DIRECTION('',(0.0,-0.979859725099013,-0.199687052982628));
#1239=ORIENTED_EDGE('',*,*,#2322,.F.);
#1240=ORIENTED_EDGE('',*,*,#2321,.F.);
#1241=ORIENTED_EDGE('',*,*,#2323,.F.);
#1242=ORIENTED_EDGE('',*,*,#2324,.T.);
#1243=CARTESIAN_POINT('',(1.71,0.610153317105323,2.39527044939824));
#1244=DIRECTION('',(0.0,-0.116703059349313,0.993166852013553));
#1245=DIRECTION('',(0.0,-0.993166852013553,-0.116703059349313));
#1246=ORIENTED_EDGE('',*,*,#2325,.F.);
#1247=ORIENTED_EDGE('',*,*,#2324,.F.);
#1248=ORIENTED_EDGE('',*,*,#2326,.F.);
#1249=ORIENTED_EDGE('',*,*,#2327,.T.);
#1250=CARTESIAN_POINT('',(1.71,0.623956988540753,2.39613945997683));
#1251=DIRECTION('',(0.0,0.0,1.0));
#1252=DIRECTION('',(0.0,-1.0,0.0));
#1253=ORIENTED_EDGE('',*,*,#2328,.F.);
#1254=ORIENTED_EDGE('',*,*,#2327,.F.);
#1255=ORIENTED_EDGE('',*,*,#2329,.F.);
#1256=ORIENTED_EDGE('',*,*,#2330,.T.);
#1257=CARTESIAN_POINT('',(1.71,0.629877492584686,2.3955601195911));
#1258=DIRECTION('',(0.0,0.129310979094372,0.991604089687843));
#1259=DIRECTION('',(0.0,-0.991604089687842,0.129310979094372));
#1260=ORIENTED_EDGE('',*,*,#2331,.F.);
#1261=ORIENTED_EDGE('',*,*,#2330,.F.);
#1262=ORIENTED_EDGE('',*,*,#2332,.F.);
#1263=ORIENTED_EDGE('',*,*,#2333,.T.);
#1264=CARTESIAN_POINT('',(1.71,0.637367536143011,2.39372751224849));
#1265=DIRECTION('',(0.0,0.380343713305985,0.924845208534171));
#1266=DIRECTION('',(0.0,-0.924845208534171,0.380343713305985));
#1267=ORIENTED_EDGE('',*,*,#2334,.F.);
#1268=ORIENTED_EDGE('',*,*,#2333,.F.);
#1269=ORIENTED_EDGE('',*,*,#2335,.F.);
#1270=ORIENTED_EDGE('',*,*,#2336,.T.);
#1271=CARTESIAN_POINT('',(1.71,0.640926341369618,2.39213728200604));
#1272=DIRECTION('',(0.0,0.550236884445134,0.835008605342551));
#1273=DIRECTION('',(0.0,-0.835008605342551,0.550236884445134));
#1274=ORIENTED_EDGE('',*,*,#2337,.F.);
#1275=ORIENTED_EDGE('',*,*,#2336,.F.);
#1276=ORIENTED_EDGE('',*,*,#2338,.F.);
#1277=ORIENTED_EDGE('',*,*,#2339,.T.);
#1278=CARTESIAN_POINT('',(1.71,0.64445558841328,2.38708874435899));
#1279=DIRECTION('',(0.0,0.875951574441568,0.482399045638917));
#1280=DIRECTION('',(0.0,-0.482399045638917,0.875951574441568));
#1281=ORIENTED_EDGE('',*,*,#2340,.F.);
#1282=ORIENTED_EDGE('',*,*,#2339,.F.);
#1283=ORIENTED_EDGE('',*,*,#2341,.F.);
#1284=ORIENTED_EDGE('',*,*,#2342,.T.);
#1285=CARTESIAN_POINT('',(1.71,0.646734524318358,2.3791494164199));
#1286=DIRECTION('',(0.0,1.0,0.0));
#1287=DIRECTION('',(0.0,0.0,1.0));
#1288=ORIENTED_EDGE('',*,*,#2343,.F.);
#1289=ORIENTED_EDGE('',*,*,#2342,.F.);
#1290=ORIENTED_EDGE('',*,*,#2344,.F.);
#1291=ORIENTED_EDGE('',*,*,#2345,.T.);
#1292=CARTESIAN_POINT('',(1.71,0.645162028985671,2.37510881281128));
#1293=DIRECTION('',(0.0,0.887570978882303,-0.460670986112551));
#1294=DIRECTION('',(0.0,0.460670986112551,0.887570978882303));
#1295=ORIENTED_EDGE('',*,*,#2346,.F.);
#1296=ORIENTED_EDGE('',*,*,#2345,.F.);
#1297=ORIENTED_EDGE('',*,*,#2347,.F.);
#1298=ORIENTED_EDGE('',*,*,#2348,.T.);
#1299=CARTESIAN_POINT('',(1.71,0.640349956802185,2.36988292606657));
#1300=DIRECTION('',(0.0,0.561131994829626,-0.827726334230417));
#1301=DIRECTION('',(0.0,0.827726334230417,0.561131994829626));
#1302=ORIENTED_EDGE('',*,*,#2349,.F.);
#1303=ORIENTED_EDGE('',*,*,#2348,.F.);
#1304=ORIENTED_EDGE('',*,*,#2350,.F.);
#1305=ORIENTED_EDGE('',*,*,#2351,.T.);
#1306=CARTESIAN_POINT('',(1.71,0.636276839192331,2.36742959688211));
#1307=DIRECTION('',(0.0,0.294800100589495,-0.955558946738726));
#1308=DIRECTION('',(0.0,0.955558946738726,0.294800100589495));
#1309=ORIENTED_EDGE('',*,*,#2352,.F.);
#1310=ORIENTED_EDGE('',*,*,#2351,.F.);
#1311=ORIENTED_EDGE('',*,*,#2353,.F.);
#1312=ORIENTED_EDGE('',*,*,#2354,.T.);
#1313=CARTESIAN_POINT('',(1.71,0.636102445912954,2.36630934174849));
#1314=DIRECTION('',(0.0,0.275859506370788,0.961197967509745));
#1315=DIRECTION('',(0.0,-0.961197967509745,0.275859506370788));
#1316=ORIENTED_EDGE('',*,*,#2355,.F.);
#1317=ORIENTED_EDGE('',*,*,#2354,.F.);
#1318=ORIENTED_EDGE('',*,*,#2356,.F.);
#1319=ORIENTED_EDGE('',*,*,#2357,.T.);
#1320=CARTESIAN_POINT('',(1.71,0.6408820040952,2.36058392171199));
#1321=DIRECTION('',(0.0,0.802204597495598,0.597049230597382));
#1322=DIRECTION('',(0.0,-0.597049230597382,0.802204597495598));
#1323=ORIENTED_EDGE('',*,*,#2358,.F.);
#1324=ORIENTED_EDGE('',*,*,#2357,.F.);
#1325=ORIENTED_EDGE('',*,*,#2359,.F.);
#1326=ORIENTED_EDGE('',*,*,#2360,.T.);
#1327=CARTESIAN_POINT('',(1.71,0.645206366260089,2.35413432619334));
#1328=DIRECTION('',(0.0,0.975963594633528,0.217933618218949));
#1329=DIRECTION('',(0.0,-0.217933618218949,0.975963594633528));
#1330=ORIENTED_EDGE('',*,*,#2361,.F.);
#1331=ORIENTED_EDGE('',*,*,#2360,.F.);
#1332=ORIENTED_EDGE('',*,*,#2362,.F.);
#1333=ORIENTED_EDGE('',*,*,#2363,.T.);
#1334=CARTESIAN_POINT('',(1.71,0.645620180821322,2.35217757448236));
#1335=DIRECTION('',(0.0,0.980366459891685,0.197184188817067));
#1336=DIRECTION('',(0.0,-0.197184188817067,0.980366459891685));
#1337=ORIENTED_EDGE('',*,*,#2364,.F.);
#1338=ORIENTED_EDGE('',*,*,#2363,.F.);
#1339=ORIENTED_EDGE('',*,*,#2365,.F.);
#1340=ORIENTED_EDGE('',*,*,#2366,.T.);
#1341=CARTESIAN_POINT('',(1.71,0.646681319589057,2.34760787939903));
#1342=DIRECTION('',(0.0,0.972075799543497,0.234667083209108));
#1343=DIRECTION('',(0.0,-0.234667083209108,0.972075799543497));
#1344=ORIENTED_EDGE('',*,*,#2367,.F.);
#1345=ORIENTED_EDGE('',*,*,#2366,.F.);
#1346=ORIENTED_EDGE('',*,*,#2368,.F.);
#1347=ORIENTED_EDGE('',*,*,#2369,.T.);
#1348=CARTESIAN_POINT('',(1.71,0.648318842924223,2.34220464355664));
#1349=DIRECTION('',(0.0,0.92234470486329,0.386368018100166));
#1350=DIRECTION('',(0.0,-0.386368018100166,0.92234470486329));
#1351=ORIENTED_EDGE('',*,*,#2370,.F.);
#1352=ORIENTED_EDGE('',*,*,#2369,.F.);
#1353=ORIENTED_EDGE('',*,*,#2371,.F.);
#1354=ORIENTED_EDGE('',*,*,#2372,.T.);
#1355=CARTESIAN_POINT('',(1.71,0.642628892707263,2.33987841455885));
#1356=DIRECTION('',(0.0,0.0,-1.0));
#1357=DIRECTION('',(0.0,1.0,0.0));
#1358=ORIENTED_EDGE('',*,*,#2373,.F.);
#1359=ORIENTED_EDGE('',*,*,#2372,.F.);
#1360=ORIENTED_EDGE('',*,*,#2374,.F.);
#1361=ORIENTED_EDGE('',*,*,#2375,.T.);
#1362=CARTESIAN_POINT('',(1.71,0.633613646908964,2.34584621169549));
#1363=DIRECTION('',(0.0,-0.951431191532465,-0.307861474983658));
#1364=DIRECTION('',(0.0,0.307861474983658,-0.951431191532465));
#1365=ORIENTED_EDGE('',*,*,#2376,.F.);
#1366=ORIENTED_EDGE('',*,*,#2375,.F.);
#1367=ORIENTED_EDGE('',*,*,#2377,.F.);
#1368=ORIENTED_EDGE('',*,*,#2378,.T.);
#1369=CARTESIAN_POINT('',(1.71,0.631639160288222,2.35208298829694));
#1370=DIRECTION('',(0.0,-0.965931781999799,-0.258796817064455));
#1371=DIRECTION('',(0.0,0.258796817064455,-0.965931781999799));
#1372=ORIENTED_EDGE('',*,*,#2379,.F.);
#1373=ORIENTED_EDGE('',*,*,#2378,.F.);
#1374=ORIENTED_EDGE('',*,*,#2380,.F.);
#1375=ORIENTED_EDGE('',*,*,#2381,.T.);
#1376=CARTESIAN_POINT('',(1.71,0.631302197002646,2.35362296962839));
#1377=DIRECTION('',(0.0,-0.986184900969614,-0.165648245084433));
#1378=DIRECTION('',(0.0,0.165648245084433,-0.986184900969614));
#1379=ORIENTED_EDGE('',*,*,#2382,.F.);
#1380=ORIENTED_EDGE('',*,*,#2381,.F.);
#1381=ORIENTED_EDGE('',*,*,#2383,.F.);
#1382=ORIENTED_EDGE('',*,*,#2384,.T.);
#1383=CARTESIAN_POINT('',(1.71,0.629602601483294,2.35692757448166));
#1384=DIRECTION('',(0.0,-0.85097968807447,-0.52519860099269));
#1385=DIRECTION('',(0.0,0.52519860099269,-0.85097968807447));
#1386=ORIENTED_EDGE('',*,*,#2385,.F.);
#1387=ORIENTED_EDGE('',*,*,#2384,.F.);
#1388=ORIENTED_EDGE('',*,*,#2386,.F.);
#1389=ORIENTED_EDGE('',*,*,#2387,.T.);
#1390=CARTESIAN_POINT('',(1.71,0.6250654204012,2.36050115879974));
#1391=DIRECTION('',(0.0,-0.326948751947866,-0.945042069751253));
#1392=DIRECTION('',(0.0,0.945042069751253,-0.326948751947866));
#1393=ORIENTED_EDGE('',*,*,#2388,.F.);
#1394=ORIENTED_EDGE('',*,*,#2387,.F.);
#1395=ORIENTED_EDGE('',*,*,#2389,.F.);
#1396=ORIENTED_EDGE('',*,*,#2390,.T.);
#1397=CARTESIAN_POINT('',(1.71,0.617158606463347,2.36152682774794));
#1398=DIRECTION('',(0.0,0.0,-1.0));
#1399=DIRECTION('',(0.0,1.0,0.0));
#1400=ORIENTED_EDGE('',*,*,#2391,.F.);
#1401=ORIENTED_EDGE('',*,*,#2390,.F.);
#1402=ORIENTED_EDGE('',*,*,#2392,.F.);
#1403=ORIENTED_EDGE('',*,*,#2393,.T.);
#1404=CARTESIAN_POINT('',(1.71,0.614179141622466,2.3507026211534));
#1405=DIRECTION('',(0.0,1.0,0.0));
#1406=DIRECTION('',(0.0,0.0,1.0));
#1407=ORIENTED_EDGE('',*,*,#2394,.F.);
#1408=ORIENTED_EDGE('',*,*,#2393,.F.);
#1409=ORIENTED_EDGE('',*,*,#2395,.F.);
#1410=ORIENTED_EDGE('',*,*,#2316,.T.);
#1411=CARTESIAN_POINT('',(1.71,0.6078448230173,2.33987841455885));
#1412=DIRECTION('',(0.0,0.0,-1.0));
#1413=DIRECTION('',(0.0,1.0,0.0));
#1414=ORIENTED_EDGE('',*,*,#2290,.F.);
#1415=ORIENTED_EDGE('',*,*,#2294,.F.);
#1416=ORIENTED_EDGE('',*,*,#2297,.F.);
#1417=ORIENTED_EDGE('',*,*,#2300,.F.);
#1418=ORIENTED_EDGE('',*,*,#2303,.F.);
#1419=ORIENTED_EDGE('',*,*,#2306,.F.);
#1420=ORIENTED_EDGE('',*,*,#2309,.F.);
#1421=ORIENTED_EDGE('',*,*,#2312,.F.);
#1422=ORIENTED_EDGE('',*,*,#2314,.F.);
#1423=ORIENTED_EDGE('',*,*,#2395,.T.);
#1424=ORIENTED_EDGE('',*,*,#2392,.T.);
#1425=ORIENTED_EDGE('',*,*,#2389,.T.);
#1426=ORIENTED_EDGE('',*,*,#2386,.T.);
#1427=ORIENTED_EDGE('',*,*,#2383,.T.);
#1428=ORIENTED_EDGE('',*,*,#2380,.T.);
#1429=ORIENTED_EDGE('',*,*,#2377,.T.);
#1430=ORIENTED_EDGE('',*,*,#2374,.T.);
#1431=ORIENTED_EDGE('',*,*,#2371,.T.);
#1432=ORIENTED_EDGE('',*,*,#2368,.T.);
#1433=ORIENTED_EDGE('',*,*,#2365,.T.);
#1434=ORIENTED_EDGE('',*,*,#2362,.T.);
#1435=ORIENTED_EDGE('',*,*,#2359,.T.);
#1436=ORIENTED_EDGE('',*,*,#2356,.T.);
#1437=ORIENTED_EDGE('',*,*,#2353,.T.);
#1438=ORIENTED_EDGE('',*,*,#2350,.T.);
#1439=ORIENTED_EDGE('',*,*,#2347,.T.);
#1440=ORIENTED_EDGE('',*,*,#2344,.T.);
#1441=ORIENTED_EDGE('',*,*,#2341,.T.);
#1442=ORIENTED_EDGE('',*,*,#2338,.T.);
#1443=ORIENTED_EDGE('',*,*,#2335,.T.);
#1444=ORIENTED_EDGE('',*,*,#2332,.T.);
#1445=ORIENTED_EDGE('',*,*,#2329,.T.);
#1446=ORIENTED_EDGE('',*,*,#2326,.T.);
#1447=ORIENTED_EDGE('',*,*,#2323,.T.);
#1448=ORIENTED_EDGE('',*,*,#2320,.T.);
#1449=ORIENTED_EDGE('',*,*,#2317,.T.);
#1450=CARTESIAN_POINT('',(1.71,0.623561651458753,2.36529243579548));
#1451=DIRECTION('',(1.0,0.0,0.0));
#1452=DIRECTION('',(0.0,1.0,0.0));
#1453=ORIENTED_EDGE('',*,*,#2288,.F.);
#1454=ORIENTED_EDGE('',*,*,#2313,.F.);
#1455=ORIENTED_EDGE('',*,*,#2310,.F.);
#1456=ORIENTED_EDGE('',*,*,#2307,.F.);
#1457=ORIENTED_EDGE('',*,*,#2304,.F.);
#1458=ORIENTED_EDGE('',*,*,#2301,.F.);
#1459=ORIENTED_EDGE('',*,*,#2298,.F.);
#1460=ORIENTED_EDGE('',*,*,#2295,.F.);
#1461=ORIENTED_EDGE('',*,*,#2292,.F.);
#1462=ORIENTED_EDGE('',*,*,#2315,.T.);
#1463=ORIENTED_EDGE('',*,*,#2319,.T.);
#1464=ORIENTED_EDGE('',*,*,#2322,.T.);
#1465=ORIENTED_EDGE('',*,*,#2325,.T.);
#1466=ORIENTED_EDGE('',*,*,#2328,.T.);
#1467=ORIENTED_EDGE('',*,*,#2331,.T.);
#1468=ORIENTED_EDGE('',*,*,#2334,.T.);
#1469=ORIENTED_EDGE('',*,*,#2337,.T.);
#1470=ORIENTED_EDGE('',*,*,#2340,.T.);
#1471=ORIENTED_EDGE('',*,*,#2343,.T.);
#1472=ORIENTED_EDGE('',*,*,#2346,.T.);
#1473=ORIENTED_EDGE('',*,*,#2349,.T.);
#1474=ORIENTED_EDGE('',*,*,#2352,.T.);
#1475=ORIENTED_EDGE('',*,*,#2355,.T.);
#1476=ORIENTED_EDGE('',*,*,#2358,.T.);
#1477=ORIENTED_EDGE('',*,*,#2361,.T.);
#1478=ORIENTED_EDGE('',*,*,#2364,.T.);
#1479=ORIENTED_EDGE('',*,*,#2367,.T.);
#1480=ORIENTED_EDGE('',*,*,#2370,.T.);
#1481=ORIENTED_EDGE('',*,*,#2373,.T.);
#1482=ORIENTED_EDGE('',*,*,#2376,.T.);
#1483=ORIENTED_EDGE('',*,*,#2379,.T.);
#1484=ORIENTED_EDGE('',*,*,#2382,.T.);
#1485=ORIENTED_EDGE('',*,*,#2385,.T.);
#1486=ORIENTED_EDGE('',*,*,#2388,.T.);
#1487=ORIENTED_EDGE('',*,*,#2391,.T.);
#1488=ORIENTED_EDGE('',*,*,#2394,.T.);
#1489=CARTESIAN_POINT('',(1.72993839260711,0.623561651458753,2.36529243579548));
#1490=DIRECTION('',(1.0,0.0,0.0));
#1491=DIRECTION('',(0.0,1.0,0.0));
#1492=ORIENTED_EDGE('',*,*,#2396,.F.);
#1493=ORIENTED_EDGE('',*,*,#2397,.F.);
#1494=ORIENTED_EDGE('',*,*,#2398,.T.);
#1495=ORIENTED_EDGE('',*,*,#2399,.T.);
#1496=CARTESIAN_POINT('',(1.71,0.180043685242229,2.42091353682442));
#1497=DIRECTION('',(0.0,0.0,1.0));
#1498=DIRECTION('',(0.0,-1.0,0.0));
#1499=ORIENTED_EDGE('',*,*,#2400,.F.);
#1500=ORIENTED_EDGE('',*,*,#2399,.F.);
#1501=ORIENTED_EDGE('',*,*,#2401,.T.);
#1502=ORIENTED_EDGE('',*,*,#2402,.T.);
#1503=CARTESIAN_POINT('',(1.71,0.291419546345561,2.34436007840941));
#1504=DIRECTION('',(0.0,0.909044270788508,0.416699548531781));
#1505=DIRECTION('',(0.0,-0.416699548531781,0.909044270788508));
#1506=ORIENTED_EDGE('',*,*,#2403,.F.);
#1507=ORIENTED_EDGE('',*,*,#2402,.F.);
#1508=ORIENTED_EDGE('',*,*,#2404,.T.);
#1509=ORIENTED_EDGE('',*,*,#2405,.T.);
#1510=CARTESIAN_POINT('',(1.71,0.361612657518902,2.34436007840941));
#1511=DIRECTION('',(0.0,-0.908999425380726,0.416797366423433));
#1512=DIRECTION('',(-0.0,-0.416797366423433,-0.908999425380727));
#1513=ORIENTED_EDGE('',*,*,#2406,.F.);
#1514=ORIENTED_EDGE('',*,*,#2405,.F.);
#1515=ORIENTED_EDGE('',*,*,#2407,.T.);
#1516=ORIENTED_EDGE('',*,*,#2408,.T.);
#1517=CARTESIAN_POINT('',(1.71,0.472998487818538,2.42091353682442));
#1518=DIRECTION('',(0.0,0.0,1.0));
#1519=DIRECTION('',(0.0,-1.0,0.0));
#1520=ORIENTED_EDGE('',*,*,#2409,.F.);
#1521=ORIENTED_EDGE('',*,*,#2408,.F.);
#1522=ORIENTED_EDGE('',*,*,#2410,.T.);
#1523=ORIENTED_EDGE('',*,*,#2411,.T.);
#1524=CARTESIAN_POINT('',(1.71,0.549282777933352,2.14531111733408));
#1525=DIRECTION('',(0.0,1.0,0.0));
#1526=DIRECTION('',(0.0,0.0,1.0));
#1527=ORIENTED_EDGE('',*,*,#2412,.F.);
#1528=ORIENTED_EDGE('',*,*,#2411,.F.);
#1529=ORIENTED_EDGE('',*,*,#2413,.T.);
#1530=ORIENTED_EDGE('',*,*,#2414,.T.);
#1531=CARTESIAN_POINT('',(1.71,0.472998487818538,1.86970869784374));
#1532=DIRECTION('',(0.0,0.0,-1.0));
#1533=DIRECTION('',(0.0,1.0,0.0));
#1534=ORIENTED_EDGE('',*,*,#2415,.F.);
#1535=ORIENTED_EDGE('',*,*,#2414,.F.);
#1536=ORIENTED_EDGE('',*,*,#2416,.T.);
#1537=ORIENTED_EDGE('',*,*,#2417,.T.);
#1538=CARTESIAN_POINT('',(1.71,0.396714197703724,1.9477974124895));
#1539=DIRECTION('',(0.0,-1.0,-0.0));
#1540=DIRECTION('',(-0.0,0.0,-1.0));
#1541=ORIENTED_EDGE('',*,*,#2418,.F.);
#1542=ORIENTED_EDGE('',*,*,#2417,.F.);
#1543=ORIENTED_EDGE('',*,*,#2419,.T.);
#1544=ORIENTED_EDGE('',*,*,#2420,.T.);
#1545=CARTESIAN_POINT('',(1.71,0.360085376645197,1.95851629235508));
#1546=DIRECTION('',(0.0,0.878543629597914,-0.477662109542848));
#1547=DIRECTION('',(0.0,0.477662109542848,0.878543629597914));
#1548=ORIENTED_EDGE('',*,*,#2421,.F.);
#1549=ORIENTED_EDGE('',*,*,#2420,.F.);
#1550=ORIENTED_EDGE('',*,*,#2422,.T.);
#1551=ORIENTED_EDGE('',*,*,#2423,.T.);
#1552=CARTESIAN_POINT('',(1.71,0.290344866984038,1.9583886866424));
#1553=DIRECTION('',(0.0,-0.897129318188731,-0.441768023340556));
#1554=DIRECTION('',(0.0,0.441768023340556,-0.897129318188731));
#1555=ORIENTED_EDGE('',*,*,#2424,.F.);
#1556=ORIENTED_EDGE('',*,*,#2423,.F.);
#1557=ORIENTED_EDGE('',*,*,#2425,.T.);
#1558=ORIENTED_EDGE('',*,*,#2426,.T.);
#1559=CARTESIAN_POINT('',(1.71,0.257614001680202,1.94753821338561));
#1560=DIRECTION('',(0.0,0.99998810982143,0.00487649625899101));
#1561=DIRECTION('',(0.0,-0.00487649625899101,0.99998810982143));
#1562=ORIENTED_EDGE('',*,*,#2427,.F.);
#1563=ORIENTED_EDGE('',*,*,#2426,.F.);
#1564=ORIENTED_EDGE('',*,*,#2428,.T.);
#1565=ORIENTED_EDGE('',*,*,#2429,.T.);
#1566=CARTESIAN_POINT('',(1.71,0.180877110053206,1.86957710445253));
#1567=DIRECTION('',(0.0,-0.00170639391672713,-0.999998544108841));
#1568=DIRECTION('',(0.0,0.999998544108841,-0.00170639391672713));
#1569=ORIENTED_EDGE('',*,*,#2430,.F.);
#1570=ORIENTED_EDGE('',*,*,#2429,.F.);
#1571=ORIENTED_EDGE('',*,*,#2431,.T.);
#1572=ORIENTED_EDGE('',*,*,#2397,.T.);
#1573=CARTESIAN_POINT('',(1.71,0.103759395127415,2.14531111733408));
#1574=DIRECTION('',(0.0,-1.0,-0.0));
#1575=DIRECTION('',(-0.0,0.0,-1.0));
#1576=ORIENTED_EDGE('',*,*,#2396,.T.);
#1577=ORIENTED_EDGE('',*,*,#2400,.T.);
#1578=ORIENTED_EDGE('',*,*,#2403,.T.);
#1579=ORIENTED_EDGE('',*,*,#2406,.T.);
#1580=ORIENTED_EDGE('',*,*,#2409,.T.);
#1581=ORIENTED_EDGE('',*,*,#2412,.T.);
#1582=ORIENTED_EDGE('',*,*,#2415,.T.);
#1583=ORIENTED_EDGE('',*,*,#2418,.T.);
#1584=ORIENTED_EDGE('',*,*,#2421,.T.);
#1585=ORIENTED_EDGE('',*,*,#2424,.T.);
#1586=ORIENTED_EDGE('',*,*,#2427,.T.);
#1587=ORIENTED_EDGE('',*,*,#2430,.T.);
#1588=CARTESIAN_POINT('',(1.72993839260711,0.326449011850962,2.12587485105046));
#1589=DIRECTION('',(1.0,0.0,0.0));
#1590=DIRECTION('',(0.0,1.0,0.0));
#1591=ORIENTED_EDGE('',*,*,#2431,.F.);
#1592=ORIENTED_EDGE('',*,*,#2428,.F.);
#1593=ORIENTED_EDGE('',*,*,#2425,.F.);
#1594=ORIENTED_EDGE('',*,*,#2422,.F.);
#1595=ORIENTED_EDGE('',*,*,#2419,.F.);
#1596=ORIENTED_EDGE('',*,*,#2416,.F.);
#1597=ORIENTED_EDGE('',*,*,#2413,.F.);
#1598=ORIENTED_EDGE('',*,*,#2410,.F.);
#1599=ORIENTED_EDGE('',*,*,#2407,.F.);
#1600=ORIENTED_EDGE('',*,*,#2404,.F.);
#1601=ORIENTED_EDGE('',*,*,#2401,.F.);
#1602=ORIENTED_EDGE('',*,*,#2398,.F.);
#1603=CARTESIAN_POINT('',(1.71,0.326449011850962,2.12587485105046));
#1604=DIRECTION('',(1.0,0.0,0.0));
#1605=DIRECTION('',(0.0,1.0,0.0));
#1606=ORIENTED_EDGE('',*,*,#2432,.T.);
#1607=ORIENTED_EDGE('',*,*,#2433,.F.);
#1608=ORIENTED_EDGE('',*,*,#2434,.T.);
#1609=ORIENTED_EDGE('',*,*,#2435,.T.);
#1610=CARTESIAN_POINT('',(1.71,-0.402185492019042,2.20772825539065));
#1611=DIRECTION('',(0.0,-0.999967069442301,0.00811541933460227));
#1612=DIRECTION('',(-0.0,-0.00811541933460227,-0.999967069442301));
#1613=ORIENTED_EDGE('',*,*,#2436,.T.);
#1614=ORIENTED_EDGE('',*,*,#2437,.F.);
#1615=ORIENTED_EDGE('',*,*,#2438,.T.);
#1616=ORIENTED_EDGE('',*,*,#2433,.T.);
#1617=CARTESIAN_POINT('',(1.71,-0.389215567628115,2.28045354242509));
#1618=DIRECTION('',(0.0,0.154700069082605,0.987961481347242));
#1619=DIRECTION('',(0.0,-0.987961481347242,0.154700069082605));
#1620=ORIENTED_EDGE('',*,*,#2439,.T.);
#1621=ORIENTED_EDGE('',*,*,#2440,.F.);
#1622=ORIENTED_EDGE('',*,*,#2441,.T.);
#1623=ORIENTED_EDGE('',*,*,#2437,.T.);
#1624=CARTESIAN_POINT('',(1.71,-0.375975478017362,2.27804099691963));
#1625=DIRECTION('',(0.0,0.477815254999992,0.878460347476932));
#1626=DIRECTION('',(0.0,-0.878460347476932,0.477815254999992));
#1627=ORIENTED_EDGE('',*,*,#2442,.T.);
#1628=ORIENTED_EDGE('',*,*,#2443,.F.);
#1629=ORIENTED_EDGE('',*,*,#2444,.T.);
#1630=ORIENTED_EDGE('',*,*,#2440,.T.);
#1631=CARTESIAN_POINT('',(1.71,-0.372351675161019,2.27628841220946));
#1632=DIRECTION('',(0.0,0.421202185452339,0.906966768393514));
#1633=DIRECTION('',(0.0,-0.906966768393514,0.421202185452339));
#1634=ORIENTED_EDGE('',*,*,#2445,.T.);
#1635=ORIENTED_EDGE('',*,*,#2446,.F.);
#1636=ORIENTED_EDGE('',*,*,#2447,.T.);
#1637=ORIENTED_EDGE('',*,*,#2443,.T.);
#1638=CARTESIAN_POINT('',(1.71,-0.36537423466816,2.27156101932232));
#1639=DIRECTION('',(0.0,0.632210976921692,0.774796283328541));
#1640=DIRECTION('',(0.0,-0.77479628332854,0.632210976921692));
#1641=ORIENTED_EDGE('',*,*,#2448,.T.);
#1642=ORIENTED_EDGE('',*,*,#2449,.F.);
#1643=ORIENTED_EDGE('',*,*,#2450,.T.);
#1644=ORIENTED_EDGE('',*,*,#2446,.T.);
#1645=CARTESIAN_POINT('',(1.71,-0.356828639596752,2.26055702044245));
#1646=DIRECTION('',(0.0,0.868240321087532,0.496143875138875));
#1647=DIRECTION('',(0.0,-0.496143875138875,0.868240321087532));
#1648=ORIENTED_EDGE('',*,*,#2451,.T.);
#1649=ORIENTED_EDGE('',*,*,#2452,.F.);
#1650=ORIENTED_EDGE('',*,*,#2453,.T.);
#1651=ORIENTED_EDGE('',*,*,#2449,.T.);
#1652=CARTESIAN_POINT('',(1.71,-0.349343168860263,2.24253470736488));
#1653=DIRECTION('',(0.0,0.957100866375995,0.289754950919428));
#1654=DIRECTION('',(0.0,-0.289754950919428,0.957100866375995));
#1655=ORIENTED_EDGE('',*,*,#2454,.T.);
#1656=ORIENTED_EDGE('',*,*,#2455,.F.);
#1657=ORIENTED_EDGE('',*,*,#2456,.T.);
#1658=ORIENTED_EDGE('',*,*,#2452,.T.);
#1659=CARTESIAN_POINT('',(1.71,-0.345492068328199,2.22849608513022));
#1660=DIRECTION('',(0.0,0.982252970181838,0.187560930283885));
#1661=DIRECTION('',(0.0,-0.187560930283885,0.982252970181838));
#1662=ORIENTED_EDGE('',*,*,#2457,.T.);
#1663=ORIENTED_EDGE('',*,*,#2458,.F.);
#1664=ORIENTED_EDGE('',*,*,#2459,.T.);
#1665=ORIENTED_EDGE('',*,*,#2455,.T.);
#1666=CARTESIAN_POINT('',(1.71,-0.344096580229627,2.22110891066928));
#1667=DIRECTION('',(0.0,0.982961558862428,0.183811245028007));
#1668=DIRECTION('',(0.0,-0.183811245028007,0.982961558862428));
#1669=ORIENTED_EDGE('',*,*,#2460,.T.);
#1670=ORIENTED_EDGE('',*,*,#2461,.F.);
#1671=ORIENTED_EDGE('',*,*,#2462,.T.);
#1672=ORIENTED_EDGE('',*,*,#2458,.T.);
#1673=CARTESIAN_POINT('',(1.71,-0.344129079809577,2.20525988238589));
#1674=DIRECTION('',(0.0,0.998080539170313,-0.0619292929839844));
#1675=DIRECTION('',(0.0,0.0619292929839844,0.998080539170314));
#1676=ORIENTED_EDGE('',*,*,#2463,.T.);
#1677=ORIENTED_EDGE('',*,*,#2464,.F.);
#1678=ORIENTED_EDGE('',*,*,#2465,.T.);
#1679=ORIENTED_EDGE('',*,*,#2461,.T.);
#1680=CARTESIAN_POINT('',(1.71,-0.35021926183142,2.17812971156539));
#1681=DIRECTION('',(0.0,0.94270570994128,-0.333625455329938));
#1682=DIRECTION('',(0.0,0.333625455329938,0.94270570994128));
#1683=ORIENTED_EDGE('',*,*,#2466,.T.);
#1684=ORIENTED_EDGE('',*,*,#2467,.F.);
#1685=ORIENTED_EDGE('',*,*,#2468,.T.);
#1686=ORIENTED_EDGE('',*,*,#2464,.T.);
#1687=CARTESIAN_POINT('',(1.71,-0.365471733408009,2.15191870064408));
#1688=DIRECTION('',(0.0,0.746349551254241,-0.665554165596305));
#1689=DIRECTION('',(0.0,0.665554165596305,0.746349551254241));
#1690=ORIENTED_EDGE('',*,*,#2469,.T.);
#1691=ORIENTED_EDGE('',*,*,#2470,.F.);
#1692=ORIENTED_EDGE('',*,*,#2471,.T.);
#1693=ORIENTED_EDGE('',*,*,#2467,.T.);
#1694=CARTESIAN_POINT('',(1.71,-0.385721563707645,2.13676552226267));
#1695=DIRECTION('',(0.0,0.364009979993514,-0.931395047477235));
#1696=DIRECTION('',(0.0,0.931395047477236,0.364009979993514));
#1697=ORIENTED_EDGE('',*,*,#2472,.T.);
#1698=ORIENTED_EDGE('',*,*,#2435,.F.);
#1699=ORIENTED_EDGE('',*,*,#2473,.T.);
#1700=ORIENTED_EDGE('',*,*,#2470,.T.);
#1701=CARTESIAN_POINT('',(1.71,-0.399427015401848,2.13289548025763));
#1702=DIRECTION('',(0.0,-0.0508999189725759,-0.998703759003933));
#1703=DIRECTION('',(0.0,0.998703759003933,-0.0508999189725759));
#1704=ORIENTED_EDGE('',*,*,#2474,.F.);
#1705=ORIENTED_EDGE('',*,*,#2475,.F.);
#1706=ORIENTED_EDGE('',*,*,#2476,.F.);
#1707=ORIENTED_EDGE('',*,*,#2477,.T.);
#1708=CARTESIAN_POINT('',(1.71,-0.472865498739849,1.86970869784374));
#1709=DIRECTION('',(0.0,0.0,-1.0));
#1710=DIRECTION('',(0.0,1.0,0.0));
#1711=ORIENTED_EDGE('',*,*,#2478,.F.);
#1712=ORIENTED_EDGE('',*,*,#2477,.F.);
#1713=ORIENTED_EDGE('',*,*,#2479,.F.);
#1714=ORIENTED_EDGE('',*,*,#2480,.T.);
#1715=CARTESIAN_POINT('',(1.71,-0.549278790254831,2.14677060767292));
#1716=DIRECTION('',(0.0,-1.0,0.0));
#1717=DIRECTION('',(0.0,0.0,-1.0));
#1718=ORIENTED_EDGE('',*,*,#2481,.F.);
#1719=ORIENTED_EDGE('',*,*,#2480,.F.);
#1720=ORIENTED_EDGE('',*,*,#2482,.F.);
#1721=ORIENTED_EDGE('',*,*,#2483,.T.);
#1722=CARTESIAN_POINT('',(1.71,-0.481173029403528,2.4238325175021));
#1723=DIRECTION('',(0.0,0.0,1.0));
#1724=DIRECTION('',(0.0,-1.0,0.0));
#1725=ORIENTED_EDGE('',*,*,#2484,.F.);
#1726=ORIENTED_EDGE('',*,*,#2483,.F.);
#1727=ORIENTED_EDGE('',*,*,#2485,.F.);
#1728=ORIENTED_EDGE('',*,*,#2486,.T.);
#1729=CARTESIAN_POINT('',(1.71,-0.408026444133296,2.42356135536264));
#1730=DIRECTION('',(0.0,0.0537155501002077,0.998556277671635));
#1731=DIRECTION('',(0.0,-0.998556277671635,0.0537155501002077));
#1732=ORIENTED_EDGE('',*,*,#2487,.F.);
#1733=ORIENTED_EDGE('',*,*,#2486,.F.);
#1734=ORIENTED_EDGE('',*,*,#2488,.F.);
#1735=ORIENTED_EDGE('',*,*,#2489,.T.);
#1736=CARTESIAN_POINT('',(1.71,-0.387917378885466,2.42126844021283));
#1737=DIRECTION('',(0.0,0.132981472855495,0.991118523627312));
#1738=DIRECTION('',(0.0,-0.991118523627312,0.132981472855495));
#1739=ORIENTED_EDGE('',*,*,#2490,.F.);
#1740=ORIENTED_EDGE('',*,*,#2489,.F.);
#1741=ORIENTED_EDGE('',*,*,#2491,.F.);
#1742=ORIENTED_EDGE('',*,*,#2492,.T.);
#1743=CARTESIAN_POINT('',(1.71,-0.35339963483618,2.4144235900308));
#1744=DIRECTION('',(0.0,0.240690340673034,0.970601957501992));
#1745=DIRECTION('',(0.0,-0.970601957501992,0.240690340673034));
#1746=ORIENTED_EDGE('',*,*,#2493,.F.);
#1747=ORIENTED_EDGE('',*,*,#2492,.F.);
#1748=ORIENTED_EDGE('',*,*,#2494,.F.);
#1749=ORIENTED_EDGE('',*,*,#2495,.T.);
#1750=CARTESIAN_POINT('',(1.71,-0.315744784094091,2.40193019322319));
#1751=DIRECTION('',(0.0,0.388267251170876,0.921546820117248));
#1752=DIRECTION('',(0.0,-0.921546820117248,0.388267251170876));
#1753=ORIENTED_EDGE('',*,*,#2496,.F.);
#1754=ORIENTED_EDGE('',*,*,#2495,.F.);
#1755=ORIENTED_EDGE('',*,*,#2497,.F.);
#1756=ORIENTED_EDGE('',*,*,#2498,.T.);
#1757=CARTESIAN_POINT('',(1.71,-0.281183574348922,2.38348718006161));
#1758=DIRECTION('',(0.0,0.550053957562622,0.835129118022894));
#1759=DIRECTION('',(0.0,-0.835129118022894,0.550053957562622));
#1760=ORIENTED_EDGE('',*,*,#2499,.F.);
#1761=ORIENTED_EDGE('',*,*,#2498,.F.);
#1762=ORIENTED_EDGE('',*,*,#2500,.F.);
#1763=ORIENTED_EDGE('',*,*,#2501,.T.);
#1764=CARTESIAN_POINT('',(1.71,-0.250938428451414,2.35853029403528));
#1765=DIRECTION('',(0.0,0.714494946012625,0.699640602111124));
#1766=DIRECTION('',(0.0,-0.699640602111124,0.714494946012625));
#1767=ORIENTED_EDGE('',*,*,#2502,.F.);
#1768=ORIENTED_EDGE('',*,*,#2501,.F.);
#1769=ORIENTED_EDGE('',*,*,#2503,.F.);
#1770=ORIENTED_EDGE('',*,*,#2504,.T.);
#1771=CARTESIAN_POINT('',(1.71,-0.22623176925231,2.32647534024083));
#1772=DIRECTION('',(0.0,0.855482053582959,0.517832459389602));
#1773=DIRECTION('',(0.0,-0.517832459389602,0.855482053582959));
#1774=ORIENTED_EDGE('',*,*,#2505,.F.);
#1775=ORIENTED_EDGE('',*,*,#2504,.F.);
#1776=ORIENTED_EDGE('',*,*,#2506,.F.);
#1777=ORIENTED_EDGE('',*,*,#2507,.T.);
#1778=CARTESIAN_POINT('',(1.71,-0.208253320638477,2.28676803136376));
#1779=DIRECTION('',(0.0,0.95020949612074,0.311611799330464));
#1780=DIRECTION('',(0.0,-0.311611799330464,0.95020949612074));
#1781=ORIENTED_EDGE('',*,*,#2508,.F.);
#1782=ORIENTED_EDGE('',*,*,#2507,.F.);
#1783=ORIENTED_EDGE('',*,*,#2509,.F.);
#1784=ORIENTED_EDGE('',*,*,#2510,.T.);
#1785=CARTESIAN_POINT('',(1.71,-0.19832320358443,2.24535000840101));
#1786=DIRECTION('',(0.0,0.990148928748195,0.140018209168669));
#1787=DIRECTION('',(0.0,-0.140018209168669,0.990148928748195));
#1788=ORIENTED_EDGE('',*,*,#2511,.F.);
#1789=ORIENTED_EDGE('',*,*,#2510,.F.);
#1790=ORIENTED_EDGE('',*,*,#2512,.F.);
#1791=ORIENTED_EDGE('',*,*,#2513,.T.);
#1792=CARTESIAN_POINT('',(1.71,-0.195424161299356,2.21922473256791));
#1793=DIRECTION('',(0.0,0.999802730693364,0.0198620164659338));
#1794=DIRECTION('',(0.0,-0.0198620164659338,0.999802730693364));
#1795=ORIENTED_EDGE('',*,*,#2514,.F.);
#1796=ORIENTED_EDGE('',*,*,#2513,.F.);
#1797=ORIENTED_EDGE('',*,*,#2515,.F.);
#1798=ORIENTED_EDGE('',*,*,#2516,.T.);
#1799=CARTESIAN_POINT('',(1.71,-0.195164563427611,2.20593180621675));
#1800=DIRECTION('',(0.0,0.999815685590773,0.0191988240955403));
#1801=DIRECTION('',(0.0,-0.0191988240955403,0.999815685590773));
#1802=ORIENTED_EDGE('',*,*,#2517,.F.);
#1803=ORIENTED_EDGE('',*,*,#2516,.F.);
#1804=ORIENTED_EDGE('',*,*,#2518,.F.);
#1805=ORIENTED_EDGE('',*,*,#2519,.T.);
#1806=CARTESIAN_POINT('',(1.71,-0.198117638756651,2.17884549985998));
#1807=DIRECTION('',(0.0,0.9887062354962,-0.149866540264772));
#1808=DIRECTION('',(0.0,0.149866540264772,0.9887062354962));
#1809=ORIENTED_EDGE('',*,*,#2520,.F.);
#1810=ORIENTED_EDGE('',*,*,#2519,.F.);
#1811=ORIENTED_EDGE('',*,*,#2521,.F.);
#1812=ORIENTED_EDGE('',*,*,#2522,.T.);
#1813=CARTESIAN_POINT('',(1.71,-0.21012473816858,2.1356728983478));
#1814=DIRECTION('',(0.0,0.931397476888949,-0.364003763778481));
#1815=DIRECTION('',(0.0,0.364003763778481,0.931397476888949));
#1816=ORIENTED_EDGE('',*,*,#2523,.F.);
#1817=ORIENTED_EDGE('',*,*,#2522,.F.);
#1818=ORIENTED_EDGE('',*,*,#2524,.F.);
#1819=ORIENTED_EDGE('',*,*,#2525,.T.);
#1820=CARTESIAN_POINT('',(1.71,-0.232332917390087,2.09405748529824));
#1821=DIRECTION('',(0.0,0.816408264012226,-0.577475147909019));
#1822=DIRECTION('',(0.0,0.577475147909019,0.816408264012226));
#1823=ORIENTED_EDGE('',*,*,#2526,.F.);
#1824=ORIENTED_EDGE('',*,*,#2525,.F.);
#1825=ORIENTED_EDGE('',*,*,#2527,.F.);
#1826=ORIENTED_EDGE('',*,*,#2528,.T.);
#1827=CARTESIAN_POINT('',(1.71,-0.261658504620554,2.06035163259591));
#1828=DIRECTION('',(0.0,0.681183350721588,-0.732112861995819));
#1829=DIRECTION('',(0.0,0.732112861995819,0.681183350721588));
#1830=ORIENTED_EDGE('',*,*,#2529,.F.);
#1831=ORIENTED_EDGE('',*,*,#2528,.F.);
#1832=ORIENTED_EDGE('',*,*,#2530,.F.);
#1833=ORIENTED_EDGE('',*,*,#2531,.T.);
#1834=CARTESIAN_POINT('',(1.71,-0.294878259311117,2.03416255390647));
#1835=DIRECTION('',(0.0,0.548322466230556,-0.836266986689563));
#1836=DIRECTION('',(0.0,0.836266986689563,0.548322466230556));
#1837=ORIENTED_EDGE('',*,*,#2532,.F.);
#1838=ORIENTED_EDGE('',*,*,#2531,.F.);
#1839=ORIENTED_EDGE('',*,*,#2533,.F.);
#1840=ORIENTED_EDGE('',*,*,#2534,.T.);
#1841=CARTESIAN_POINT('',(1.71,-0.328779508260991,2.01509148137777));
#1842=DIRECTION('',(0.0,0.423048095931049,-0.906107227942209));
#1843=DIRECTION('',(0.0,0.906107227942209,0.423048095931049));
#1844=ORIENTED_EDGE('',*,*,#2535,.F.);
#1845=ORIENTED_EDGE('',*,*,#2534,.F.);
#1846=ORIENTED_EDGE('',*,*,#2536,.F.);
#1847=ORIENTED_EDGE('',*,*,#2537,.T.);
#1848=CARTESIAN_POINT('',(1.71,-0.360138811537384,2.00274961635396));
#1849=DIRECTION('',(0.0,0.295910477254784,-0.955215676928957));
#1850=DIRECTION('',(0.0,0.955215676928957,0.295910477254784));
#1851=ORIENTED_EDGE('',*,*,#2538,.F.);
#1852=ORIENTED_EDGE('',*,*,#2537,.F.);
#1853=ORIENTED_EDGE('',*,*,#2539,.F.);
#1854=ORIENTED_EDGE('',*,*,#2540,.T.);
#1855=CARTESIAN_POINT('',(1.71,-0.382995786054326,1.99674616633996));
#1856=DIRECTION('',(0.0,0.175955899089055,-0.984398050371781));
#1857=DIRECTION('',(0.0,0.98439805037178,0.175955899089055));
#1858=ORIENTED_EDGE('',*,*,#2541,.F.);
#1859=ORIENTED_EDGE('',*,*,#2540,.F.);
#1860=ORIENTED_EDGE('',*,*,#2542,.F.);
#1861=ORIENTED_EDGE('',*,*,#2543,.T.);
#1862=CARTESIAN_POINT('',(1.71,-0.393953527863344,1.99527670680482));
#1863=DIRECTION('',(0.0,0.0,-1.0));
#1864=DIRECTION('',(0.0,1.0,0.0));
#1865=ORIENTED_EDGE('',*,*,#2544,.F.);
#1866=ORIENTED_EDGE('',*,*,#2543,.F.);
#1867=ORIENTED_EDGE('',*,*,#2545,.F.);
#1868=ORIENTED_EDGE('',*,*,#2475,.T.);
#1869=CARTESIAN_POINT('',(1.71,-0.396571239428731,1.93249270232428));
#1870=DIRECTION('',(0.0,0.999998202786145,0.00189589674827209));
#1871=DIRECTION('',(0.0,-0.00189589674827209,0.999998202786145));
#1872=ORIENTED_EDGE('',*,*,#2434,.F.);
#1873=ORIENTED_EDGE('',*,*,#2438,.F.);
#1874=ORIENTED_EDGE('',*,*,#2441,.F.);
#1875=ORIENTED_EDGE('',*,*,#2444,.F.);
#1876=ORIENTED_EDGE('',*,*,#2447,.F.);
#1877=ORIENTED_EDGE('',*,*,#2450,.F.);
#1878=ORIENTED_EDGE('',*,*,#2453,.F.);
#1879=ORIENTED_EDGE('',*,*,#2456,.F.);
#1880=ORIENTED_EDGE('',*,*,#2459,.F.);
#1881=ORIENTED_EDGE('',*,*,#2462,.F.);
#1882=ORIENTED_EDGE('',*,*,#2465,.F.);
#1883=ORIENTED_EDGE('',*,*,#2468,.F.);
#1884=ORIENTED_EDGE('',*,*,#2471,.F.);
#1885=ORIENTED_EDGE('',*,*,#2473,.F.);
#1886=ORIENTED_EDGE('',*,*,#2545,.T.);
#1887=ORIENTED_EDGE('',*,*,#2542,.T.);
#1888=ORIENTED_EDGE('',*,*,#2539,.T.);
#1889=ORIENTED_EDGE('',*,*,#2536,.T.);
#1890=ORIENTED_EDGE('',*,*,#2533,.T.);
#1891=ORIENTED_EDGE('',*,*,#2530,.T.);
#1892=ORIENTED_EDGE('',*,*,#2527,.T.);
#1893=ORIENTED_EDGE('',*,*,#2524,.T.);
#1894=ORIENTED_EDGE('',*,*,#2521,.T.);
#1895=ORIENTED_EDGE('',*,*,#2518,.T.);
#1896=ORIENTED_EDGE('',*,*,#2515,.T.);
#1897=ORIENTED_EDGE('',*,*,#2512,.T.);
#1898=ORIENTED_EDGE('',*,*,#2509,.T.);
#1899=ORIENTED_EDGE('',*,*,#2506,.T.);
#1900=ORIENTED_EDGE('',*,*,#2503,.T.);
#1901=ORIENTED_EDGE('',*,*,#2500,.T.);
#1902=ORIENTED_EDGE('',*,*,#2497,.T.);
#1903=ORIENTED_EDGE('',*,*,#2494,.T.);
#1904=ORIENTED_EDGE('',*,*,#2491,.T.);
#1905=ORIENTED_EDGE('',*,*,#2488,.T.);
#1906=ORIENTED_EDGE('',*,*,#2485,.T.);
#1907=ORIENTED_EDGE('',*,*,#2482,.T.);
#1908=ORIENTED_EDGE('',*,*,#2479,.T.);
#1909=ORIENTED_EDGE('',*,*,#2476,.T.);
#1910=CARTESIAN_POINT('',(1.71,-0.411672539681239,2.15598143766139));
#1911=DIRECTION('',(1.0,0.0,0.0));
#1912=DIRECTION('',(0.0,1.0,0.0));
#1913=ORIENTED_EDGE('',*,*,#2432,.F.);
#1914=ORIENTED_EDGE('',*,*,#2472,.F.);
#1915=ORIENTED_EDGE('',*,*,#2469,.F.);
#1916=ORIENTED_EDGE('',*,*,#2466,.F.);
#1917=ORIENTED_EDGE('',*,*,#2463,.F.);
#1918=ORIENTED_EDGE('',*,*,#2460,.F.);
#1919=ORIENTED_EDGE('',*,*,#2457,.F.);
#1920=ORIENTED_EDGE('',*,*,#2454,.F.);
#1921=ORIENTED_EDGE('',*,*,#2451,.F.);
#1922=ORIENTED_EDGE('',*,*,#2448,.F.);
#1923=ORIENTED_EDGE('',*,*,#2445,.F.);
#1924=ORIENTED_EDGE('',*,*,#2442,.F.);
#1925=ORIENTED_EDGE('',*,*,#2439,.F.);
#1926=ORIENTED_EDGE('',*,*,#2436,.F.);
#1927=ORIENTED_EDGE('',*,*,#2474,.T.);
#1928=ORIENTED_EDGE('',*,*,#2478,.T.);
#1929=ORIENTED_EDGE('',*,*,#2481,.T.);
#1930=ORIENTED_EDGE('',*,*,#2484,.T.);
#1931=ORIENTED_EDGE('',*,*,#2487,.T.);
#1932=ORIENTED_EDGE('',*,*,#2490,.T.);
#1933=ORIENTED_EDGE('',*,*,#2493,.T.);
#1934=ORIENTED_EDGE('',*,*,#2496,.T.);
#1935=ORIENTED_EDGE('',*,*,#2499,.T.);
#1936=ORIENTED_EDGE('',*,*,#2502,.T.);
#1937=ORIENTED_EDGE('',*,*,#2505,.T.);
#1938=ORIENTED_EDGE('',*,*,#2508,.T.);
#1939=ORIENTED_EDGE('',*,*,#2511,.T.);
#1940=ORIENTED_EDGE('',*,*,#2514,.T.);
#1941=ORIENTED_EDGE('',*,*,#2517,.T.);
#1942=ORIENTED_EDGE('',*,*,#2520,.T.);
#1943=ORIENTED_EDGE('',*,*,#2523,.T.);
#1944=ORIENTED_EDGE('',*,*,#2526,.T.);
#1945=ORIENTED_EDGE('',*,*,#2529,.T.);
#1946=ORIENTED_EDGE('',*,*,#2532,.T.);
#1947=ORIENTED_EDGE('',*,*,#2535,.T.);
#1948=ORIENTED_EDGE('',*,*,#2538,.T.);
#1949=ORIENTED_EDGE('',*,*,#2541,.T.);
#1950=ORIENTED_EDGE('',*,*,#2544,.T.);
#1951=CARTESIAN_POINT('',(1.72993839260711,-0.411672539681239,2.15598143766139));
#1952=DIRECTION('',(1.0,0.0,0.0));
#1953=DIRECTION('',(0.0,1.0,0.0));
#1954=ORIENTED_EDGE('',*,*,#2546,.T.);
#1955=ORIENTED_EDGE('',*,*,#2547,.F.);
#1956=ORIENTED_EDGE('',*,*,#2548,.T.);
#1957=ORIENTED_EDGE('',*,*,#2549,.T.);
#1958=CARTESIAN_POINT('',(1.71,9.96919630353319E-06,1.66145617474097));
#1959=DIRECTION('',(0.0,0.0,1.0));
#1960=DIRECTION('',(0.0,-1.0,0.0));
#1961=ORIENTED_EDGE('',*,*,#2550,.T.);
#1962=ORIENTED_EDGE('',*,*,#2551,.F.);
#1963=ORIENTED_EDGE('',*,*,#2552,.T.);
#1964=ORIENTED_EDGE('',*,*,#2547,.T.);
#1965=CARTESIAN_POINT('',(1.71,0.227345527863343,1.38585295771493));
#1966=DIRECTION('',(0.0,0.771410548394244,-0.636337776519744));
#1967=DIRECTION('',(0.0,0.636337776519744,0.771410548394244));
#1968=ORIENTED_EDGE('',*,*,#2553,.T.);
#1969=ORIENTED_EDGE('',*,*,#2549,.F.);
#1970=ORIENTED_EDGE('',*,*,#2554,.T.);
#1971=ORIENTED_EDGE('',*,*,#2551,.T.);
#1972=CARTESIAN_POINT('',(1.71,-0.22733555866704,1.38585295771493));
#1973=DIRECTION('',(0.0,-0.771424245750848,-0.636321171318175));
#1974=DIRECTION('',(0.0,0.636321171318176,-0.771424245750848));
#1975=ORIENTED_EDGE('',*,*,#2555,.F.);
#1976=ORIENTED_EDGE('',*,*,#2556,.F.);
#1977=ORIENTED_EDGE('',*,*,#2557,.T.);
#1978=ORIENTED_EDGE('',*,*,#2558,.T.);
#1979=CARTESIAN_POINT('',(1.71,-0.549278790254831,1.74261739568748));
#1980=DIRECTION('',(0.0,-1.0,-0.0));
#1981=DIRECTION('',(-0.0,0.0,-1.0));
#1982=ORIENTED_EDGE('',*,*,#2559,.F.);
#1983=ORIENTED_EDGE('',*,*,#2558,.F.);
#1984=ORIENTED_EDGE('',*,*,#2560,.T.);
#1985=ORIENTED_EDGE('',*,*,#2561,.T.);
#1986=CARTESIAN_POINT('',(1.71,1.99383926072435E-06,1.823778616634));
#1987=DIRECTION('',(0.0,0.0,1.0));
#1988=DIRECTION('',(0.0,-1.0,0.0));
#1989=ORIENTED_EDGE('',*,*,#2562,.F.);
#1990=ORIENTED_EDGE('',*,*,#2561,.F.);
#1991=ORIENTED_EDGE('',*,*,#2563,.T.);
#1992=ORIENTED_EDGE('',*,*,#2564,.T.);
#1993=CARTESIAN_POINT('',(1.71,0.549282777933352,1.74261739568748));
#1994=DIRECTION('',(0.0,1.0,0.0));
#1995=DIRECTION('',(0.0,0.0,1.0));
#1996=ORIENTED_EDGE('',*,*,#2565,.F.);
#1997=ORIENTED_EDGE('',*,*,#2564,.F.);
#1998=ORIENTED_EDGE('',*,*,#2566,.T.);
#1999=ORIENTED_EDGE('',*,*,#2567,.T.);
#2000=CARTESIAN_POINT('',(1.71,0.274641388966676,1.33072808737048));
#2001=DIRECTION('',(0.0,0.769324507375015,-0.638858202070061));
#2002=DIRECTION('',(0.0,0.638858202070061,0.769324507375015));
#2003=ORIENTED_EDGE('',*,*,#2568,.F.);
#2004=ORIENTED_EDGE('',*,*,#2567,.F.);
#2005=ORIENTED_EDGE('',*,*,#2569,.T.);
#2006=ORIENTED_EDGE('',*,*,#2556,.T.);
#2007=CARTESIAN_POINT('',(1.71,-0.274639395127415,1.33072808737048));
#2008=DIRECTION('',(0.0,-0.769326786893024,-0.638855457023618));
#2009=DIRECTION('',(0.0,0.638855457023618,-0.769326786893024));
#2010=ORIENTED_EDGE('',*,*,#2546,.F.);
#2011=ORIENTED_EDGE('',*,*,#2553,.F.);
#2012=ORIENTED_EDGE('',*,*,#2550,.F.);
#2013=ORIENTED_EDGE('',*,*,#2555,.T.);
#2014=ORIENTED_EDGE('',*,*,#2559,.T.);
#2015=ORIENTED_EDGE('',*,*,#2562,.T.);
#2016=ORIENTED_EDGE('',*,*,#2565,.T.);
#2017=ORIENTED_EDGE('',*,*,#2568,.T.);
#2018=CARTESIAN_POINT('',(1.72993839260711,1.67099922131916E-06,1.54562191727541));
#2019=DIRECTION('',(1.0,0.0,0.0));
#2020=DIRECTION('',(0.0,1.0,0.0));
#2021=ORIENTED_EDGE('',*,*,#2548,.F.);
#2022=ORIENTED_EDGE('',*,*,#2552,.F.);
#2023=ORIENTED_EDGE('',*,*,#2554,.F.);
#2024=ORIENTED_EDGE('',*,*,#2569,.F.);
#2025=ORIENTED_EDGE('',*,*,#2566,.F.);
#2026=ORIENTED_EDGE('',*,*,#2563,.F.);
#2027=ORIENTED_EDGE('',*,*,#2560,.F.);
#2028=ORIENTED_EDGE('',*,*,#2557,.F.);
#2029=CARTESIAN_POINT('',(1.71,1.67099922130809E-06,1.54562191727541));
#2030=DIRECTION('',(1.0,0.0,0.0));
#2031=DIRECTION('',(0.0,1.0,0.0));
#2032=ORIENTED_EDGE('',*,*,#2570,.F.);
#2033=ORIENTED_EDGE('',*,*,#2571,.F.);
#2034=ORIENTED_EDGE('',*,*,#2572,.F.);
#2035=ORIENTED_EDGE('',*,*,#2573,.T.);
#2036=CARTESIAN_POINT('',(1.71,-0.0490458538224587,1.86970869784374));
#2037=DIRECTION('',(0.0,0.0,-1.0));
#2038=DIRECTION('',(0.0,1.0,0.0));
#2039=ORIENTED_EDGE('',*,*,#2574,.F.);
#2040=ORIENTED_EDGE('',*,*,#2573,.F.);
#2041=ORIENTED_EDGE('',*,*,#2575,.F.);
#2042=ORIENTED_EDGE('',*,*,#2576,.T.);
#2043=CARTESIAN_POINT('',(1.71,-0.173941340800896,2.14677060767292));
#2044=DIRECTION('',(0.0,-1.0,0.0));
#2045=DIRECTION('',(0.0,0.0,-1.0));
#2046=ORIENTED_EDGE('',*,*,#2577,.F.);
#2047=ORIENTED_EDGE('',*,*,#2576,.F.);
#2048=ORIENTED_EDGE('',*,*,#2578,.F.);
#2049=ORIENTED_EDGE('',*,*,#2579,.T.);
#2050=CARTESIAN_POINT('',(1.71,-0.0490458538224587,2.4238325175021));
#2051=DIRECTION('',(0.0,0.0,1.0));
#2052=DIRECTION('',(0.0,-1.0,0.0));
#2053=ORIENTED_EDGE('',*,*,#2580,.F.);
#2054=ORIENTED_EDGE('',*,*,#2579,.F.);
#2055=ORIENTED_EDGE('',*,*,#2581,.F.);
#2056=ORIENTED_EDGE('',*,*,#2582,.T.);
#2057=CARTESIAN_POINT('',(1.71,0.0758496331559787,2.35344600392047));
#2058=DIRECTION('',(0.0,1.0,0.0));
#2059=DIRECTION('',(0.0,0.0,1.0));
#2060=ORIENTED_EDGE('',*,*,#2583,.F.);
#2061=ORIENTED_EDGE('',*,*,#2582,.F.);
#2062=ORIENTED_EDGE('',*,*,#2584,.F.);
#2063=ORIENTED_EDGE('',*,*,#2585,.T.);
#2064=CARTESIAN_POINT('',(1.71,0.0258202184262111,2.28305949033884));
#2065=DIRECTION('',(0.0,0.0,-1.0));
#2066=DIRECTION('',(0.0,1.0,0.0));
#2067=ORIENTED_EDGE('',*,*,#2586,.F.);
#2068=ORIENTED_EDGE('',*,*,#2585,.F.);
#2069=ORIENTED_EDGE('',*,*,#2587,.F.);
#2070=ORIENTED_EDGE('',*,*,#2588,.T.);
#2071=CARTESIAN_POINT('',(1.71,-0.0242091963035564,2.24945931111733));
#2072=DIRECTION('',(0.0,1.0,0.0));
#2073=DIRECTION('',(0.0,0.0,1.0));
#2074=ORIENTED_EDGE('',*,*,#2589,.F.);
#2075=ORIENTED_EDGE('',*,*,#2588,.F.);
#2076=ORIENTED_EDGE('',*,*,#2590,.F.);
#2077=ORIENTED_EDGE('',*,*,#2591,.T.);
#2078=CARTESIAN_POINT('',(1.71,0.0246637916549986,2.21585913189583));
#2079=DIRECTION('',(0.0,0.0,1.0));
#2080=DIRECTION('',(0.0,-1.0,0.0));
#2081=ORIENTED_EDGE('',*,*,#2592,.F.);
#2082=ORIENTED_EDGE('',*,*,#2591,.F.);
#2083=ORIENTED_EDGE('',*,*,#2593,.F.);
#2084=ORIENTED_EDGE('',*,*,#2594,.T.);
#2085=CARTESIAN_POINT('',(1.71,0.0735367796135536,2.15044724726967));
#2086=DIRECTION('',(0.0,1.0,0.0));
#2087=DIRECTION('',(0.0,0.0,1.0));
#2088=ORIENTED_EDGE('',*,*,#2595,.F.);
#2089=ORIENTED_EDGE('',*,*,#2594,.F.);
#2090=ORIENTED_EDGE('',*,*,#2596,.F.);
#2091=ORIENTED_EDGE('',*,*,#2597,.T.);
#2092=CARTESIAN_POINT('',(1.71,0.0246637916549986,2.08503536264352));
#2093=DIRECTION('',(0.0,0.0,-1.0));
#2094=DIRECTION('',(0.0,1.0,0.0));
#2095=ORIENTED_EDGE('',*,*,#2598,.F.);
#2096=ORIENTED_EDGE('',*,*,#2597,.F.);
#2097=ORIENTED_EDGE('',*,*,#2599,.F.);
#2098=ORIENTED_EDGE('',*,*,#2600,.T.);
#2099=CARTESIAN_POINT('',(1.71,-0.0242091963035564,2.04278391486978));
#2100=DIRECTION('',(0.0,1.0,0.0));
#2101=DIRECTION('',(0.0,0.0,1.0));
#2102=ORIENTED_EDGE('',*,*,#2601,.F.);
#2103=ORIENTED_EDGE('',*,*,#2600,.F.);
#2104=ORIENTED_EDGE('',*,*,#2602,.F.);
#2105=ORIENTED_EDGE('',*,*,#2603,.T.);
#2106=CARTESIAN_POINT('',(1.71,0.0258202184262111,2.00053246709605));
#2107=DIRECTION('',(0.0,0.0,1.0));
#2108=DIRECTION('',(0.0,-1.0,0.0));
#2109=ORIENTED_EDGE('',*,*,#2604,.F.);
#2110=ORIENTED_EDGE('',*,*,#2603,.F.);
#2111=ORIENTED_EDGE('',*,*,#2605,.F.);
#2112=ORIENTED_EDGE('',*,*,#2571,.T.);
#2113=CARTESIAN_POINT('',(1.71,0.0758496331559787,1.9351205824699));
#2114=DIRECTION('',(0.0,1.0,0.0));
#2115=DIRECTION('',(0.0,0.0,1.0));
#2116=ORIENTED_EDGE('',*,*,#2605,.T.);
#2117=ORIENTED_EDGE('',*,*,#2602,.T.);
#2118=ORIENTED_EDGE('',*,*,#2599,.T.);
#2119=ORIENTED_EDGE('',*,*,#2596,.T.);
#2120=ORIENTED_EDGE('',*,*,#2593,.T.);
#2121=ORIENTED_EDGE('',*,*,#2590,.T.);
#2122=ORIENTED_EDGE('',*,*,#2587,.T.);
#2123=ORIENTED_EDGE('',*,*,#2584,.T.);
#2124=ORIENTED_EDGE('',*,*,#2581,.T.);
#2125=ORIENTED_EDGE('',*,*,#2578,.T.);
#2126=ORIENTED_EDGE('',*,*,#2575,.T.);
#2127=ORIENTED_EDGE('',*,*,#2572,.T.);
#2128=CARTESIAN_POINT('',(1.71,-0.0421028732964579,2.14663246639572));
#2129=DIRECTION('',(1.0,0.0,0.0));
#2130=DIRECTION('',(0.0,1.0,0.0));
#2131=ORIENTED_EDGE('',*,*,#2570,.T.);
#2132=ORIENTED_EDGE('',*,*,#2574,.T.);
#2133=ORIENTED_EDGE('',*,*,#2577,.T.);
#2134=ORIENTED_EDGE('',*,*,#2580,.T.);
#2135=ORIENTED_EDGE('',*,*,#2583,.T.);
#2136=ORIENTED_EDGE('',*,*,#2586,.T.);
#2137=ORIENTED_EDGE('',*,*,#2589,.T.);
#2138=ORIENTED_EDGE('',*,*,#2592,.T.);
#2139=ORIENTED_EDGE('',*,*,#2595,.T.);
#2140=ORIENTED_EDGE('',*,*,#2598,.T.);
#2141=ORIENTED_EDGE('',*,*,#2601,.T.);
#2142=ORIENTED_EDGE('',*,*,#2604,.T.);
#2143=CARTESIAN_POINT('',(1.72993839260711,-0.0421028732964579,2.14663246639572));
#2144=DIRECTION('',(1.0,0.0,0.0));
#2145=DIRECTION('',(0.0,1.0,0.0));
#2146=ORIENTED_EDGE('',*,*,#2606,.F.);
#2147=ORIENTED_EDGE('',*,*,#2607,.F.);
#2148=ORIENTED_EDGE('',*,*,#2608,.F.);
#2149=ORIENTED_EDGE('',*,*,#2609,.F.);
#2150=CARTESIAN_POINT('',(1.71,0.622771705404648,2.36765011481378));
#2151=DIRECTION('',(1.0,0.0,0.0));
#2152=DIRECTION('',(0.0,1.0,0.0));
#2153=ORIENTED_EDGE('',*,*,#2610,.F.);
#2154=ORIENTED_EDGE('',*,*,#2611,.T.);
#2155=ORIENTED_EDGE('',*,*,#2612,.F.);
#2156=ORIENTED_EDGE('',*,*,#2613,.T.);
#2157=CARTESIAN_POINT('',(1.71,0.622771705404648,2.36765011481378));
#2158=DIRECTION('',(1.0,0.0,-0.0));
#2159=DIRECTION('',(0.0,1.0,4.13630997392013E-15));
#2160=ORIENTED_EDGE('',*,*,#2610,.T.);
#2161=ORIENTED_EDGE('',*,*,#2614,.T.);
#2162=ORIENTED_EDGE('',*,*,#2612,.T.);
#2163=ORIENTED_EDGE('',*,*,#2615,.T.);
#2164=CARTESIAN_POINT('',(1.71,0.622771705404648,2.36765011481378));
#2165=DIRECTION('',(1.0,0.0,-0.0));
#2166=DIRECTION('',(0.0,1.0,4.13630997392013E-15));
#2167=ORIENTED_EDGE('',*,*,#2606,.T.);
#2168=ORIENTED_EDGE('',*,*,#2616,.F.);
#2169=ORIENTED_EDGE('',*,*,#2608,.T.);
#2170=ORIENTED_EDGE('',*,*,#2617,.F.);
#2171=CARTESIAN_POINT('',(1.71,0.622771705404648,2.36765011481378));
#2172=DIRECTION('',(1.0,0.0,0.0));
#2173=DIRECTION('',(0.0,1.0,0.0));
#2174=ORIENTED_EDGE('',*,*,#2611,.F.);
#2175=ORIENTED_EDGE('',*,*,#2615,.F.);
#2176=ORIENTED_EDGE('',*,*,#2609,.T.);
#2177=ORIENTED_EDGE('',*,*,#2616,.T.);
#2178=CARTESIAN_POINT('',(1.71,0.622771705404648,2.36765011481378));
#2179=DIRECTION('',(1.0,0.0,0.0));
#2180=DIRECTION('',(0.0,1.0,0.0));
#2181=ORIENTED_EDGE('',*,*,#2613,.F.);
#2182=ORIENTED_EDGE('',*,*,#2614,.F.);
#2183=ORIENTED_EDGE('',*,*,#2607,.T.);
#2184=ORIENTED_EDGE('',*,*,#2617,.T.);
#2185=CARTESIAN_POINT('',(1.72993839260711,0.622771705404648,2.36765011481378));
#2186=DIRECTION('',(1.0,0.0,0.0));
#2187=DIRECTION('',(0.0,1.0,0.0));
#2188=VERTEX_POINT('',#2618);
#2189=VERTEX_POINT('',#2619);
#2190=LINE('',#2620,#2621);
#2191=VERTEX_POINT('',#2622);
#2192=CIRCLE('',#2623,1.8);
#2193=VERTEX_POINT('',#2624);
#2194=LINE('',#2625,#2626);
#2195=CIRCLE('',#2627,1.62);
#2196=VERTEX_POINT('',#2628);
#2197=LINE('',#2629,#2630);
#2198=VERTEX_POINT('',#2631);
#2199=CIRCLE('',#2632,1.8);
#2200=LINE('',#2633,#2634);
#2201=VERTEX_POINT('',#2635);
#2202=VERTEX_POINT('',#2636);
#2203=CIRCLE('',#2637,0.0833999999999995);
#2204=VERTEX_POINT('',#2638);
#2205=CIRCLE('',#2639,2.78);
#2206=VERTEX_POINT('',#2640);
#2207=CIRCLE('',#2641,0.0833999999999995);
#2208=CIRCLE('',#2642,2.6966);
#2209=VERTEX_POINT('',#2643);
#2210=LINE('',#2644,#2645);
#2211=VERTEX_POINT('',#2646);
#2212=CIRCLE('',#2647,2.78);
#2213=LINE('',#2648,#2649);
#2214=CIRCLE('',#2650,2.78);
#2215=VERTEX_POINT('',#2651);
#2216=VERTEX_POINT('',#2652);
#2217=LINE('',#2653,#2654);
#2218=VERTEX_POINT('',#2655);
#2219=CIRCLE('',#2656,2.7035);
#2220=VERTEX_POINT('',#2657);
#2221=LINE('',#2658,#2659);
#2222=CIRCLE('',#2660,2.7035);
#2223=VERTEX_POINT('',#2661);
#2224=VERTEX_POINT('',#2662);
#2225=LINE('',#2663,#2664);
#2226=VERTEX_POINT('',#2665);
#2227=CIRCLE('',#2666,2.78);
#2228=VERTEX_POINT('',#2667);
#2229=LINE('',#2668,#2669);
#2230=CIRCLE('',#2670,2.78);
#2231=VERTEX_POINT('',#2671);
#2232=VERTEX_POINT('',#2672);
#2233=LINE('',#2673,#2674);
#2234=VERTEX_POINT('',#2675);
#2235=CIRCLE('',#2676,2.7035);
#2236=VERTEX_POINT('',#2677);
#2237=LINE('',#2678,#2679);
#2238=CIRCLE('',#2680,2.7035);
#2239=VERTEX_POINT('',#2681);
#2240=VERTEX_POINT('',#2682);
#2241=LINE('',#2683,#2684);
#2242=VERTEX_POINT('',#2685);
#2243=CIRCLE('',#2686,2.78);
#2244=VERTEX_POINT('',#2687);
#2245=LINE('',#2688,#2689);
#2246=CIRCLE('',#2690,2.78);
#2247=VERTEX_POINT('',#2691);
#2248=LINE('',#2692,#2693);
#2249=VERTEX_POINT('',#2694);
#2250=CIRCLE('',#2695,2.6966);
#2251=LINE('',#2696,#2697);
#2252=VERTEX_POINT('',#2698);
#2253=VERTEX_POINT('',#2699);
#2254=LINE('',#2700,#2701);
#2255=VERTEX_POINT('',#2702);
#2256=CIRCLE('',#2703,1.0);
#2257=VERTEX_POINT('',#2704);
#2258=LINE('',#2705,#2706);
#2259=CIRCLE('',#2707,0.7835);
#2260=VERTEX_POINT('',#2708);
#2261=LINE('',#2709,#2710);
#2262=VERTEX_POINT('',#2711);
#2263=LINE('',#2712,#2713);
#2264=CIRCLE('',#2714,0.7835);
#2265=VERTEX_POINT('',#2715);
#2266=LINE('',#2716,#2717);
#2267=VERTEX_POINT('',#2718);
#2268=LINE('',#2719,#2720);
#2269=CIRCLE('',#2721,1.0);
#2270=CIRCLE('',#2722,1.0);
#2271=CIRCLE('',#2723,0.7835);
#2272=CIRCLE('',#2724,0.7835);
#2273=CIRCLE('',#2725,1.0);
#2274=CIRCLE('',#2726,2.6966);
#2275=CIRCLE('',#2727,2.78);
#2276=CIRCLE('',#2728,2.78);
#2277=CIRCLE('',#2729,2.7035);
#2278=CIRCLE('',#2730,2.7035);
#2279=CIRCLE('',#2731,2.78);
#2280=CIRCLE('',#2732,2.78);
#2281=CIRCLE('',#2733,2.7035);
#2282=CIRCLE('',#2734,2.7035);
#2283=CIRCLE('',#2735,2.78);
#2284=CIRCLE('',#2736,2.6966);
#2285=CIRCLE('',#2737,1.8);
#2286=CIRCLE('',#2738,1.8);
#2287=CIRCLE('',#2739,1.62);
#2288=EDGE_CURVE('',#2740,#2741,#2742,.T.);
#2289=EDGE_CURVE('',#2743,#2741,#2744,.T.);
#2290=EDGE_CURVE('',#2743,#2745,#2746,.T.);
#2291=EDGE_CURVE('',#2745,#2740,#2747,.T.);
#2292=EDGE_CURVE('',#2741,#2748,#2749,.T.);
#2293=EDGE_CURVE('',#2750,#2748,#2751,.T.);
#2294=EDGE_CURVE('',#2750,#2743,#2752,.T.);
#2295=EDGE_CURVE('',#2748,#2753,#2754,.T.);
#2296=EDGE_CURVE('',#2755,#2753,#2756,.T.);
#2297=EDGE_CURVE('',#2755,#2750,#2757,.T.);
#2298=EDGE_CURVE('',#2753,#2758,#2759,.T.);
#2299=EDGE_CURVE('',#2760,#2758,#2761,.T.);
#2300=EDGE_CURVE('',#2760,#2755,#2762,.T.);
#2301=EDGE_CURVE('',#2758,#2763,#2764,.T.);
#2302=EDGE_CURVE('',#2765,#2763,#2766,.T.);
#2303=EDGE_CURVE('',#2765,#2760,#2767,.T.);
#2304=EDGE_CURVE('',#2763,#2768,#2769,.T.);
#2305=EDGE_CURVE('',#2770,#2768,#2771,.T.);
#2306=EDGE_CURVE('',#2770,#2765,#2772,.T.);
#2307=EDGE_CURVE('',#2768,#2773,#2774,.T.);
#2308=EDGE_CURVE('',#2775,#2773,#2776,.T.);
#2309=EDGE_CURVE('',#2775,#2770,#2777,.T.);
#2310=EDGE_CURVE('',#2773,#2778,#2779,.T.);
#2311=EDGE_CURVE('',#2780,#2778,#2781,.T.);
#2312=EDGE_CURVE('',#2780,#2775,#2782,.T.);
#2313=EDGE_CURVE('',#2778,#2740,#2783,.T.);
#2314=EDGE_CURVE('',#2745,#2780,#2784,.T.);
#2315=EDGE_CURVE('',#2785,#2786,#2787,.T.);
#2316=EDGE_CURVE('',#2788,#2785,#2789,.T.);
#2317=EDGE_CURVE('',#2790,#2788,#2791,.T.);
#2318=EDGE_CURVE('',#2790,#2786,#2792,.T.);
#2319=EDGE_CURVE('',#2786,#2793,#2794,.T.);
#2320=EDGE_CURVE('',#2795,#2790,#2796,.T.);
#2321=EDGE_CURVE('',#2795,#2793,#2797,.T.);
#2322=EDGE_CURVE('',#2793,#2798,#2799,.T.);
#2323=EDGE_CURVE('',#2800,#2795,#2801,.T.);
#2324=EDGE_CURVE('',#2800,#2798,#2802,.T.);
#2325=EDGE_CURVE('',#2798,#2803,#2804,.T.);
#2326=EDGE_CURVE('',#2805,#2800,#2806,.T.);
#2327=EDGE_CURVE('',#2805,#2803,#2807,.T.);
#2328=EDGE_CURVE('',#2803,#2808,#2809,.T.);
#2329=EDGE_CURVE('',#2810,#2805,#2811,.T.);
#2330=EDGE_CURVE('',#2810,#2808,#2812,.T.);
#2331=EDGE_CURVE('',#2808,#2813,#2814,.T.);
#2332=EDGE_CURVE('',#2815,#2810,#2816,.T.);
#2333=EDGE_CURVE('',#2815,#2813,#2817,.T.);
#2334=EDGE_CURVE('',#2813,#2818,#2819,.T.);
#2335=EDGE_CURVE('',#2820,#2815,#2821,.T.);
#2336=EDGE_CURVE('',#2820,#2818,#2822,.T.);
#2337=EDGE_CURVE('',#2818,#2823,#2824,.T.);
#2338=EDGE_CURVE('',#2825,#2820,#2826,.T.);
#2339=EDGE_CURVE('',#2825,#2823,#2827,.T.);
#2340=EDGE_CURVE('',#2823,#2828,#2829,.T.);
#2341=EDGE_CURVE('',#2830,#2825,#2831,.T.);
#2342=EDGE_CURVE('',#2830,#2828,#2832,.T.);
#2343=EDGE_CURVE('',#2828,#2833,#2834,.T.);
#2344=EDGE_CURVE('',#2835,#2830,#2836,.T.);
#2345=EDGE_CURVE('',#2835,#2833,#2837,.T.);
#2346=EDGE_CURVE('',#2833,#2838,#2839,.T.);
#2347=EDGE_CURVE('',#2840,#2835,#2841,.T.);
#2348=EDGE_CURVE('',#2840,#2838,#2842,.T.);
#2349=EDGE_CURVE('',#2838,#2843,#2844,.T.);
#2350=EDGE_CURVE('',#2845,#2840,#2846,.T.);
#2351=EDGE_CURVE('',#2845,#2843,#2847,.T.);
#2352=EDGE_CURVE('',#2843,#2848,#2849,.T.);
#2353=EDGE_CURVE('',#2850,#2845,#2851,.T.);
#2354=EDGE_CURVE('',#2850,#2848,#2852,.T.);
#2355=EDGE_CURVE('',#2848,#2853,#2854,.T.);
#2356=EDGE_CURVE('',#2855,#2850,#2856,.T.);
#2357=EDGE_CURVE('',#2855,#2853,#2857,.T.);
#2358=EDGE_CURVE('',#2853,#2858,#2859,.T.);
#2359=EDGE_CURVE('',#2860,#2855,#2861,.T.);
#2360=EDGE_CURVE('',#2860,#2858,#2862,.T.);
#2361=EDGE_CURVE('',#2858,#2863,#2864,.T.);
#2362=EDGE_CURVE('',#2865,#2860,#2866,.T.);
#2363=EDGE_CURVE('',#2865,#2863,#2867,.T.);
#2364=EDGE_CURVE('',#2863,#2868,#2869,.T.);
#2365=EDGE_CURVE('',#2870,#2865,#2871,.T.);
#2366=EDGE_CURVE('',#2870,#2868,#2872,.T.);
#2367=EDGE_CURVE('',#2868,#2873,#2874,.T.);
#2368=EDGE_CURVE('',#2875,#2870,#2876,.T.);
#2369=EDGE_CURVE('',#2875,#2873,#2877,.T.);
#2370=EDGE_CURVE('',#2873,#2878,#2879,.T.);
#2371=EDGE_CURVE('',#2880,#2875,#2881,.T.);
#2372=EDGE_CURVE('',#2880,#2878,#2882,.T.);
#2373=EDGE_CURVE('',#2878,#2883,#2884,.T.);
#2374=EDGE_CURVE('',#2885,#2880,#2886,.T.);
#2375=EDGE_CURVE('',#2885,#2883,#2887,.T.);
#2376=EDGE_CURVE('',#2883,#2888,#2889,.T.);
#2377=EDGE_CURVE('',#2890,#2885,#2891,.T.);
#2378=EDGE_CURVE('',#2890,#2888,#2892,.T.);
#2379=EDGE_CURVE('',#2888,#2893,#2894,.T.);
#2380=EDGE_CURVE('',#2895,#2890,#2896,.T.);
#2381=EDGE_CURVE('',#2895,#2893,#2897,.T.);
#2382=EDGE_CURVE('',#2893,#2898,#2899,.T.);
#2383=EDGE_CURVE('',#2900,#2895,#2901,.T.);
#2384=EDGE_CURVE('',#2900,#2898,#2902,.T.);
#2385=EDGE_CURVE('',#2898,#2903,#2904,.T.);
#2386=EDGE_CURVE('',#2905,#2900,#2906,.T.);
#2387=EDGE_CURVE('',#2905,#2903,#2907,.T.);
#2388=EDGE_CURVE('',#2903,#2908,#2909,.T.);
#2389=EDGE_CURVE('',#2910,#2905,#2911,.T.);
#2390=EDGE_CURVE('',#2910,#2908,#2912,.T.);
#2391=EDGE_CURVE('',#2908,#2913,#2914,.T.);
#2392=EDGE_CURVE('',#2915,#2910,#2916,.T.);
#2393=EDGE_CURVE('',#2915,#2913,#2917,.T.);
#2394=EDGE_CURVE('',#2913,#2785,#2918,.T.);
#2395=EDGE_CURVE('',#2788,#2915,#2919,.T.);
#2396=EDGE_CURVE('',#2920,#2921,#2922,.T.);
#2397=EDGE_CURVE('',#2923,#2920,#2924,.T.);
#2398=EDGE_CURVE('',#2923,#2925,#2926,.T.);
#2399=EDGE_CURVE('',#2925,#2921,#2927,.T.);
#2400=EDGE_CURVE('',#2921,#2928,#2929,.T.);
#2401=EDGE_CURVE('',#2925,#2930,#2931,.T.);
#2402=EDGE_CURVE('',#2930,#2928,#2932,.T.);
#2403=EDGE_CURVE('',#2928,#2933,#2934,.T.);
#2404=EDGE_CURVE('',#2930,#2935,#2936,.T.);
#2405=EDGE_CURVE('',#2935,#2933,#2937,.T.);
#2406=EDGE_CURVE('',#2933,#2938,#2939,.T.);
#2407=EDGE_CURVE('',#2935,#2940,#2941,.T.);
#2408=EDGE_CURVE('',#2940,#2938,#2942,.T.);
#2409=EDGE_CURVE('',#2938,#2943,#2944,.T.);
#2410=EDGE_CURVE('',#2940,#2945,#2946,.T.);
#2411=EDGE_CURVE('',#2945,#2943,#2947,.T.);
#2412=EDGE_CURVE('',#2943,#2948,#2949,.T.);
#2413=EDGE_CURVE('',#2945,#2950,#2951,.T.);
#2414=EDGE_CURVE('',#2950,#2948,#2952,.T.);
#2415=EDGE_CURVE('',#2948,#2953,#2954,.T.);
#2416=EDGE_CURVE('',#2950,#2955,#2956,.T.);
#2417=EDGE_CURVE('',#2955,#2953,#2957,.T.);
#2418=EDGE_CURVE('',#2953,#2958,#2959,.T.);
#2419=EDGE_CURVE('',#2955,#2960,#2961,.T.);
#2420=EDGE_CURVE('',#2960,#2958,#2962,.T.);
#2421=EDGE_CURVE('',#2958,#2963,#2964,.T.);
#2422=EDGE_CURVE('',#2960,#2965,#2966,.T.);
#2423=EDGE_CURVE('',#2965,#2963,#2967,.T.);
#2424=EDGE_CURVE('',#2963,#2968,#2969,.T.);
#2425=EDGE_CURVE('',#2965,#2970,#2971,.T.);
#2426=EDGE_CURVE('',#2970,#2968,#2972,.T.);
#2427=EDGE_CURVE('',#2968,#2973,#2974,.T.);
#2428=EDGE_CURVE('',#2970,#2975,#2976,.T.);
#2429=EDGE_CURVE('',#2975,#2973,#2977,.T.);
#2430=EDGE_CURVE('',#2973,#2920,#2978,.T.);
#2431=EDGE_CURVE('',#2975,#2923,#2979,.T.);
#2432=EDGE_CURVE('',#2980,#2981,#2982,.T.);
#2433=EDGE_CURVE('',#2983,#2981,#2984,.T.);
#2434=EDGE_CURVE('',#2983,#2985,#2986,.T.);
#2435=EDGE_CURVE('',#2985,#2980,#2987,.T.);
#2436=EDGE_CURVE('',#2981,#2988,#2989,.T.);
#2437=EDGE_CURVE('',#2990,#2988,#2991,.T.);
#2438=EDGE_CURVE('',#2990,#2983,#2992,.T.);
#2439=EDGE_CURVE('',#2988,#2993,#2994,.T.);
#2440=EDGE_CURVE('',#2995,#2993,#2996,.T.);
#2441=EDGE_CURVE('',#2995,#2990,#2997,.T.);
#2442=EDGE_CURVE('',#2993,#2998,#2999,.T.);
#2443=EDGE_CURVE('',#3000,#2998,#3001,.T.);
#2444=EDGE_CURVE('',#3000,#2995,#3002,.T.);
#2445=EDGE_CURVE('',#2998,#3003,#3004,.T.);
#2446=EDGE_CURVE('',#3005,#3003,#3006,.T.);
#2447=EDGE_CURVE('',#3005,#3000,#3007,.T.);
#2448=EDGE_CURVE('',#3003,#3008,#3009,.T.);
#2449=EDGE_CURVE('',#3010,#3008,#3011,.T.);
#2450=EDGE_CURVE('',#3010,#3005,#3012,.T.);
#2451=EDGE_CURVE('',#3008,#3013,#3014,.T.);
#2452=EDGE_CURVE('',#3015,#3013,#3016,.T.);
#2453=EDGE_CURVE('',#3015,#3010,#3017,.T.);
#2454=EDGE_CURVE('',#3013,#3018,#3019,.T.);
#2455=EDGE_CURVE('',#3020,#3018,#3021,.T.);
#2456=EDGE_CURVE('',#3020,#3015,#3022,.T.);
#2457=EDGE_CURVE('',#3018,#3023,#3024,.T.);
#2458=EDGE_CURVE('',#3025,#3023,#3026,.T.);
#2459=EDGE_CURVE('',#3025,#3020,#3027,.T.);
#2460=EDGE_CURVE('',#3023,#3028,#3029,.T.);
#2461=EDGE_CURVE('',#3030,#3028,#3031,.T.);
#2462=EDGE_CURVE('',#3030,#3025,#3032,.T.);
#2463=EDGE_CURVE('',#3028,#3033,#3034,.T.);
#2464=EDGE_CURVE('',#3035,#3033,#3036,.T.);
#2465=EDGE_CURVE('',#3035,#3030,#3037,.T.);
#2466=EDGE_CURVE('',#3033,#3038,#3039,.T.);
#2467=EDGE_CURVE('',#3040,#3038,#3041,.T.);
#2468=EDGE_CURVE('',#3040,#3035,#3042,.T.);
#2469=EDGE_CURVE('',#3038,#3043,#3044,.T.);
#2470=EDGE_CURVE('',#3045,#3043,#3046,.T.);
#2471=EDGE_CURVE('',#3045,#3040,#3047,.T.);
#2472=EDGE_CURVE('',#3043,#2980,#3048,.T.);
#2473=EDGE_CURVE('',#2985,#3045,#3049,.T.);
#2474=EDGE_CURVE('',#3050,#3051,#3052,.T.);
#2475=EDGE_CURVE('',#3053,#3050,#3054,.T.);
#2476=EDGE_CURVE('',#3055,#3053,#3056,.T.);
#2477=EDGE_CURVE('',#3055,#3051,#3057,.T.);
#2478=EDGE_CURVE('',#3051,#3058,#3059,.T.);
#2479=EDGE_CURVE('',#3060,#3055,#3061,.T.);
#2480=EDGE_CURVE('',#3060,#3058,#3062,.T.);
#2481=EDGE_CURVE('',#3058,#3063,#3064,.T.);
#2482=EDGE_CURVE('',#3065,#3060,#3066,.T.);
#2483=EDGE_CURVE('',#3065,#3063,#3067,.T.);
#2484=EDGE_CURVE('',#3063,#3068,#3069,.T.);
#2485=EDGE_CURVE('',#3070,#3065,#3071,.T.);
#2486=EDGE_CURVE('',#3070,#3068,#3072,.T.);
#2487=EDGE_CURVE('',#3068,#3073,#3074,.T.);
#2488=EDGE_CURVE('',#3075,#3070,#3076,.T.);
#2489=EDGE_CURVE('',#3075,#3073,#3077,.T.);
#2490=EDGE_CURVE('',#3073,#3078,#3079,.T.);
#2491=EDGE_CURVE('',#3080,#3075,#3081,.T.);
#2492=EDGE_CURVE('',#3080,#3078,#3082,.T.);
#2493=EDGE_CURVE('',#3078,#3083,#3084,.T.);
#2494=EDGE_CURVE('',#3085,#3080,#3086,.T.);
#2495=EDGE_CURVE('',#3085,#3083,#3087,.T.);
#2496=EDGE_CURVE('',#3083,#3088,#3089,.T.);
#2497=EDGE_CURVE('',#3090,#3085,#3091,.T.);
#2498=EDGE_CURVE('',#3090,#3088,#3092,.T.);
#2499=EDGE_CURVE('',#3088,#3093,#3094,.T.);
#2500=EDGE_CURVE('',#3095,#3090,#3096,.T.);
#2501=EDGE_CURVE('',#3095,#3093,#3097,.T.);
#2502=EDGE_CURVE('',#3093,#3098,#3099,.T.);
#2503=EDGE_CURVE('',#3100,#3095,#3101,.T.);
#2504=EDGE_CURVE('',#3100,#3098,#3102,.T.);
#2505=EDGE_CURVE('',#3098,#3103,#3104,.T.);
#2506=EDGE_CURVE('',#3105,#3100,#3106,.T.);
#2507=EDGE_CURVE('',#3105,#3103,#3107,.T.);
#2508=EDGE_CURVE('',#3103,#3108,#3109,.T.);
#2509=EDGE_CURVE('',#3110,#3105,#3111,.T.);
#2510=EDGE_CURVE('',#3110,#3108,#3112,.T.);
#2511=EDGE_CURVE('',#3108,#3113,#3114,.T.);
#2512=EDGE_CURVE('',#3115,#3110,#3116,.T.);
#2513=EDGE_CURVE('',#3115,#3113,#3117,.T.);
#2514=EDGE_CURVE('',#3113,#3118,#3119,.T.);
#2515=EDGE_CURVE('',#3120,#3115,#3121,.T.);
#2516=EDGE_CURVE('',#3120,#3118,#3122,.T.);
#2517=EDGE_CURVE('',#3118,#3123,#3124,.T.);
#2518=EDGE_CURVE('',#3125,#3120,#3126,.T.);
#2519=EDGE_CURVE('',#3125,#3123,#3127,.T.);
#2520=EDGE_CURVE('',#3123,#3128,#3129,.T.);
#2521=EDGE_CURVE('',#3130,#3125,#3131,.T.);
#2522=EDGE_CURVE('',#3130,#3128,#3132,.T.);
#2523=EDGE_CURVE('',#3128,#3133,#3134,.T.);
#2524=EDGE_CURVE('',#3135,#3130,#3136,.T.);
#2525=EDGE_CURVE('',#3135,#3133,#3137,.T.);
#2526=EDGE_CURVE('',#3133,#3138,#3139,.T.);
#2527=EDGE_CURVE('',#3140,#3135,#3141,.T.);
#2528=EDGE_CURVE('',#3140,#3138,#3142,.T.);
#2529=EDGE_CURVE('',#3138,#3143,#3144,.T.);
#2530=EDGE_CURVE('',#3145,#3140,#3146,.T.);
#2531=EDGE_CURVE('',#3145,#3143,#3147,.T.);
#2532=EDGE_CURVE('',#3143,#3148,#3149,.T.);
#2533=EDGE_CURVE('',#3150,#3145,#3151,.T.);
#2534=EDGE_CURVE('',#3150,#3148,#3152,.T.);
#2535=EDGE_CURVE('',#3148,#3153,#3154,.T.);
#2536=EDGE_CURVE('',#3155,#3150,#3156,.T.);
#2537=EDGE_CURVE('',#3155,#3153,#3157,.T.);
#2538=EDGE_CURVE('',#3153,#3158,#3159,.T.);
#2539=EDGE_CURVE('',#3160,#3155,#3161,.T.);
#2540=EDGE_CURVE('',#3160,#3158,#3162,.T.);
#2541=EDGE_CURVE('',#3158,#3163,#3164,.T.);
#2542=EDGE_CURVE('',#3165,#3160,#3166,.T.);
#2543=EDGE_CURVE('',#3165,#3163,#3167,.T.);
#2544=EDGE_CURVE('',#3163,#3050,#3168,.T.);
#2545=EDGE_CURVE('',#3053,#3165,#3169,.T.);
#2546=EDGE_CURVE('',#3170,#3171,#3172,.T.);
#2547=EDGE_CURVE('',#3173,#3171,#3174,.T.);
#2548=EDGE_CURVE('',#3173,#3175,#3176,.T.);
#2549=EDGE_CURVE('',#3175,#3170,#3177,.T.);
#2550=EDGE_CURVE('',#3171,#3178,#3179,.T.);
#2551=EDGE_CURVE('',#3180,#3178,#3181,.T.);
#2552=EDGE_CURVE('',#3180,#3173,#3182,.T.);
#2553=EDGE_CURVE('',#3178,#3170,#3183,.T.);
#2554=EDGE_CURVE('',#3175,#3180,#3184,.T.);
#2555=EDGE_CURVE('',#3185,#3186,#3187,.T.);
#2556=EDGE_CURVE('',#3188,#3185,#3189,.T.);
#2557=EDGE_CURVE('',#3188,#3190,#3191,.T.);
#2558=EDGE_CURVE('',#3190,#3186,#3192,.T.);
#2559=EDGE_CURVE('',#3186,#3193,#3194,.T.);
#2560=EDGE_CURVE('',#3190,#3195,#3196,.T.);
#2561=EDGE_CURVE('',#3195,#3193,#3197,.T.);
#2562=EDGE_CURVE('',#3193,#3198,#3199,.T.);
#2563=EDGE_CURVE('',#3195,#3200,#3201,.T.);
#2564=EDGE_CURVE('',#3200,#3198,#3202,.T.);
#2565=EDGE_CURVE('',#3198,#3203,#3204,.T.);
#2566=EDGE_CURVE('',#3200,#3205,#3206,.T.);
#2567=EDGE_CURVE('',#3205,#3203,#3207,.T.);
#2568=EDGE_CURVE('',#3203,#3185,#3208,.T.);
#2569=EDGE_CURVE('',#3205,#3188,#3209,.T.);
#2570=EDGE_CURVE('',#3210,#3211,#3212,.T.);
#2571=EDGE_CURVE('',#3213,#3210,#3214,.T.);
#2572=EDGE_CURVE('',#3215,#3213,#3216,.T.);
#2573=EDGE_CURVE('',#3215,#3211,#3217,.T.);
#2574=EDGE_CURVE('',#3211,#3218,#3219,.T.);
#2575=EDGE_CURVE('',#3220,#3215,#3221,.T.);
#2576=EDGE_CURVE('',#3220,#3218,#3222,.T.);
#2577=EDGE_CURVE('',#3218,#3223,#3224,.T.);
#2578=EDGE_CURVE('',#3225,#3220,#3226,.T.);
#2579=EDGE_CURVE('',#3225,#3223,#3227,.T.);
#2580=EDGE_CURVE('',#3223,#3228,#3229,.T.);
#2581=EDGE_CURVE('',#3230,#3225,#3231,.T.);
#2582=EDGE_CURVE('',#3230,#3228,#3232,.T.);
#2583=EDGE_CURVE('',#3228,#3233,#3234,.T.);
#2584=EDGE_CURVE('',#3235,#3230,#3236,.T.);
#2585=EDGE_CURVE('',#3235,#3233,#3237,.T.);
#2586=EDGE_CURVE('',#3233,#3238,#3239,.T.);
#2587=EDGE_CURVE('',#3240,#3235,#3241,.T.);
#2588=EDGE_CURVE('',#3240,#3238,#3242,.T.);
#2589=EDGE_CURVE('',#3238,#3243,#3244,.T.);
#2590=EDGE_CURVE('',#3245,#3240,#3246,.T.);
#2591=EDGE_CURVE('',#3245,#3243,#3247,.T.);
#2592=EDGE_CURVE('',#3243,#3248,#3249,.T.);
#2593=EDGE_CURVE('',#3250,#3245,#3251,.T.);
#2594=EDGE_CURVE('',#3250,#3248,#3252,.T.);
#2595=EDGE_CURVE('',#3248,#3253,#3254,.T.);
#2596=EDGE_CURVE('',#3255,#3250,#3256,.T.);
#2597=EDGE_CURVE('',#3255,#3253,#3257,.T.);
#2598=EDGE_CURVE('',#3253,#3258,#3259,.T.);
#2599=EDGE_CURVE('',#3260,#3255,#3261,.T.);
#2600=EDGE_CURVE('',#3260,#3258,#3262,.T.);
#2601=EDGE_CURVE('',#3258,#3263,#3264,.T.);
#2602=EDGE_CURVE('',#3265,#3260,#3266,.T.);
#2603=EDGE_CURVE('',#3265,#3263,#3267,.T.);
#2604=EDGE_CURVE('',#3263,#3210,#3268,.T.);
#2605=EDGE_CURVE('',#3213,#3265,#3269,.T.);
#2606=EDGE_CURVE('',#3270,#3271,#3272,.T.);
#2607=EDGE_CURVE('',#3273,#3270,#3274,.T.);
#2608=EDGE_CURVE('',#3275,#3273,#3276,.T.);
#2609=EDGE_CURVE('',#3271,#3275,#3277,.T.);
#2610=EDGE_CURVE('',#3278,#3279,#3280,.T.);
#2611=EDGE_CURVE('',#3278,#3281,#3282,.T.);
#2612=EDGE_CURVE('',#3283,#3281,#3284,.T.);
#2613=EDGE_CURVE('',#3283,#3279,#3285,.T.);
#2614=EDGE_CURVE('',#3279,#3283,#3286,.T.);
#2615=EDGE_CURVE('',#3281,#3278,#3287,.T.);
#2616=EDGE_CURVE('',#3275,#3271,#3288,.T.);
#2617=EDGE_CURVE('',#3270,#3273,#3289,.T.);
#2618=CARTESIAN_POINT('',(0.18,1.10218211923262E-17,-1.8));
#2619=CARTESIAN_POINT('',(9.91963907309356E-17,0.0,-1.62));
#2620=CARTESIAN_POINT('',(0.0900000000000001,2.09407686503627E-16,-1.71));
#2621=VECTOR('',#3290,1.0);
#2622=CARTESIAN_POINT('',(0.18,-2.20429143688028E-16,1.8));
#2623=AXIS2_PLACEMENT_3D('',#3291,#3292,#3293);
#2624=CARTESIAN_POINT('',(-9.91963907309356E-17,-1.98386229319225E-16,1.62));
#2625=CARTESIAN_POINT('',(0.0899999999999999,-2.09407686503627E-16,1.71));
#2626=VECTOR('',#3294,1.0);
#2627=AXIS2_PLACEMENT_3D('',#3295,#3296,#3297);
#2628=CARTESIAN_POINT('',(1.53,9.36854801347725E-17,-1.8));
#2629=CARTESIAN_POINT('',(0.855,2.20429143688028E-16,-1.8));
#2630=VECTOR('',#3298,1.0);
#2631=CARTESIAN_POINT('',(1.53,-2.20429143688028E-16,1.8));
#2632=AXIS2_PLACEMENT_3D('',#3299,#3300,#3301);
#2633=CARTESIAN_POINT('',(0.855,-2.20429143688028E-16,1.8));
#2634=VECTOR('',#3302,1.0);
#2635=CARTESIAN_POINT('',(1.6134,-3.40440566362621E-16,2.78));
#2636=CARTESIAN_POINT('',(1.53,-3.30227349371742E-16,2.6966));
#2637=AXIS2_PLACEMENT_3D('',#3303,#3304,#3305);
#2638=CARTESIAN_POINT('',(1.6134,9.8792257287217E-17,-2.78));
#2639=AXIS2_PLACEMENT_3D('',#3306,#3307,#3308);
#2640=CARTESIAN_POINT('',(1.53,9.36854801347725E-17,-2.6966));
#2641=AXIS2_PLACEMENT_3D('',#3309,#3310,#3311);
#2642=AXIS2_PLACEMENT_3D('',#3312,#3313,#3314);
#2643=CARTESIAN_POINT('',(2.0655,1.26475398181943E-16,-2.78));
#2644=CARTESIAN_POINT('',(1.83945,3.40440566362621E-16,-2.78));
#2645=VECTOR('',#3315,1.0);
#2646=CARTESIAN_POINT('',(2.0655,-3.40440566362621E-16,2.78));
#2647=AXIS2_PLACEMENT_3D('',#3316,#3317,#3318);
#2648=CARTESIAN_POINT('',(1.83945,-3.40440566362621E-16,2.78));
#2649=VECTOR('',#3319,1.0);
#2650=AXIS2_PLACEMENT_3D('',#3320,#3321,#3322);
#2651=CARTESIAN_POINT('',(2.142,1.31159672188682E-16,-2.7035));
#2652=CARTESIAN_POINT('',(2.0655,1.26475398181943E-16,-2.7035));
#2653=CARTESIAN_POINT('',(2.10375,3.3107232775588E-16,-2.7035));
#2654=VECTOR('',#3323,1.0);
#2655=CARTESIAN_POINT('',(2.142,-3.3107232775588E-16,2.7035));
#2656=AXIS2_PLACEMENT_3D('',#3324,#3325,#3326);
#2657=CARTESIAN_POINT('',(2.0655,-3.3107232775588E-16,2.7035));
#2658=CARTESIAN_POINT('',(2.10375,-3.3107232775588E-16,2.7035));
#2659=VECTOR('',#3327,1.0);
#2660=AXIS2_PLACEMENT_3D('',#3328,#3329,#3330);
#2661=CARTESIAN_POINT('',(2.3256,1.42401929804854E-16,-2.78));
#2662=CARTESIAN_POINT('',(2.142,1.31159672188682E-16,-2.78));
#2663=CARTESIAN_POINT('',(2.2338,3.40440566362621E-16,-2.78));
#2664=VECTOR('',#3331,1.0);
#2665=CARTESIAN_POINT('',(2.3256,-3.40440566362621E-16,2.78));
#2666=AXIS2_PLACEMENT_3D('',#3332,#3333,#3334);
#2667=CARTESIAN_POINT('',(2.142,-3.40440566362621E-16,2.78));
#2668=CARTESIAN_POINT('',(2.2338,-3.40440566362621E-16,2.78));
#2669=VECTOR('',#3335,1.0);
#2670=AXIS2_PLACEMENT_3D('',#3336,#3337,#3338);
#2671=CARTESIAN_POINT('',(2.4021,1.47086203811593E-16,-2.7035));
#2672=CARTESIAN_POINT('',(2.3256,1.42401929804854E-16,-2.7035));
#2673=CARTESIAN_POINT('',(2.36385,3.3107232775588E-16,-2.7035));
#2674=VECTOR('',#3339,1.0);
#2675=CARTESIAN_POINT('',(2.4021,-3.3107232775588E-16,2.7035));
#2676=AXIS2_PLACEMENT_3D('',#3340,#3341,#3342);
#2677=CARTESIAN_POINT('',(2.3256,-3.3107232775588E-16,2.7035));
#2678=CARTESIAN_POINT('',(2.36385,-3.3107232775588E-16,2.7035));
#2679=VECTOR('',#3343,1.0);
#2680=AXIS2_PLACEMENT_3D('',#3344,#3345,#3346);
#2681=CARTESIAN_POINT('',(5.4466,3.33508062811799E-16,-2.78));
#2682=CARTESIAN_POINT('',(2.4021,1.47086203811593E-16,-2.78));
#2683=CARTESIAN_POINT('',(3.92435,3.40440566362621E-16,-2.78));
#2684=VECTOR('',#3347,1.0);
#2685=CARTESIAN_POINT('',(5.4466,-3.40440566362621E-16,2.78));
#2686=AXIS2_PLACEMENT_3D('',#3348,#3349,#3350);
#2687=CARTESIAN_POINT('',(2.4021,-3.40440566362621E-16,2.78));
#2688=CARTESIAN_POINT('',(3.92435,-3.40440566362621E-16,2.78));
#2689=VECTOR('',#3351,1.0);
#2690=AXIS2_PLACEMENT_3D('',#3352,#3353,#3354);
#2691=CARTESIAN_POINT('',(5.53,3.38614839964243E-16,-2.6966));
#2692=CARTESIAN_POINT('',(5.4883,3.35333957867182E-16,-2.7383));
#2693=VECTOR('',#3355,1.0);
#2694=CARTESIAN_POINT('',(5.53,-3.30227349371742E-16,2.6966));
#2695=AXIS2_PLACEMENT_3D('',#3356,#3357,#3358);
#2696=CARTESIAN_POINT('',(5.4883,-3.35333957867182E-16,2.7383));
#2697=VECTOR('',#3359,1.0);
#2698=CARTESIAN_POINT('',(5.53,1.22044139129082E-16,-0.999999999999999));
#2699=CARTESIAN_POINT('',(5.3135,-3.25358038363473E-16,-0.783499999999999));
#2700=CARTESIAN_POINT('',(5.42175,1.08832861068359E-16,-0.891749999999999));
#2701=VECTOR('',#3360,1.0);
#2702=CARTESIAN_POINT('',(5.53,-3.38614839964243E-16,1.0));
#2703=AXIS2_PLACEMENT_3D('',#3361,#3362,#3363);
#2704=CARTESIAN_POINT('',(5.3135,-9.56215830076355E-17,0.783500000000001));
#2705=CARTESIAN_POINT('',(5.42175,-1.08832861068359E-16,0.891750000000001));
#2706=VECTOR('',#3364,1.0);
#2707=AXIS2_PLACEMENT_3D('',#3365,#3366,#3367);
#2708=CARTESIAN_POINT('',(0.2165,-1.32568016007701E-17,-0.7835));
#2709=CARTESIAN_POINT('',(2.765,9.56215830076355E-17,-0.783499999999999));
#2710=VECTOR('',#3368,1.0);
#2711=CARTESIAN_POINT('',(0.2165,-9.56215830076355E-17,0.7835));
#2712=CARTESIAN_POINT('',(2.765,-9.56215830076355E-17,0.783500000000001));
#2713=VECTOR('',#3369,1.0);
#2714=AXIS2_PLACEMENT_3D('',#3370,#3371,#3372);
#2715=CARTESIAN_POINT('',(6.12323399573677E-17,1.22044139129082E-16,-1.0));
#2716=CARTESIAN_POINT('',(0.10825,1.08832861068359E-16,-0.89175));
#2717=VECTOR('',#3373,1.0);
#2718=CARTESIAN_POINT('',(-1.83697019872103E-16,0.0,1.0));
#2719=CARTESIAN_POINT('',(0.10825,-1.08832861068359E-16,0.89175));
#2720=VECTOR('',#3374,1.0);
#2721=AXIS2_PLACEMENT_3D('',#3375,#3376,#3377);
#2722=AXIS2_PLACEMENT_3D('',#3378,#3379,#3380);
#2723=AXIS2_PLACEMENT_3D('',#3381,#3382,#3383);
#2724=AXIS2_PLACEMENT_3D('',#3384,#3385,#3386);
#2725=AXIS2_PLACEMENT_3D('',#3387,#3388,#3389);
#2726=AXIS2_PLACEMENT_3D('',#3390,#3391,#3392);
#2727=AXIS2_PLACEMENT_3D('',#3393,#3394,#3395);
#2728=AXIS2_PLACEMENT_3D('',#3396,#3397,#3398);
#2729=AXIS2_PLACEMENT_3D('',#3399,#3400,#3401);
#2730=AXIS2_PLACEMENT_3D('',#3402,#3403,#3404);
#2731=AXIS2_PLACEMENT_3D('',#3405,#3406,#3407);
#2732=AXIS2_PLACEMENT_3D('',#3408,#3409,#3410);
#2733=AXIS2_PLACEMENT_3D('',#3411,#3412,#3413);
#2734=AXIS2_PLACEMENT_3D('',#3414,#3415,#3416);
#2735=AXIS2_PLACEMENT_3D('',#3417,#3418,#3419);
#2736=AXIS2_PLACEMENT_3D('',#3420,#3421,#3422);
#2737=AXIS2_PLACEMENT_3D('',#3423,#3424,#3425);
#2738=AXIS2_PLACEMENT_3D('',#3426,#3427,#3428);
#2739=AXIS2_PLACEMENT_3D('',#3429,#3430,#3431);
#2740=VERTEX_POINT('',#3432);
#2741=VERTEX_POINT('',#3433);
#2742=LINE('',#3434,#3435);
#2743=VERTEX_POINT('',#3436);
#2744=LINE('',#3437,#3438);
#2745=VERTEX_POINT('',#3439);
#2746=LINE('',#3440,#3441);
#2747=LINE('',#3442,#3443);
#2748=VERTEX_POINT('',#3444);
#2749=LINE('',#3445,#3446);
#2750=VERTEX_POINT('',#3447);
#2751=LINE('',#3448,#3449);
#2752=LINE('',#3450,#3451);
#2753=VERTEX_POINT('',#3452);
#2754=LINE('',#3453,#3454);
#2755=VERTEX_POINT('',#3455);
#2756=LINE('',#3456,#3457);
#2757=LINE('',#3458,#3459);
#2758=VERTEX_POINT('',#3460);
#2759=LINE('',#3461,#3462);
#2760=VERTEX_POINT('',#3463);
#2761=LINE('',#3464,#3465);
#2762=LINE('',#3466,#3467);
#2763=VERTEX_POINT('',#3468);
#2764=LINE('',#3469,#3470);
#2765=VERTEX_POINT('',#3471);
#2766=LINE('',#3472,#3473);
#2767=LINE('',#3474,#3475);
#2768=VERTEX_POINT('',#3476);
#2769=LINE('',#3477,#3478);
#2770=VERTEX_POINT('',#3479);
#2771=LINE('',#3480,#3481);
#2772=LINE('',#3482,#3483);
#2773=VERTEX_POINT('',#3484);
#2774=LINE('',#3485,#3486);
#2775=VERTEX_POINT('',#3487);
#2776=LINE('',#3488,#3489);
#2777=LINE('',#3490,#3491);
#2778=VERTEX_POINT('',#3492);
#2779=LINE('',#3493,#3494);
#2780=VERTEX_POINT('',#3495);
#2781=LINE('',#3496,#3497);
#2782=LINE('',#3498,#3499);
#2783=LINE('',#3500,#3501);
#2784=LINE('',#3502,#3503);
#2785=VERTEX_POINT('',#3504);
#2786=VERTEX_POINT('',#3505);
#2787=LINE('',#3506,#3507);
#2788=VERTEX_POINT('',#3508);
#2789=LINE('',#3509,#3510);
#2790=VERTEX_POINT('',#3511);
#2791=LINE('',#3512,#3513);
#2792=LINE('',#3514,#3515);
#2793=VERTEX_POINT('',#3516);
#2794=LINE('',#3517,#3518);
#2795=VERTEX_POINT('',#3519);
#2796=LINE('',#3520,#3521);
#2797=LINE('',#3522,#3523);
#2798=VERTEX_POINT('',#3524);
#2799=LINE('',#3525,#3526);
#2800=VERTEX_POINT('',#3527);
#2801=LINE('',#3528,#3529);
#2802=LINE('',#3530,#3531);
#2803=VERTEX_POINT('',#3532);
#2804=LINE('',#3533,#3534);
#2805=VERTEX_POINT('',#3535);
#2806=LINE('',#3536,#3537);
#2807=LINE('',#3538,#3539);
#2808=VERTEX_POINT('',#3540);
#2809=LINE('',#3541,#3542);
#2810=VERTEX_POINT('',#3543);
#2811=LINE('',#3544,#3545);
#2812=LINE('',#3546,#3547);
#2813=VERTEX_POINT('',#3548);
#2814=LINE('',#3549,#3550);
#2815=VERTEX_POINT('',#3551);
#2816=LINE('',#3552,#3553);
#2817=LINE('',#3554,#3555);
#2818=VERTEX_POINT('',#3556);
#2819=LINE('',#3557,#3558);
#2820=VERTEX_POINT('',#3559);
#2821=LINE('',#3560,#3561);
#2822=LINE('',#3562,#3563);
#2823=VERTEX_POINT('',#3564);
#2824=LINE('',#3565,#3566);
#2825=VERTEX_POINT('',#3567);
#2826=LINE('',#3568,#3569);
#2827=LINE('',#3570,#3571);
#2828=VERTEX_POINT('',#3572);
#2829=LINE('',#3573,#3574);
#2830=VERTEX_POINT('',#3575);
#2831=LINE('',#3576,#3577);
#2832=LINE('',#3578,#3579);
#2833=VERTEX_POINT('',#3580);
#2834=LINE('',#3581,#3582);
#2835=VERTEX_POINT('',#3583);
#2836=LINE('',#3584,#3585);
#2837=LINE('',#3586,#3587);
#2838=VERTEX_POINT('',#3588);
#2839=LINE('',#3589,#3590);
#2840=VERTEX_POINT('',#3591);
#2841=LINE('',#3592,#3593);
#2842=LINE('',#3594,#3595);
#2843=VERTEX_POINT('',#3596);
#2844=LINE('',#3597,#3598);
#2845=VERTEX_POINT('',#3599);
#2846=LINE('',#3600,#3601);
#2847=LINE('',#3602,#3603);
#2848=VERTEX_POINT('',#3604);
#2849=LINE('',#3605,#3606);
#2850=VERTEX_POINT('',#3607);
#2851=LINE('',#3608,#3609);
#2852=LINE('',#3610,#3611);
#2853=VERTEX_POINT('',#3612);
#2854=LINE('',#3613,#3614);
#2855=VERTEX_POINT('',#3615);
#2856=LINE('',#3616,#3617);
#2857=LINE('',#3618,#3619);
#2858=VERTEX_POINT('',#3620);
#2859=LINE('',#3621,#3622);
#2860=VERTEX_POINT('',#3623);
#2861=LINE('',#3624,#3625);
#2862=LINE('',#3626,#3627);
#2863=VERTEX_POINT('',#3628);
#2864=LINE('',#3629,#3630);
#2865=VERTEX_POINT('',#3631);
#2866=LINE('',#3632,#3633);
#2867=LINE('',#3634,#3635);
#2868=VERTEX_POINT('',#3636);
#2869=LINE('',#3637,#3638);
#2870=VERTEX_POINT('',#3639);
#2871=LINE('',#3640,#3641);
#2872=LINE('',#3642,#3643);
#2873=VERTEX_POINT('',#3644);
#2874=LINE('',#3645,#3646);
#2875=VERTEX_POINT('',#3647);
#2876=LINE('',#3648,#3649);
#2877=LINE('',#3650,#3651);
#2878=VERTEX_POINT('',#3652);
#2879=LINE('',#3653,#3654);
#2880=VERTEX_POINT('',#3655);
#2881=LINE('',#3656,#3657);
#2882=LINE('',#3658,#3659);
#2883=VERTEX_POINT('',#3660);
#2884=LINE('',#3661,#3662);
#2885=VERTEX_POINT('',#3663);
#2886=LINE('',#3664,#3665);
#2887=LINE('',#3666,#3667);
#2888=VERTEX_POINT('',#3668);
#2889=LINE('',#3669,#3670);
#2890=VERTEX_POINT('',#3671);
#2891=LINE('',#3672,#3673);
#2892=LINE('',#3674,#3675);
#2893=VERTEX_POINT('',#3676);
#2894=LINE('',#3677,#3678);
#2895=VERTEX_POINT('',#3679);
#2896=LINE('',#3680,#3681);
#2897=LINE('',#3682,#3683);
#2898=VERTEX_POINT('',#3684);
#2899=LINE('',#3685,#3686);
#2900=VERTEX_POINT('',#3687);
#2901=LINE('',#3688,#3689);
#2902=LINE('',#3690,#3691);
#2903=VERTEX_POINT('',#3692);
#2904=LINE('',#3693,#3694);
#2905=VERTEX_POINT('',#3695);
#2906=LINE('',#3696,#3697);
#2907=LINE('',#3698,#3699);
#2908=VERTEX_POINT('',#3700);
#2909=LINE('',#3701,#3702);
#2910=VERTEX_POINT('',#3703);
#2911=LINE('',#3704,#3705);
#2912=LINE('',#3706,#3707);
#2913=VERTEX_POINT('',#3708);
#2914=LINE('',#3709,#3710);
#2915=VERTEX_POINT('',#3711);
#2916=LINE('',#3712,#3713);
#2917=LINE('',#3714,#3715);
#2918=LINE('',#3716,#3717);
#2919=LINE('',#3718,#3719);
#2920=VERTEX_POINT('',#3720);
#2921=VERTEX_POINT('',#3721);
#2922=LINE('',#3722,#3723);
#2923=VERTEX_POINT('',#3724);
#2924=LINE('',#3725,#3726);
#2925=VERTEX_POINT('',#3727);
#2926=LINE('',#3728,#3729);
#2927=LINE('',#3730,#3731);
#2928=VERTEX_POINT('',#3732);
#2929=LINE('',#3733,#3734);
#2930=VERTEX_POINT('',#3735);
#2931=LINE('',#3736,#3737);
#2932=LINE('',#3738,#3739);
#2933=VERTEX_POINT('',#3740);
#2934=LINE('',#3741,#3742);
#2935=VERTEX_POINT('',#3743);
#2936=LINE('',#3744,#3745);
#2937=LINE('',#3746,#3747);
#2938=VERTEX_POINT('',#3748);
#2939=LINE('',#3749,#3750);
#2940=VERTEX_POINT('',#3751);
#2941=LINE('',#3752,#3753);
#2942=LINE('',#3754,#3755);
#2943=VERTEX_POINT('',#3756);
#2944=LINE('',#3757,#3758);
#2945=VERTEX_POINT('',#3759);
#2946=LINE('',#3760,#3761);
#2947=LINE('',#3762,#3763);
#2948=VERTEX_POINT('',#3764);
#2949=LINE('',#3765,#3766);
#2950=VERTEX_POINT('',#3767);
#2951=LINE('',#3768,#3769);
#2952=LINE('',#3770,#3771);
#2953=VERTEX_POINT('',#3772);
#2954=LINE('',#3773,#3774);
#2955=VERTEX_POINT('',#3775);
#2956=LINE('',#3776,#3777);
#2957=LINE('',#3778,#3779);
#2958=VERTEX_POINT('',#3780);
#2959=LINE('',#3781,#3782);
#2960=VERTEX_POINT('',#3783);
#2961=LINE('',#3784,#3785);
#2962=LINE('',#3786,#3787);
#2963=VERTEX_POINT('',#3788);
#2964=LINE('',#3789,#3790);
#2965=VERTEX_POINT('',#3791);
#2966=LINE('',#3792,#3793);
#2967=LINE('',#3794,#3795);
#2968=VERTEX_POINT('',#3796);
#2969=LINE('',#3797,#3798);
#2970=VERTEX_POINT('',#3799);
#2971=LINE('',#3800,#3801);
#2972=LINE('',#3802,#3803);
#2973=VERTEX_POINT('',#3804);
#2974=LINE('',#3805,#3806);
#2975=VERTEX_POINT('',#3807);
#2976=LINE('',#3808,#3809);
#2977=LINE('',#3810,#3811);
#2978=LINE('',#3812,#3813);
#2979=LINE('',#3814,#3815);
#2980=VERTEX_POINT('',#3816);
#2981=VERTEX_POINT('',#3817);
#2982=LINE('',#3818,#3819);
#2983=VERTEX_POINT('',#3820);
#2984=LINE('',#3821,#3822);
#2985=VERTEX_POINT('',#3823);
#2986=LINE('',#3824,#3825);
#2987=LINE('',#3826,#3827);
#2988=VERTEX_POINT('',#3828);
#2989=LINE('',#3829,#3830);
#2990=VERTEX_POINT('',#3831);
#2991=LINE('',#3832,#3833);
#2992=LINE('',#3834,#3835);
#2993=VERTEX_POINT('',#3836);
#2994=LINE('',#3837,#3838);
#2995=VERTEX_POINT('',#3839);
#2996=LINE('',#3840,#3841);
#2997=LINE('',#3842,#3843);
#2998=VERTEX_POINT('',#3844);
#2999=LINE('',#3845,#3846);
#3000=VERTEX_POINT('',#3847);
#3001=LINE('',#3848,#3849);
#3002=LINE('',#3850,#3851);
#3003=VERTEX_POINT('',#3852);
#3004=LINE('',#3853,#3854);
#3005=VERTEX_POINT('',#3855);
#3006=LINE('',#3856,#3857);
#3007=LINE('',#3858,#3859);
#3008=VERTEX_POINT('',#3860);
#3009=LINE('',#3861,#3862);
#3010=VERTEX_POINT('',#3863);
#3011=LINE('',#3864,#3865);
#3012=LINE('',#3866,#3867);
#3013=VERTEX_POINT('',#3868);
#3014=LINE('',#3869,#3870);
#3015=VERTEX_POINT('',#3871);
#3016=LINE('',#3872,#3873);
#3017=LINE('',#3874,#3875);
#3018=VERTEX_POINT('',#3876);
#3019=LINE('',#3877,#3878);
#3020=VERTEX_POINT('',#3879);
#3021=LINE('',#3880,#3881);
#3022=LINE('',#3882,#3883);
#3023=VERTEX_POINT('',#3884);
#3024=LINE('',#3885,#3886);
#3025=VERTEX_POINT('',#3887);
#3026=LINE('',#3888,#3889);
#3027=LINE('',#3890,#3891);
#3028=VERTEX_POINT('',#3892);
#3029=LINE('',#3893,#3894);
#3030=VERTEX_POINT('',#3895);
#3031=LINE('',#3896,#3897);
#3032=LINE('',#3898,#3899);
#3033=VERTEX_POINT('',#3900);
#3034=LINE('',#3901,#3902);
#3035=VERTEX_POINT('',#3903);
#3036=LINE('',#3904,#3905);
#3037=LINE('',#3906,#3907);
#3038=VERTEX_POINT('',#3908);
#3039=LINE('',#3909,#3910);
#3040=VERTEX_POINT('',#3911);
#3041=LINE('',#3912,#3913);
#3042=LINE('',#3914,#3915);
#3043=VERTEX_POINT('',#3916);
#3044=LINE('',#3917,#3918);
#3045=VERTEX_POINT('',#3919);
#3046=LINE('',#3920,#3921);
#3047=LINE('',#3922,#3923);
#3048=LINE('',#3924,#3925);
#3049=LINE('',#3926,#3927);
#3050=VERTEX_POINT('',#3928);
#3051=VERTEX_POINT('',#3929);
#3052=LINE('',#3930,#3931);
#3053=VERTEX_POINT('',#3932);
#3054=LINE('',#3933,#3934);
#3055=VERTEX_POINT('',#3935);
#3056=LINE('',#3936,#3937);
#3057=LINE('',#3938,#3939);
#3058=VERTEX_POINT('',#3940);
#3059=LINE('',#3941,#3942);
#3060=VERTEX_POINT('',#3943);
#3061=LINE('',#3944,#3945);
#3062=LINE('',#3946,#3947);
#3063=VERTEX_POINT('',#3948);
#3064=LINE('',#3949,#3950);
#3065=VERTEX_POINT('',#3951);
#3066=LINE('',#3952,#3953);
#3067=LINE('',#3954,#3955);
#3068=VERTEX_POINT('',#3956);
#3069=LINE('',#3957,#3958);
#3070=VERTEX_POINT('',#3959);
#3071=LINE('',#3960,#3961);
#3072=LINE('',#3962,#3963);
#3073=VERTEX_POINT('',#3964);
#3074=LINE('',#3965,#3966);
#3075=VERTEX_POINT('',#3967);
#3076=LINE('',#3968,#3969);
#3077=LINE('',#3970,#3971);
#3078=VERTEX_POINT('',#3972);
#3079=LINE('',#3973,#3974);
#3080=VERTEX_POINT('',#3975);
#3081=LINE('',#3976,#3977);
#3082=LINE('',#3978,#3979);
#3083=VERTEX_POINT('',#3980);
#3084=LINE('',#3981,#3982);
#3085=VERTEX_POINT('',#3983);
#3086=LINE('',#3984,#3985);
#3087=LINE('',#3986,#3987);
#3088=VERTEX_POINT('',#3988);
#3089=LINE('',#3989,#3990);
#3090=VERTEX_POINT('',#3991);
#3091=LINE('',#3992,#3993);
#3092=LINE('',#3994,#3995);
#3093=VERTEX_POINT('',#3996);
#3094=LINE('',#3997,#3998);
#3095=VERTEX_POINT('',#3999);
#3096=LINE('',#4000,#4001);
#3097=LINE('',#4002,#4003);
#3098=VERTEX_POINT('',#4004);
#3099=LINE('',#4005,#4006);
#3100=VERTEX_POINT('',#4007);
#3101=LINE('',#4008,#4009);
#3102=LINE('',#4010,#4011);
#3103=VERTEX_POINT('',#4012);
#3104=LINE('',#4013,#4014);
#3105=VERTEX_POINT('',#4015);
#3106=LINE('',#4016,#4017);
#3107=LINE('',#4018,#4019);
#3108=VERTEX_POINT('',#4020);
#3109=LINE('',#4021,#4022);
#3110=VERTEX_POINT('',#4023);
#3111=LINE('',#4024,#4025);
#3112=LINE('',#4026,#4027);
#3113=VERTEX_POINT('',#4028);
#3114=LINE('',#4029,#4030);
#3115=VERTEX_POINT('',#4031);
#3116=LINE('',#4032,#4033);
#3117=LINE('',#4034,#4035);
#3118=VERTEX_POINT('',#4036);
#3119=LINE('',#4037,#4038);
#3120=VERTEX_POINT('',#4039);
#3121=LINE('',#4040,#4041);
#3122=LINE('',#4042,#4043);
#3123=VERTEX_POINT('',#4044);
#3124=LINE('',#4045,#4046);
#3125=VERTEX_POINT('',#4047);
#3126=LINE('',#4048,#4049);
#3127=LINE('',#4050,#4051);
#3128=VERTEX_POINT('',#4052);
#3129=LINE('',#4053,#4054);
#3130=VERTEX_POINT('',#4055);
#3131=LINE('',#4056,#4057);
#3132=LINE('',#4058,#4059);
#3133=VERTEX_POINT('',#4060);
#3134=LINE('',#4061,#4062);
#3135=VERTEX_POINT('',#4063);
#3136=LINE('',#4064,#4065);
#3137=LINE('',#4066,#4067);
#3138=VERTEX_POINT('',#4068);
#3139=LINE('',#4069,#4070);
#3140=VERTEX_POINT('',#4071);
#3141=LINE('',#4072,#4073);
#3142=LINE('',#4074,#4075);
#3143=VERTEX_POINT('',#4076);
#3144=LINE('',#4077,#4078);
#3145=VERTEX_POINT('',#4079);
#3146=LINE('',#4080,#4081);
#3147=LINE('',#4082,#4083);
#3148=VERTEX_POINT('',#4084);
#3149=LINE('',#4085,#4086);
#3150=VERTEX_POINT('',#4087);
#3151=LINE('',#4088,#4089);
#3152=LINE('',#4090,#4091);
#3153=VERTEX_POINT('',#4092);
#3154=LINE('',#4093,#4094);
#3155=VERTEX_POINT('',#4095);
#3156=LINE('',#4096,#4097);
#3157=LINE('',#4098,#4099);
#3158=VERTEX_POINT('',#4100);
#3159=LINE('',#4101,#4102);
#3160=VERTEX_POINT('',#4103);
#3161=LINE('',#4104,#4105);
#3162=LINE('',#4106,#4107);
#3163=VERTEX_POINT('',#4108);
#3164=LINE('',#4109,#4110);
#3165=VERTEX_POINT('',#4111);
#3166=LINE('',#4112,#4113);
#3167=LINE('',#4114,#4115);
#3168=LINE('',#4116,#4117);
#3169=LINE('',#4118,#4119);
#3170=VERTEX_POINT('',#4120);
#3171=VERTEX_POINT('',#4121);
#3172=LINE('',#4122,#4123);
#3173=VERTEX_POINT('',#4124);
#3174=LINE('',#4125,#4126);
#3175=VERTEX_POINT('',#4127);
#3176=LINE('',#4128,#4129);
#3177=LINE('',#4130,#4131);
#3178=VERTEX_POINT('',#4132);
#3179=LINE('',#4133,#4134);
#3180=VERTEX_POINT('',#4135);
#3181=LINE('',#4136,#4137);
#3182=LINE('',#4138,#4139);
#3183=LINE('',#4140,#4141);
#3184=LINE('',#4142,#4143);
#3185=VERTEX_POINT('',#4144);
#3186=VERTEX_POINT('',#4145);
#3187=LINE('',#4146,#4147);
#3188=VERTEX_POINT('',#4148);
#3189=LINE('',#4149,#4150);
#3190=VERTEX_POINT('',#4151);
#3191=LINE('',#4152,#4153);
#3192=LINE('',#4154,#4155);
#3193=VERTEX_POINT('',#4156);
#3194=LINE('',#4157,#4158);
#3195=VERTEX_POINT('',#4159);
#3196=LINE('',#4160,#4161);
#3197=LINE('',#4162,#4163);
#3198=VERTEX_POINT('',#4164);
#3199=LINE('',#4165,#4166);
#3200=VERTEX_POINT('',#4167);
#3201=LINE('',#4168,#4169);
#3202=LINE('',#4170,#4171);
#3203=VERTEX_POINT('',#4172);
#3204=LINE('',#4173,#4174);
#3205=VERTEX_POINT('',#4175);
#3206=LINE('',#4176,#4177);
#3207=LINE('',#4178,#4179);
#3208=LINE('',#4180,#4181);
#3209=LINE('',#4182,#4183);
#3210=VERTEX_POINT('',#4184);
#3211=VERTEX_POINT('',#4185);
#3212=LINE('',#4186,#4187);
#3213=VERTEX_POINT('',#4188);
#3214=LINE('',#4189,#4190);
#3215=VERTEX_POINT('',#4191);
#3216=LINE('',#4192,#4193);
#3217=LINE('',#4194,#4195);
#3218=VERTEX_POINT('',#4196);
#3219=LINE('',#4197,#4198);
#3220=VERTEX_POINT('',#4199);
#3221=LINE('',#4200,#4201);
#3222=LINE('',#4202,#4203);
#3223=VERTEX_POINT('',#4204);
#3224=LINE('',#4205,#4206);
#3225=VERTEX_POINT('',#4207);
#3226=LINE('',#4208,#4209);
#3227=LINE('',#4210,#4211);
#3228=VERTEX_POINT('',#4212);
#3229=LINE('',#4213,#4214);
#3230=VERTEX_POINT('',#4215);
#3231=LINE('',#4216,#4217);
#3232=LINE('',#4218,#4219);
#3233=VERTEX_POINT('',#4220);
#3234=LINE('',#4221,#4222);
#3235=VERTEX_POINT('',#4223);
#3236=LINE('',#4224,#4225);
#3237=LINE('',#4226,#4227);
#3238=VERTEX_POINT('',#4228);
#3239=LINE('',#4229,#4230);
#3240=VERTEX_POINT('',#4231);
#3241=LINE('',#4232,#4233);
#3242=LINE('',#4234,#4235);
#3243=VERTEX_POINT('',#4236);
#3244=LINE('',#4237,#4238);
#3245=VERTEX_POINT('',#4239);
#3246=LINE('',#4240,#4241);
#3247=LINE('',#4242,#4243);
#3248=VERTEX_POINT('',#4244);
#3249=LINE('',#4245,#4246);
#3250=VERTEX_POINT('',#4247);
#3251=LINE('',#4248,#4249);
#3252=LINE('',#4250,#4251);
#3253=VERTEX_POINT('',#4252);
#3254=LINE('',#4253,#4254);
#3255=VERTEX_POINT('',#4255);
#3256=LINE('',#4256,#4257);
#3257=LINE('',#4258,#4259);
#3258=VERTEX_POINT('',#4260);
#3259=LINE('',#4261,#4262);
#3260=VERTEX_POINT('',#4263);
#3261=LINE('',#4264,#4265);
#3262=LINE('',#4266,#4267);
#3263=VERTEX_POINT('',#4268);
#3264=LINE('',#4269,#4270);
#3265=VERTEX_POINT('',#4271);
#3266=LINE('',#4272,#4273);
#3267=LINE('',#4274,#4275);
#3268=LINE('',#4276,#4277);
#3269=LINE('',#4278,#4279);
#3270=VERTEX_POINT('',#4280);
#3271=VERTEX_POINT('',#4281);
#3272=LINE('',#4282,#4283);
#3273=VERTEX_POINT('',#4284);
#3274=CIRCLE('',#4285,0.0554087930551668);
#3275=VERTEX_POINT('',#4286);
#3276=LINE('',#4287,#4288);
#3277=CIRCLE('',#4289,0.0554087930551668);
#3278=VERTEX_POINT('',#4290);
#3279=VERTEX_POINT('',#4291);
#3280=LINE('',#4292,#4293);
#3281=VERTEX_POINT('',#4294);
#3282=CIRCLE('',#4295,0.0428131599150023);
#3283=VERTEX_POINT('',#4296);
#3284=LINE('',#4297,#4298);
#3285=CIRCLE('',#4299,0.0428131599150023);
#3286=CIRCLE('',#4300,0.0428131599150023);
#3287=CIRCLE('',#4301,0.0428131599150023);
#3288=CIRCLE('',#4302,0.0554087930551668);
#3289=CIRCLE('',#4303,0.0554087930551668);
#3290=DIRECTION('',(-0.707106781186548,-8.65927457071935E-17,0.707106781186547));
#3291=CARTESIAN_POINT('',(0.18,0.0,1.10218211923262E-17));
#3292=DIRECTION('',(-1.0,0.0,-6.12323399573677E-17));
#3293=DIRECTION('',(6.12323399573677E-17,0.0,-1.0));
#3294=DIRECTION('',(0.707106781186548,-8.65927457071935E-17,0.707106781186547));
#3295=CARTESIAN_POINT('',(0.0,0.0,0.0));
#3296=DIRECTION('',(-1.0,0.0,-6.12323399573676E-17));
#3297=DIRECTION('',(6.12323399573677E-17,0.0,-1.0));
#3298=DIRECTION('',(-1.0,0.0,-6.12323399573677E-17));
#3299=CARTESIAN_POINT('',(1.53,0.0,9.36854801347725E-17));
#3300=DIRECTION('',(-1.0,0.0,-6.12323399573677E-17));
#3301=DIRECTION('',(6.12323399573677E-17,0.0,-1.0));
#3302=DIRECTION('',(1.0,-0.0,6.12323399573677E-17));
#3303=CARTESIAN_POINT('',(1.6134,-3.30227349371742E-16,2.6966));
#3304=DIRECTION('',(7.49855125712043E-33,-1.0,-1.22460635382238E-16));
#3305=DIRECTION('',(-6.12323399573677E-17,-1.22460635382238E-16,1.0));
#3306=CARTESIAN_POINT('',(1.6134,0.0,9.8792257287217E-17));
#3307=DIRECTION('',(-1.0,0.0,-6.12323399573677E-17));
#3308=DIRECTION('',(6.12323399573677E-17,0.0,-1.0));
#3309=CARTESIAN_POINT('',(1.6134,3.30227349371742E-16,-2.6966));
#3310=DIRECTION('',(7.49855125712043E-33,-1.0,-1.22460635382238E-16));
#3311=DIRECTION('',(6.12323399573677E-17,1.22460635382238E-16,-1.0));
#3312=CARTESIAN_POINT('',(1.53,0.0,9.36854801347725E-17));
#3313=DIRECTION('',(-1.0,0.0,-6.12323399573677E-17));
#3314=DIRECTION('',(6.12323399573677E-17,0.0,-1.0));
#3315=DIRECTION('',(-1.0,0.0,-6.12323399573677E-17));
#3316=CARTESIAN_POINT('',(2.0655,0.0,1.26475398181943E-16));
#3317=DIRECTION('',(-1.0,0.0,-6.12323399573677E-17));
#3318=DIRECTION('',(6.12323399573677E-17,0.0,-1.0));
#3319=DIRECTION('',(1.0,-0.0,6.12323399573677E-17));
#3320=CARTESIAN_POINT('',(1.6134,0.0,9.8792257287217E-17));
#3321=DIRECTION('',(-1.0,0.0,-6.12323399573677E-17));
#3322=DIRECTION('',(6.12323399573677E-17,0.0,-1.0));
#3323=DIRECTION('',(-1.0,0.0,-6.12323399573677E-17));
#3324=CARTESIAN_POINT('',(2.142,0.0,1.31159672188682E-16));
#3325=DIRECTION('',(-1.0,0.0,-6.12323399573677E-17));
#3326=DIRECTION('',(6.12323399573677E-17,0.0,-1.0));
#3327=DIRECTION('',(1.0,-0.0,6.12323399573677E-17));
#3328=CARTESIAN_POINT('',(2.0655,0.0,1.26475398181943E-16));
#3329=DIRECTION('',(-1.0,0.0,-6.12323399573677E-17));
#3330=DIRECTION('',(6.12323399573677E-17,0.0,-1.0));
#3331=DIRECTION('',(-1.0,0.0,-6.12323399573677E-17));
#3332=CARTESIAN_POINT('',(2.3256,0.0,1.42401929804854E-16));
#3333=DIRECTION('',(-1.0,0.0,-6.12323399573677E-17));
#3334=DIRECTION('',(6.12323399573677E-17,0.0,-1.0));
#3335=DIRECTION('',(1.0,-0.0,6.12323399573677E-17));
#3336=CARTESIAN_POINT('',(2.142,0.0,1.31159672188682E-16));
#3337=DIRECTION('',(-1.0,0.0,-6.12323399573677E-17));
#3338=DIRECTION('',(6.12323399573677E-17,0.0,-1.0));
#3339=DIRECTION('',(-1.0,0.0,-6.12323399573677E-17));
#3340=CARTESIAN_POINT('',(2.4021,0.0,1.47086203811593E-16));
#3341=DIRECTION('',(-1.0,0.0,-6.12323399573677E-17));
#3342=DIRECTION('',(6.12323399573677E-17,0.0,-1.0));
#3343=DIRECTION('',(1.0,-0.0,6.12323399573677E-17));
#3344=CARTESIAN_POINT('',(2.3256,0.0,1.42401929804854E-16));
#3345=DIRECTION('',(-1.0,0.0,-6.12323399573677E-17));
#3346=DIRECTION('',(6.12323399573677E-17,0.0,-1.0));
#3347=DIRECTION('',(-1.0,0.0,-6.12323399573677E-17));
#3348=CARTESIAN_POINT('',(5.4466,0.0,3.33508062811799E-16));
#3349=DIRECTION('',(-1.0,0.0,-6.12323399573677E-17));
#3350=DIRECTION('',(6.12323399573677E-17,0.0,-1.0));
#3351=DIRECTION('',(1.0,-0.0,6.12323399573677E-17));
#3352=CARTESIAN_POINT('',(2.4021,0.0,1.47086203811593E-16));
#3353=DIRECTION('',(-1.0,0.0,-6.12323399573677E-17));
#3354=DIRECTION('',(6.12323399573677E-17,0.0,-1.0));
#3355=DIRECTION('',(-0.707106781186547,8.65927457071935E-17,-0.707106781186548));
#3356=CARTESIAN_POINT('',(5.53,0.0,3.38614839964243E-16));
#3357=DIRECTION('',(-1.0,0.0,-6.12323399573677E-17));
#3358=DIRECTION('',(6.12323399573677E-17,0.0,-1.0));
#3359=DIRECTION('',(0.707106781186548,8.65927457071936E-17,-0.707106781186548));
#3360=DIRECTION('',(-0.707106781186548,-8.62982383822482E-17,0.707106781186547));
#3361=CARTESIAN_POINT('',(5.53,0.0,1.01584451989273E-15));
#3362=DIRECTION('',(-1.0,0.0,-6.12323399573677E-17));
#3363=DIRECTION('',(-6.12323399573677E-17,0.0,1.0));
#3364=DIRECTION('',(0.707106781186548,-8.62982383822481E-17,0.707106781186547));
#3365=CARTESIAN_POINT('',(5.3135,0.0,9.76074115090419E-16));
#3366=DIRECTION('',(-1.0,0.0,-1.83697019872103E-16));
#3367=DIRECTION('',(1.83697019872103E-16,-4.16496253156019E-19,-1.0));
#3368=DIRECTION('',(-1.0,-0.0,-1.83697019872103E-16));
#3369=DIRECTION('',(1.0,-0.0,1.83697019872103E-16));
#3370=CARTESIAN_POINT('',(0.2165,0.0,3.97704048023103E-17));
#3371=DIRECTION('',(-1.0,0.0,-1.83697019872103E-16));
#3372=DIRECTION('',(1.83697019872103E-16,-4.16496253156019E-19,-1.0));
#3373=DIRECTION('',(-0.707106781186547,8.62982383822482E-17,-0.707106781186548));
#3374=DIRECTION('',(0.707106781186547,8.62982383822482E-17,-0.707106781186548));
#3375=CARTESIAN_POINT('',(0.0,0.0,0.0));
#3376=DIRECTION('',(1.0,0.0,6.12323399573677E-17));
#3377=DIRECTION('',(-6.12323399573677E-17,0.0,1.0));
#3378=CARTESIAN_POINT('',(0.0,0.0,0.0));
#3379=DIRECTION('',(1.0,0.0,6.12323399573677E-17));
#3380=DIRECTION('',(-6.12323399573677E-17,0.0,1.0));
#3381=CARTESIAN_POINT('',(0.2165,0.0,3.97704048023103E-17));
#3382=DIRECTION('',(-1.0,0.0,-1.83697019872103E-16));
#3383=DIRECTION('',(1.83697019872103E-16,-4.16496253156019E-19,-1.0));
#3384=CARTESIAN_POINT('',(5.3135,0.0,9.76074115090419E-16));
#3385=DIRECTION('',(-1.0,0.0,-1.83697019872103E-16));
#3386=DIRECTION('',(1.83697019872103E-16,-4.16496253156019E-19,-1.0));
#3387=CARTESIAN_POINT('',(5.53,0.0,1.01584451989273E-15));
#3388=DIRECTION('',(-1.0,0.0,-6.12323399573677E-17));
#3389=DIRECTION('',(-6.12323399573677E-17,0.0,1.0));
#3390=CARTESIAN_POINT('',(5.53,0.0,3.38614839964243E-16));
#3391=DIRECTION('',(-1.0,0.0,-6.12323399573677E-17));
#3392=DIRECTION('',(6.12323399573677E-17,0.0,-1.0));
#3393=CARTESIAN_POINT('',(5.4466,0.0,3.33508062811799E-16));
#3394=DIRECTION('',(-1.0,0.0,-6.12323399573677E-17));
#3395=DIRECTION('',(6.12323399573677E-17,0.0,-1.0));
#3396=CARTESIAN_POINT('',(2.4021,0.0,1.47086203811593E-16));
#3397=DIRECTION('',(-1.0,0.0,-6.12323399573677E-17));
#3398=DIRECTION('',(6.12323399573677E-17,0.0,-1.0));
#3399=CARTESIAN_POINT('',(2.4021,0.0,1.47086203811593E-16));
#3400=DIRECTION('',(-1.0,0.0,-6.12323399573677E-17));
#3401=DIRECTION('',(6.12323399573677E-17,0.0,-1.0));
#3402=CARTESIAN_POINT('',(2.3256,0.0,1.42401929804854E-16));
#3403=DIRECTION('',(-1.0,0.0,-6.12323399573677E-17));
#3404=DIRECTION('',(6.12323399573677E-17,0.0,-1.0));
#3405=CARTESIAN_POINT('',(2.3256,0.0,1.42401929804854E-16));
#3406=DIRECTION('',(-1.0,0.0,-6.12323399573677E-17));
#3407=DIRECTION('',(6.12323399573677E-17,0.0,-1.0));
#3408=CARTESIAN_POINT('',(2.142,0.0,1.31159672188682E-16));
#3409=DIRECTION('',(-1.0,0.0,-6.12323399573677E-17));
#3410=DIRECTION('',(6.12323399573677E-17,0.0,-1.0));
#3411=CARTESIAN_POINT('',(2.142,0.0,1.31159672188682E-16));
#3412=DIRECTION('',(-1.0,0.0,-6.12323399573677E-17));
#3413=DIRECTION('',(6.12323399573677E-17,0.0,-1.0));
#3414=CARTESIAN_POINT('',(2.0655,0.0,1.26475398181943E-16));
#3415=DIRECTION('',(-1.0,0.0,-6.12323399573677E-17));
#3416=DIRECTION('',(6.12323399573677E-17,0.0,-1.0));
#3417=CARTESIAN_POINT('',(2.0655,0.0,1.26475398181943E-16));
#3418=DIRECTION('',(-1.0,0.0,-6.12323399573677E-17));
#3419=DIRECTION('',(6.12323399573677E-17,0.0,-1.0));
#3420=CARTESIAN_POINT('',(1.53,0.0,9.36854801347725E-17));
#3421=DIRECTION('',(-1.0,0.0,-6.12323399573677E-17));
#3422=DIRECTION('',(6.12323399573677E-17,0.0,-1.0));
#3423=CARTESIAN_POINT('',(1.53,0.0,9.36854801347725E-17));
#3424=DIRECTION('',(-1.0,0.0,-6.12323399573677E-17));
#3425=DIRECTION('',(6.12323399573677E-17,0.0,-1.0));
#3426=CARTESIAN_POINT('',(0.18,0.0,1.10218211923262E-17));
#3427=DIRECTION('',(-1.0,0.0,-6.12323399573677E-17));
#3428=DIRECTION('',(6.12323399573677E-17,0.0,-1.0));
#3429=CARTESIAN_POINT('',(0.0,0.0,0.0));
#3430=DIRECTION('',(-1.0,0.0,-6.12323399573676E-17));
#3431=DIRECTION('',(6.12323399573677E-17,0.0,-1.0));
#3432=CARTESIAN_POINT('',(1.72993839260711,0.614498369998275,2.3705125153633));
#3433=CARTESIAN_POINT('',(1.72993839260711,0.614657984186179,2.38621086632552));
#3434=CARTESIAN_POINT('',(1.72993839260711,0.614498369998275,2.37181450109219));
#3435=VECTOR('',#4304,1.0);
#3436=CARTESIAN_POINT('',(1.71,0.614657984186179,2.38621086632552));
#3437=CARTESIAN_POINT('',(1.71,0.614498369998275,2.38616061741451));
#3438=VECTOR('',#4305,0.398767852142257);
#3439=CARTESIAN_POINT('',(1.71,0.614498369998275,2.3705125153633));
#3440=CARTESIAN_POINT('',(1.71,0.614498369998275,2.37181450109219));
#3441=VECTOR('',#4306,1.0);
#3442=CARTESIAN_POINT('',(1.71,0.614498369998275,2.3705125153633));
#3443=VECTOR('',#4307,0.398767852142257);
#3444=CARTESIAN_POINT('',(1.72993839260711,0.619724256742993,2.38679907416613));
#3445=CARTESIAN_POINT('',(1.72993839260711,0.619228524880968,2.3867447228415));
#3446=VECTOR('',#4308,1.0);
#3447=CARTESIAN_POINT('',(1.71,0.619724256742993,2.38679907416613));
#3448=CARTESIAN_POINT('',(1.71,0.619724256742993,2.38679907416613));
#3449=VECTOR('',#4309,0.398767852142257);
#3450=CARTESIAN_POINT('',(1.71,0.619228524880968,2.3867447228415));
#3451=VECTOR('',#4310,1.0);
#3452=CARTESIAN_POINT('',(1.72993839260711,0.623673229984478,2.38679907416613));
#3453=CARTESIAN_POINT('',(1.72993839260711,0.623070614337129,2.38679907416613));
#3454=VECTOR('',#4311,1.0);
#3455=CARTESIAN_POINT('',(1.71,0.623673229984478,2.38679907416613));
#3456=CARTESIAN_POINT('',(1.71,0.623673229984478,2.38679907416613));
#3457=VECTOR('',#4312,0.398767852142257);
#3458=CARTESIAN_POINT('',(1.71,0.623070614337129,2.38679907416613));
#3459=VECTOR('',#4313,1.0);
#3460=CARTESIAN_POINT('',(1.72993839260711,0.630282439691035,2.38452900571593));
#3461=CARTESIAN_POINT('',(1.72993839260711,0.628579333544307,2.38511397240676));
#3462=VECTOR('',#4314,1.0);
#3463=CARTESIAN_POINT('',(1.71,0.630282439691035,2.38452900571593));
#3464=CARTESIAN_POINT('',(1.71,0.630282439691035,2.38452900571593));
#3465=VECTOR('',#4315,0.398767852142257);
#3466=CARTESIAN_POINT('',(1.71,0.628579333544307,2.38511397240676));
#3467=VECTOR('',#4316,1.0);
#3468=CARTESIAN_POINT('',(1.72993839260711,0.633131848526956,2.38000069208872));
#3469=CARTESIAN_POINT('',(1.72993839260711,0.634377228321485,2.37802152005011));
#3470=VECTOR('',#4317,1.0);
#3471=CARTESIAN_POINT('',(1.71,0.633131848526956,2.38000069208872));
#3472=CARTESIAN_POINT('',(1.71,0.633131848526956,2.38000069208872));
#3473=VECTOR('',#4318,0.398767852142257);
#3474=CARTESIAN_POINT('',(1.71,0.634377228321485,2.37802152005011));
#3475=VECTOR('',#4319,1.0);
#3476=CARTESIAN_POINT('',(1.72993839260711,0.633131848526956,2.3769916690649));
#3477=CARTESIAN_POINT('',(1.72993839260711,0.633131848526956,2.37151744135359));
#3478=VECTOR('',#4320,1.0);
#3479=CARTESIAN_POINT('',(1.71,0.633131848526956,2.3769916690649));
#3480=CARTESIAN_POINT('',(1.71,0.633131848526956,2.3769916690649));
#3481=VECTOR('',#4321,0.398767852142257);
#3482=CARTESIAN_POINT('',(1.71,0.633131848526956,2.37151744135359));
#3483=VECTOR('',#4322,1.0);
#3484=CARTESIAN_POINT('',(1.72993839260711,0.629413429112445,2.37239832743521));
#3485=CARTESIAN_POINT('',(1.72993839260711,0.627447166118607,2.36996941432517));
#3486=VECTOR('',#4323,1.0);
#3487=CARTESIAN_POINT('',(1.71,0.629413429112445,2.37239832743521));
#3488=CARTESIAN_POINT('',(1.71,0.629413429112445,2.37239832743521));
#3489=VECTOR('',#4324,0.398767852142257);
#3490=CARTESIAN_POINT('',(1.71,0.627447166118607,2.36996941432517));
#3491=VECTOR('',#4325,1.0);
#3492=CARTESIAN_POINT('',(1.72993839260711,0.622680075037518,2.3705125153633));
#3493=CARTESIAN_POINT('',(1.72993839260711,0.624094315202515,2.37090860194156));
#3494=VECTOR('',#4326,1.0);
#3495=CARTESIAN_POINT('',(1.71,0.622680075037518,2.3705125153633));
#3496=CARTESIAN_POINT('',(1.71,0.622680075037518,2.3705125153633));
#3497=VECTOR('',#4327,0.398767852142257);
#3498=CARTESIAN_POINT('',(1.71,0.624094315202516,2.37090860194156));
#3499=VECTOR('',#4328,1.0);
#3500=CARTESIAN_POINT('',(1.72993839260711,0.620521221058101,2.3705125153633));
#3501=VECTOR('',#4329,1.0);
#3502=CARTESIAN_POINT('',(1.71,0.620521221058101,2.3705125153633));
#3503=VECTOR('',#4330,1.0);
#3504=CARTESIAN_POINT('',(1.72993839260711,0.601510504412134,2.33987841455885));
#3505=CARTESIAN_POINT('',(1.72993839260711,0.601510504412134,2.39414723844632));
#3506=CARTESIAN_POINT('',(1.72993839260711,0.601510504412134,2.39414723844632));
#3507=VECTOR('',#4331,0.398767852142257);
#3508=CARTESIAN_POINT('',(1.71,0.601510504412134,2.33987841455885));
#3509=CARTESIAN_POINT('',(1.71,0.601510504412134,2.33987841455885));
#3510=VECTOR('',#4332,0.398767852142257);
#3511=CARTESIAN_POINT('',(1.71,0.601510504412134,2.39414723844632));
#3512=CARTESIAN_POINT('',(1.71,0.601510504412134,2.39414723844632));
#3513=VECTOR('',#4333,0.398767852142257);
#3514=CARTESIAN_POINT('',(1.71,0.601510504412134,2.39414723844632));
#3515=VECTOR('',#4334,0.398767852142257);
#3516=CARTESIAN_POINT('',(1.72993839260711,0.602757859732423,2.39440143881965));
#3517=CARTESIAN_POINT('',(1.72993839260711,0.602757859732423,2.39440143881965));
#3518=VECTOR('',#4335,0.398767852142257);
#3519=CARTESIAN_POINT('',(1.71,0.602757859732423,2.39440143881965));
#3520=CARTESIAN_POINT('',(1.71,0.602757859732423,2.39440143881965));
#3521=VECTOR('',#4336,0.398767852142257);
#3522=CARTESIAN_POINT('',(1.71,0.602757859732423,2.39440143881965));
#3523=VECTOR('',#4337,0.398767852142257);
#3524=CARTESIAN_POINT('',(1.72993839260711,0.617548774478223,2.39613945997683));
#3525=CARTESIAN_POINT('',(1.72993839260711,0.617548774478223,2.39613945997683));
#3526=VECTOR('',#4338,0.398767852142257);
#3527=CARTESIAN_POINT('',(1.71,0.617548774478223,2.39613945997683));
#3528=CARTESIAN_POINT('',(1.71,0.617548774478223,2.39613945997683));
#3529=VECTOR('',#4339,0.398767852142257);
#3530=CARTESIAN_POINT('',(1.71,0.617548774478223,2.39613945997683));
#3531=VECTOR('',#4340,0.398767852142257);
#3532=CARTESIAN_POINT('',(1.72993839260711,0.625434897688015,2.39613945997683));
#3533=CARTESIAN_POINT('',(1.72993839260711,0.62247907939349,2.39613945997683));
#3534=VECTOR('',#4341,0.398767852142257);
#3535=CARTESIAN_POINT('',(1.71,0.625434897688015,2.39613945997683));
#3536=CARTESIAN_POINT('',(1.71,0.625434897688015,2.39613945997683));
#3537=VECTOR('',#4342,0.398767852142257);
#3538=CARTESIAN_POINT('',(1.71,0.625434897688015,2.39613945997683));
#3539=VECTOR('',#4343,0.398767852142257);
#3540=CARTESIAN_POINT('',(1.72993839260711,0.634320087481356,2.39498077920537));
#3541=CARTESIAN_POINT('',(1.72993839260711,0.634320087481356,2.39498077920537));
#3542=VECTOR('',#4344,0.398767852142257);
#3543=CARTESIAN_POINT('',(1.71,0.634320087481356,2.39498077920537));
#3544=CARTESIAN_POINT('',(1.71,0.634320087481356,2.39498077920537));
#3545=VECTOR('',#4345,0.398767852142257);
#3546=CARTESIAN_POINT('',(1.71,0.634320087481356,2.39498077920537));
#3547=VECTOR('',#4346,0.398767852142257);
#3548=CARTESIAN_POINT('',(1.72993839260711,0.640414984804665,2.39247424529162));
#3549=CARTESIAN_POINT('',(1.72993839260711,0.640414984804665,2.39247424529162));
#3550=VECTOR('',#4347,0.398767852142257);
#3551=CARTESIAN_POINT('',(1.71,0.640414984804665,2.39247424529162));
#3552=CARTESIAN_POINT('',(1.71,0.640414984804665,2.39247424529162));
#3553=VECTOR('',#4348,0.398767852142257);
#3554=CARTESIAN_POINT('',(1.71,0.640414984804665,2.39247424529162));
#3555=VECTOR('',#4349,0.398767852142257);
#3556=CARTESIAN_POINT('',(1.72993839260711,0.641807175221386,2.3915136043459));
#3557=CARTESIAN_POINT('',(1.72993839260711,0.64143769793457,2.39180031872046));
#3558=VECTOR('',#4350,0.398767852142257);
#3559=CARTESIAN_POINT('',(1.71,0.641807175221386,2.3915136043459));
#3560=CARTESIAN_POINT('',(1.71,0.64143769793457,2.39180031872046));
#3561=VECTOR('',#4351,0.398767852142257);
#3562=CARTESIAN_POINT('',(1.71,0.642176652508201,2.39122688997133));
#3563=VECTOR('',#4352,0.398767852142257);
#3564=CARTESIAN_POINT('',(1.72993839260711,0.646734524318358,2.38295059874666));
#3565=CARTESIAN_POINT('',(1.72993839260711,0.646734524318358,2.38295059874666));
#3566=VECTOR('',#4353,0.398767852142257);
#3567=CARTESIAN_POINT('',(1.71,0.646734524318358,2.38295059874666));
#3568=CARTESIAN_POINT('',(1.71,0.646734524318358,2.38295059874666));
#3569=VECTOR('',#4354,0.398767852142257);
#3570=CARTESIAN_POINT('',(1.71,0.646734524318358,2.38295059874666));
#3571=VECTOR('',#4355,0.398767852142257);
#3572=CARTESIAN_POINT('',(1.72993839260711,0.646734524318358,2.37813852656317));
#3573=CARTESIAN_POINT('',(1.72993839260711,0.646734524318358,2.38016030627663));
#3574=VECTOR('',#4356,0.398767852142257);
#3575=CARTESIAN_POINT('',(1.71,0.646734524318358,2.37813852656317));
#3576=CARTESIAN_POINT('',(1.71,0.646734524318358,2.37813852656317));
#3577=VECTOR('',#4357,0.398767852142257);
#3578=CARTESIAN_POINT('',(1.71,0.646734524318358,2.37813852656317));
#3579=VECTOR('',#4358,0.398767852142257);
#3580=CARTESIAN_POINT('',(1.72993839260711,0.643589533652984,2.3720790990594));
#3581=CARTESIAN_POINT('',(1.72993839260711,0.643589533652984,2.3720790990594));
#3582=VECTOR('',#4359,0.398767852142257);
#3583=CARTESIAN_POINT('',(1.71,0.643589533652984,2.3720790990594));
#3584=CARTESIAN_POINT('',(1.71,0.643589533652984,2.3720790990594));
#3585=VECTOR('',#4360,0.398767852142257);
#3586=CARTESIAN_POINT('',(1.71,0.643589533652984,2.3720790990594));
#3587=VECTOR('',#4361,0.398767852142257);
#3588=CARTESIAN_POINT('',(1.72993839260711,0.637110379951387,2.36768675307373));
#3589=CARTESIAN_POINT('',(1.72993839260711,0.637110379951387,2.36768675307373));
#3590=VECTOR('',#4362,0.398767852142257);
#3591=CARTESIAN_POINT('',(1.71,0.637110379951387,2.36768675307373));
#3592=CARTESIAN_POINT('',(1.71,0.637110379951387,2.36768675307373));
#3593=VECTOR('',#4363,0.398767852142257);
#3594=CARTESIAN_POINT('',(1.71,0.637110379951387,2.36768675307373));
#3595=VECTOR('',#4364,0.398767852142257);
#3596=CARTESIAN_POINT('',(1.72993839260711,0.635443298433275,2.36683547740491));
#3597=CARTESIAN_POINT('',(1.72993839260711,0.635443298433275,2.36717244069049));
#3598=VECTOR('',#4365,0.398767852142257);
#3599=CARTESIAN_POINT('',(1.71,0.635443298433275,2.36683547740491));
#3600=CARTESIAN_POINT('',(1.71,0.635443298433275,2.36717244069049));
#3601=VECTOR('',#4366,0.398767852142257);
#3602=CARTESIAN_POINT('',(1.71,0.635443298433275,2.36649851411934));
#3603=VECTOR('',#4367,0.398767852142257);
#3604=CARTESIAN_POINT('',(1.72993839260711,0.636761593392632,2.36612016937764));
#3605=CARTESIAN_POINT('',(1.72993839260711,0.636761593392632,2.36612016937764));
#3606=VECTOR('',#4368,0.398767852142257);
#3607=CARTESIAN_POINT('',(1.71,0.636761593392632,2.36612016937764));
#3608=CARTESIAN_POINT('',(1.71,0.636761593392632,2.36612016937764));
#3609=VECTOR('',#4369,0.398767852142257);
#3610=CARTESIAN_POINT('',(1.71,0.636761593392632,2.36612016937764));
#3611=VECTOR('',#4370,0.398767852142257);
#3612=CARTESIAN_POINT('',(1.72993839260711,0.645002414797767,2.35504767404635));
#3613=CARTESIAN_POINT('',(1.72993839260711,0.645002414797767,2.35504767404635));
#3614=VECTOR('',#4371,0.398767852142257);
#3615=CARTESIAN_POINT('',(1.71,0.645002414797767,2.35504767404635));
#3616=CARTESIAN_POINT('',(1.71,0.645002414797767,2.35504767404635));
#3617=VECTOR('',#4372,0.398767852142257);
#3618=CARTESIAN_POINT('',(1.71,0.645002414797767,2.35504767404635));
#3619=VECTOR('',#4373,0.398767852142257);
#3620=CARTESIAN_POINT('',(1.72993839260711,0.645410317722411,2.35322097834033));
#3621=CARTESIAN_POINT('',(1.72993839260711,0.645410317722411,2.35322097834033));
#3622=VECTOR('',#4374,0.398767852142257);
#3623=CARTESIAN_POINT('',(1.71,0.645410317722411,2.35322097834033));
#3624=CARTESIAN_POINT('',(1.71,0.645410317722411,2.35322097834033));
#3625=VECTOR('',#4375,0.398767852142257);
#3626=CARTESIAN_POINT('',(1.71,0.645410317722411,2.35322097834033));
#3627=VECTOR('',#4376,0.398767852142257);
#3628=CARTESIAN_POINT('',(1.72993839260711,0.645830043920234,2.3511341706244));
#3629=CARTESIAN_POINT('',(1.72993839260711,0.645830043920234,2.3511341706244));
#3630=VECTOR('',#4377,0.398767852142257);
#3631=CARTESIAN_POINT('',(1.71,0.645830043920234,2.3511341706244));
#3632=CARTESIAN_POINT('',(1.71,0.645830043920234,2.3511341706244));
#3633=VECTOR('',#4378,0.398767852142257);
#3634=CARTESIAN_POINT('',(1.71,0.645830043920234,2.3511341706244));
#3635=VECTOR('',#4379,0.398767852142257);
#3636=CARTESIAN_POINT('',(1.72993839260711,0.64753259525788,2.34408158817366));
#3637=CARTESIAN_POINT('',(1.72993839260711,0.64753259525788,2.34408158817366));
#3638=VECTOR('',#4380,0.398767852142257);
#3639=CARTESIAN_POINT('',(1.71,0.64753259525788,2.34408158817366));
#3640=CARTESIAN_POINT('',(1.71,0.64753259525788,2.34408158817366));
#3641=VECTOR('',#4381,0.398767852142257);
#3642=CARTESIAN_POINT('',(1.71,0.64753259525788,2.34408158817366));
#3643=VECTOR('',#4382,0.398767852142257);
#3644=CARTESIAN_POINT('',(1.72993839260711,0.649282439688238,2.34010305674923));
#3645=CARTESIAN_POINT('',(1.72993839260711,0.649105090590567,2.34032769893962));
#3646=VECTOR('',#4383,0.398767852142257);
#3647=CARTESIAN_POINT('',(1.71,0.649282439688238,2.34010305674923));
#3648=CARTESIAN_POINT('',(1.71,0.649105090590567,2.34032769893962));
#3649=VECTOR('',#4384,0.398767852142257);
#3650=CARTESIAN_POINT('',(1.71,0.649459788785909,2.33987841455885));
#3651=VECTOR('',#4385,0.398767852142257);
#3652=CARTESIAN_POINT('',(1.72993839260711,0.635588133529706,2.34013557075047));
#3653=CARTESIAN_POINT('',(1.72993839260711,0.635797996628617,2.33987841455885));
#3654=VECTOR('',#4386,0.398767852142257);
#3655=CARTESIAN_POINT('',(1.71,0.635588133529706,2.34013557075047));
#3656=CARTESIAN_POINT('',(1.71,0.635797996628617,2.33987841455885));
#3657=VECTOR('',#4387,0.398767852142257);
#3658=CARTESIAN_POINT('',(1.71,0.635378270430795,2.34039272694209));
#3659=VECTOR('',#4388,0.398767852142257);
#3660=CARTESIAN_POINT('',(1.72993839260711,0.631849023387133,2.35129969644889));
#3661=CARTESIAN_POINT('',(1.72993839260711,0.631849023387133,2.35129969644889));
#3662=VECTOR('',#4389,0.398767852142257);
#3663=CARTESIAN_POINT('',(1.71,0.631849023387133,2.35129969644889));
#3664=CARTESIAN_POINT('',(1.71,0.631849023387133,2.35129969644889));
#3665=VECTOR('',#4390,0.398767852142257);
#3666=CARTESIAN_POINT('',(1.71,0.631849023387133,2.35129969644889));
#3667=VECTOR('',#4391,0.398767852142257);
#3668=CARTESIAN_POINT('',(1.72993839260711,0.63142929718931,2.35286628014499));
#3669=CARTESIAN_POINT('',(1.72993839260711,0.63142929718931,2.35286628014499));
#3670=VECTOR('',#4392,0.398767852142257);
#3671=CARTESIAN_POINT('',(1.71,0.63142929718931,2.35286628014499));
#3672=CARTESIAN_POINT('',(1.71,0.63142929718931,2.35286628014499));
#3673=VECTOR('',#4393,0.398767852142257);
#3674=CARTESIAN_POINT('',(1.71,0.63142929718931,2.35286628014499));
#3675=VECTOR('',#4394,0.398767852142257);
#3676=CARTESIAN_POINT('',(1.72993839260711,0.631175096815981,2.35437965911178));
#3677=CARTESIAN_POINT('',(1.72993839260711,0.631175096815981,2.35437965911178));
#3678=VECTOR('',#4395,0.398767852142257);
#3679=CARTESIAN_POINT('',(1.71,0.631175096815981,2.35437965911178));
#3680=CARTESIAN_POINT('',(1.71,0.631175096815981,2.35437965911178));
#3681=VECTOR('',#4396,0.398767852142257);
#3682=CARTESIAN_POINT('',(1.71,0.631175096815981,2.35437965911178));
#3683=VECTOR('',#4397,0.398767852142257);
#3684=CARTESIAN_POINT('',(1.72993839260711,0.628030106150607,2.35947548985154));
#3685=CARTESIAN_POINT('',(1.72993839260711,0.628030106150607,2.35947548985154));
#3686=VECTOR('',#4398,0.398767852142257);
#3687=CARTESIAN_POINT('',(1.71,0.628030106150607,2.35947548985154));
#3688=CARTESIAN_POINT('',(1.71,0.628030106150607,2.35947548985154));
#3689=VECTOR('',#4399,0.398767852142257);
#3690=CARTESIAN_POINT('',(1.71,0.628030106150607,2.35947548985154));
#3691=VECTOR('',#4400,0.398767852142257);
#3692=CARTESIAN_POINT('',(1.72993839260711,0.622100734651792,2.36152682774794));
#3693=CARTESIAN_POINT('',(1.72993839260711,0.622100734651792,2.36152682774794));
#3694=VECTOR('',#4401,0.398767852142257);
#3695=CARTESIAN_POINT('',(1.71,0.622100734651792,2.36152682774794));
#3696=CARTESIAN_POINT('',(1.71,0.622100734651792,2.36152682774794));
#3697=VECTOR('',#4402,0.398767852142257);
#3698=CARTESIAN_POINT('',(1.71,0.622100734651792,2.36152682774794));
#3699=VECTOR('',#4403,0.398767852142257);
#3700=CARTESIAN_POINT('',(1.72993839260711,0.614179141622466,2.36152682774794));
#3701=CARTESIAN_POINT('',(1.72993839260711,0.620138071304227,2.36152682774794));
#3702=VECTOR('',#4404,0.398767852142257);
#3703=CARTESIAN_POINT('',(1.71,0.614179141622466,2.36152682774794));
#3704=CARTESIAN_POINT('',(1.71,0.614179141622466,2.36152682774794));
#3705=VECTOR('',#4405,0.398767852142257);
#3706=CARTESIAN_POINT('',(1.71,0.614179141622466,2.36152682774794));
#3707=VECTOR('',#4406,0.398767852142257);
#3708=CARTESIAN_POINT('',(1.72993839260711,0.614179141622466,2.33987841455885));
#3709=CARTESIAN_POINT('',(1.72993839260711,0.614179141622466,2.33987841455885));
#3710=VECTOR('',#4407,0.398767852142257);
#3711=CARTESIAN_POINT('',(1.71,0.614179141622466,2.33987841455885));
#3712=CARTESIAN_POINT('',(1.71,0.614179141622466,2.33987841455885));
#3713=VECTOR('',#4408,0.398767852142257);
#3714=CARTESIAN_POINT('',(1.71,0.614179141622466,2.33987841455885));
#3715=VECTOR('',#4409,0.398767852142257);
#3716=CARTESIAN_POINT('',(1.72993839260711,0.601510504412134,2.33987841455885));
#3717=VECTOR('',#4410,0.398767852142257);
#3718=CARTESIAN_POINT('',(1.71,0.601510504412134,2.33987841455885));
#3719=VECTOR('',#4411,0.398767852142257);
#3720=CARTESIAN_POINT('',(1.72993839260711,0.103759395127415,2.42091353682442));
#3721=CARTESIAN_POINT('',(1.72993839260711,0.256327975357043,2.42091353682442));
#3722=CARTESIAN_POINT('',(1.72993839260711,0.103759395127415,2.42091353682442));
#3723=VECTOR('',#4412,0.398767852142257);
#3724=CARTESIAN_POINT('',(1.71,0.103759395127415,2.42091353682442));
#3725=CARTESIAN_POINT('',(1.71,0.103759395127415,2.42091353682442));
#3726=VECTOR('',#4413,0.398767852142257);
#3727=CARTESIAN_POINT('',(1.71,0.256327975357043,2.42091353682442));
#3728=CARTESIAN_POINT('',(1.71,0.103759395127415,2.42091353682442));
#3729=VECTOR('',#4414,0.398767852142257);
#3730=CARTESIAN_POINT('',(1.71,0.256327975357043,2.42091353682442));
#3731=VECTOR('',#4415,0.398767852142257);
#3732=CARTESIAN_POINT('',(1.72993839260711,0.32651111733408,2.2678066199944));
#3733=CARTESIAN_POINT('',(1.72993839260711,0.256327975357043,2.42091353682442));
#3734=VECTOR('',#4416,0.398767852142257);
#3735=CARTESIAN_POINT('',(1.71,0.32651111733408,2.2678066199944));
#3736=CARTESIAN_POINT('',(1.71,0.256327975357043,2.42091353682442));
#3737=VECTOR('',#4417,0.398767852142257);
#3738=CARTESIAN_POINT('',(1.71,0.32651111733408,2.2678066199944));
#3739=VECTOR('',#4418,0.398767852142257);
#3740=CARTESIAN_POINT('',(1.72993839260711,0.396714197703724,2.42091353682442));
#3741=CARTESIAN_POINT('',(1.72993839260711,0.32651111733408,2.2678066199944));
#3742=VECTOR('',#4419,0.398767852142257);
#3743=CARTESIAN_POINT('',(1.71,0.396714197703724,2.42091353682442));
#3744=CARTESIAN_POINT('',(1.71,0.32651111733408,2.2678066199944));
#3745=VECTOR('',#4420,0.398767852142257);
#3746=CARTESIAN_POINT('',(1.71,0.396714197703724,2.42091353682442));
#3747=VECTOR('',#4421,0.398767852142257);
#3748=CARTESIAN_POINT('',(1.72993839260711,0.549282777933352,2.42091353682442));
#3749=CARTESIAN_POINT('',(1.72993839260711,0.396714197703724,2.42091353682442));
#3750=VECTOR('',#4422,0.398767852142257);
#3751=CARTESIAN_POINT('',(1.71,0.549282777933352,2.42091353682442));
#3752=CARTESIAN_POINT('',(1.71,0.396714197703724,2.42091353682442));
#3753=VECTOR('',#4423,0.398767852142257);
#3754=CARTESIAN_POINT('',(1.71,0.549282777933352,2.42091353682442));
#3755=VECTOR('',#4424,0.398767852142257);
#3756=CARTESIAN_POINT('',(1.72993839260711,0.549282777933352,1.86970869784374));
#3757=CARTESIAN_POINT('',(1.72993839260711,0.549282777933352,2.42091353682442));
#3758=VECTOR('',#4425,0.398767852142257);
#3759=CARTESIAN_POINT('',(1.71,0.549282777933352,1.86970869784374));
#3760=CARTESIAN_POINT('',(1.71,0.549282777933352,2.42091353682442));
#3761=VECTOR('',#4426,0.398767852142257);
#3762=CARTESIAN_POINT('',(1.71,0.549282777933352,1.86970869784374));
#3763=VECTOR('',#4427,0.398767852142257);
#3764=CARTESIAN_POINT('',(1.72993839260711,0.396714197703724,1.86970869784374));
#3765=CARTESIAN_POINT('',(1.72993839260711,0.549282777933352,1.86970869784374));
#3766=VECTOR('',#4428,0.398767852142257);
#3767=CARTESIAN_POINT('',(1.71,0.396714197703724,1.86970869784374));
#3768=CARTESIAN_POINT('',(1.71,0.549282777933352,1.86970869784374));
#3769=VECTOR('',#4429,0.398767852142257);
#3770=CARTESIAN_POINT('',(1.71,0.396714197703724,1.86970869784374));
#3771=VECTOR('',#4430,0.398767852142257);
#3772=CARTESIAN_POINT('',(1.72993839260711,0.396714197703724,2.02588612713526));
#3773=CARTESIAN_POINT('',(1.72993839260711,0.396714197703724,1.86970869784374));
#3774=VECTOR('',#4431,0.398767852142257);
#3775=CARTESIAN_POINT('',(1.71,0.396714197703724,2.02588612713526));
#3776=CARTESIAN_POINT('',(1.71,0.396714197703724,1.86970869784374));
#3777=VECTOR('',#4432,0.398767852142257);
#3778=CARTESIAN_POINT('',(1.71,0.396714197703724,2.02588612713526));
#3779=VECTOR('',#4433,0.398767852142257);
#3780=CARTESIAN_POINT('',(1.72993839260711,0.32345655558667,1.89114645757491));
#3781=CARTESIAN_POINT('',(1.72993839260711,0.396714197703724,2.02588612713526));
#3782=VECTOR('',#4434,0.398767852142257);
#3783=CARTESIAN_POINT('',(1.71,0.32345655558667,1.89114645757491));
#3784=CARTESIAN_POINT('',(1.71,0.396714197703724,2.02588612713526));
#3785=VECTOR('',#4435,0.398767852142257);
#3786=CARTESIAN_POINT('',(1.71,0.32345655558667,1.89114645757491));
#3787=VECTOR('',#4436,0.398767852142257);
#3788=CARTESIAN_POINT('',(1.72993839260711,0.257233178381406,2.02563091570989));
#3789=CARTESIAN_POINT('',(1.72993839260711,0.32345655558667,1.89114645757491));
#3790=VECTOR('',#4437,0.398767852142257);
#3791=CARTESIAN_POINT('',(1.71,0.257233178381406,2.02563091570989));
#3792=CARTESIAN_POINT('',(1.71,0.32345655558667,1.89114645757491));
#3793=VECTOR('',#4438,0.398767852142257);
#3794=CARTESIAN_POINT('',(1.71,0.257233178381406,2.02563091570989));
#3795=VECTOR('',#4439,0.398767852142257);
#3796=CARTESIAN_POINT('',(1.72993839260711,0.257994824978998,1.86944551106133));
#3797=CARTESIAN_POINT('',(1.72993839260711,0.257233178381406,2.02563091570989));
#3798=VECTOR('',#4440,0.398767852142257);
#3799=CARTESIAN_POINT('',(1.71,0.257994824978998,1.86944551106133));
#3800=CARTESIAN_POINT('',(1.71,0.257233178381406,2.02563091570989));
#3801=VECTOR('',#4441,0.398767852142257);
#3802=CARTESIAN_POINT('',(1.71,0.257994824978998,1.86944551106133));
#3803=VECTOR('',#4442,0.398767852142257);
#3804=CARTESIAN_POINT('',(1.72993839260711,0.103759395127415,1.86970869784374));
#3805=CARTESIAN_POINT('',(1.72993839260711,0.257994824978998,1.86944551106133));
#3806=VECTOR('',#4443,0.398767852142257);
#3807=CARTESIAN_POINT('',(1.71,0.103759395127415,1.86970869784374));
#3808=CARTESIAN_POINT('',(1.71,0.257994824978998,1.86944551106133));
#3809=VECTOR('',#4444,0.398767852142257);
#3810=CARTESIAN_POINT('',(1.71,0.103759395127415,1.86970869784374));
#3811=VECTOR('',#4445,0.398767852142257);
#3812=CARTESIAN_POINT('',(1.72993839260711,0.103759395127415,1.86970869784374));
#3813=VECTOR('',#4446,0.398767852142257);
#3814=CARTESIAN_POINT('',(1.71,0.103759395127415,1.86970869784374));
#3815=VECTOR('',#4447,0.398767852142257);
#3816=CARTESIAN_POINT('',(1.72993839260711,-0.402791419770372,2.13306695043405));
#3817=CARTESIAN_POINT('',(1.72993839260711,-0.401579564267712,2.28238956034724));
#3818=CARTESIAN_POINT('',(1.72993839260711,-0.402395771075674,2.1818180561322));
#3819=VECTOR('',#4448,1.0);
#3820=CARTESIAN_POINT('',(1.71,-0.401579564267712,2.28238956034724));
#3821=CARTESIAN_POINT('',(1.71,-0.401579564267712,2.28238956034724));
#3822=VECTOR('',#4449,0.398767852142257);
#3823=CARTESIAN_POINT('',(1.71,-0.402791419770372,2.13306695043405));
#3824=CARTESIAN_POINT('',(1.71,-0.402395771075674,2.1818180561322));
#3825=VECTOR('',#4450,1.0);
#3826=CARTESIAN_POINT('',(1.71,-0.402791419770372,2.13306695043405));
#3827=VECTOR('',#4451,0.398767852142257);
#3828=CARTESIAN_POINT('',(1.72993839260711,-0.376851570988519,2.27851752450294));
#3829=CARTESIAN_POINT('',(1.72993839260711,-0.39066331658743,2.2806802383725));
#3830=VECTOR('',#4452,1.0);
#3831=CARTESIAN_POINT('',(1.71,-0.376851570988519,2.27851752450294));
#3832=CARTESIAN_POINT('',(1.71,-0.376851570988519,2.27851752450294));
#3833=VECTOR('',#4453,0.398767852142257);
#3834=CARTESIAN_POINT('',(1.71,-0.39066331658743,2.2806802383725));
#3835=VECTOR('',#4454,1.0);
#3836=CARTESIAN_POINT('',(1.72993839260711,-0.375099385046205,2.27756446933632));
#3837=CARTESIAN_POINT('',(1.72993839260711,-0.364132310056612,2.27159921917129));
#3838=VECTOR('',#4455,1.0);
#3839=CARTESIAN_POINT('',(1.71,-0.375099385046205,2.27756446933632));
#3840=CARTESIAN_POINT('',(1.71,-0.375099385046205,2.27756446933632));
#3841=VECTOR('',#4456,0.398767852142257);
#3842=CARTESIAN_POINT('',(1.71,-0.364132310056612,2.27159921917129));
#3843=VECTOR('',#4457,1.0);
#3844=CARTESIAN_POINT('',(1.72993839260711,-0.369603965275833,2.27501235508261));
#3845=CARTESIAN_POINT('',(1.72993839260711,-0.365544507195896,2.27312711223292));
#3846=VECTOR('',#4458,1.0);
#3847=CARTESIAN_POINT('',(1.71,-0.369603965275833,2.27501235508261));
#3848=CARTESIAN_POINT('',(1.71,-0.369603965275833,2.27501235508261));
#3849=VECTOR('',#4459,0.398767852142257);
#3850=CARTESIAN_POINT('',(1.71,-0.365544507195896,2.27312711223292));
#3851=VECTOR('',#4460,1.0);
#3852=CARTESIAN_POINT('',(1.72993839260711,-0.361144504060487,2.26810968356203));
#3853=CARTESIAN_POINT('',(1.72993839260711,-0.350963440024427,2.25980223477989));
#3854=VECTOR('',#4461,1.0);
#3855=CARTESIAN_POINT('',(1.71,-0.361144504060487,2.26810968356203));
#3856=CARTESIAN_POINT('',(1.71,-0.361144504060487,2.26810968356203));
#3857=VECTOR('',#4462,0.398767852142257);
#3858=CARTESIAN_POINT('',(1.71,-0.350963440024427,2.25980223477989));
#3859=VECTOR('',#4463,1.0);
#3860=CARTESIAN_POINT('',(1.72993839260711,-0.352512775133016,2.25300435732288));
#3861=CARTESIAN_POINT('',(1.72993839260711,-0.34105466978575,2.23295293763543));
#3862=VECTOR('',#4464,1.0);
#3863=CARTESIAN_POINT('',(1.71,-0.352512775133016,2.25300435732288));
#3864=CARTESIAN_POINT('',(1.71,-0.352512775133016,2.25300435732288));
#3865=VECTOR('',#4465,0.398767852142257);
#3866=CARTESIAN_POINT('',(1.71,-0.34105466978575,2.23295293763543));
#3867=VECTOR('',#4466,1.0);
#3868=CARTESIAN_POINT('',(1.72993839260711,-0.34617356258751,2.23206505740689));
#3869=CARTESIAN_POINT('',(1.72993839260711,-0.33995801097829,2.211534226747));
#3870=VECTOR('',#4467,1.0);
#3871=CARTESIAN_POINT('',(1.71,-0.34617356258751,2.23206505740689));
#3872=CARTESIAN_POINT('',(1.71,-0.34617356258751,2.23206505740689));
#3873=VECTOR('',#4468,0.398767852142257);
#3874=CARTESIAN_POINT('',(1.71,-0.33995801097829,2.211534226747));
#3875=VECTOR('',#4469,1.0);
#3876=CARTESIAN_POINT('',(1.72993839260711,-0.344810574068888,2.22492711285354));
#3877=CARTESIAN_POINT('',(1.72993839260711,-0.339976383673573,2.19961055109926));
#3878=VECTOR('',#4470,1.0);
#3879=CARTESIAN_POINT('',(1.71,-0.344810574068888,2.22492711285354));
#3880=CARTESIAN_POINT('',(1.71,-0.344810574068888,2.22492711285354));
#3881=VECTOR('',#4471,0.398767852142257);
#3882=CARTESIAN_POINT('',(1.71,-0.339976383673573,2.19961055109926));
#3883=VECTOR('',#4472,1.0);
#3884=CARTESIAN_POINT('',(1.72993839260711,-0.343382586390367,2.21729070848502));
#3885=CARTESIAN_POINT('',(1.72993839260711,-0.339354564319273,2.19575018274879));
#3886=VECTOR('',#4473,1.0);
#3887=CARTESIAN_POINT('',(1.71,-0.343382586390367,2.21729070848502));
#3888=CARTESIAN_POINT('',(1.71,-0.343382586390367,2.21729070848502));
#3889=VECTOR('',#4474,0.398767852142257);
#3890=CARTESIAN_POINT('',(1.71,-0.339354564319273,2.19575018274879));
#3891=VECTOR('',#4475,1.0);
#3892=CARTESIAN_POINT('',(1.72993839260711,-0.344875573228787,2.19322905628675));
#3893=CARTESIAN_POINT('',(1.72993839260711,-0.345781563144121,2.17862771240556));
#3894=VECTOR('',#4476,1.0);
#3895=CARTESIAN_POINT('',(1.71,-0.344875573228787,2.19322905628675));
#3896=CARTESIAN_POINT('',(1.71,-0.344875573228787,2.19322905628675));
#3897=VECTOR('',#4477,0.398767852142257);
#3898=CARTESIAN_POINT('',(1.71,-0.345781563144121,2.17862771240556));
#3899=VECTOR('',#4478,1.0);
#3900=CARTESIAN_POINT('',(1.72993839260711,-0.355562950434052,2.16303036684402));
#3901=CARTESIAN_POINT('',(1.72993839260711,-0.357122253094349,2.15862433757406));
#3902=VECTOR('',#4479,1.0);
#3903=CARTESIAN_POINT('',(1.71,-0.355562950434052,2.16303036684402));
#3904=CARTESIAN_POINT('',(1.71,-0.355562950434052,2.16303036684402));
#3905=VECTOR('',#4480,0.398767852142257);
#3906=CARTESIAN_POINT('',(1.71,-0.357122253094349,2.15862433757406));
#3907=VECTOR('',#4481,1.0);
#3908=CARTESIAN_POINT('',(1.72993839260711,-0.375380516381966,2.14080703444413));
#3909=CARTESIAN_POINT('',(1.72993839260711,-0.374695288231134,2.141575446317));
#3910=VECTOR('',#4482,1.0);
#3911=CARTESIAN_POINT('',(1.71,-0.375380516381966,2.14080703444413));
#3912=CARTESIAN_POINT('',(1.71,-0.375380516381966,2.14080703444413));
#3913=VECTOR('',#4483,0.398767852142257);
#3914=CARTESIAN_POINT('',(1.71,-0.374695288231134,2.141575446317));
#3915=VECTOR('',#4484,1.0);
#3916=CARTESIAN_POINT('',(1.72993839260711,-0.396062611033324,2.13272401008121));
#3917=CARTESIAN_POINT('',(1.72993839260711,-0.393720303120084,2.13363943631087));
#3918=VECTOR('',#4485,1.0);
#3919=CARTESIAN_POINT('',(1.71,-0.396062611033324,2.13272401008121));
#3920=CARTESIAN_POINT('',(1.71,-0.396062611033324,2.13272401008121));
#3921=VECTOR('',#4486,0.398767852142257);
#3922=CARTESIAN_POINT('',(1.71,-0.393720303120084,2.13363943631087));
#3923=VECTOR('',#4487,1.0);
#3924=CARTESIAN_POINT('',(1.72993839260711,-0.406120689770165,2.13323662995283));
#3925=VECTOR('',#4488,1.0);
#3926=CARTESIAN_POINT('',(1.71,-0.406120689770165,2.13323662995283));
#3927=VECTOR('',#4489,1.0);
#3928=CARTESIAN_POINT('',(1.72993839260711,-0.396452207224867,1.86970869784374));
#3929=CARTESIAN_POINT('',(1.72993839260711,-0.549278790254831,1.86970869784374));
#3930=CARTESIAN_POINT('',(1.72993839260711,-0.549278790254831,1.86970869784374));
#3931=VECTOR('',#4490,0.398767852142257);
#3932=CARTESIAN_POINT('',(1.71,-0.396452207224867,1.86970869784374));
#3933=CARTESIAN_POINT('',(1.71,-0.396452207224867,1.86970869784374));
#3934=VECTOR('',#4491,0.398767852142257);
#3935=CARTESIAN_POINT('',(1.71,-0.549278790254831,1.86970869784374));
#3936=CARTESIAN_POINT('',(1.71,-0.549278790254831,1.86970869784374));
#3937=VECTOR('',#4492,0.398767852142257);
#3938=CARTESIAN_POINT('',(1.71,-0.549278790254831,1.86970869784374));
#3939=VECTOR('',#4493,0.398767852142257);
#3940=CARTESIAN_POINT('',(1.72993839260711,-0.549278790254831,2.4238325175021));
#3941=CARTESIAN_POINT('',(1.72993839260711,-0.549278790254831,2.4238325175021));
#3942=VECTOR('',#4494,0.398767852142257);
#3943=CARTESIAN_POINT('',(1.71,-0.549278790254831,2.4238325175021));
#3944=CARTESIAN_POINT('',(1.71,-0.549278790254831,2.4238325175021));
#3945=VECTOR('',#4495,0.398767852142257);
#3946=CARTESIAN_POINT('',(1.71,-0.549278790254831,2.4238325175021));
#3947=VECTOR('',#4496,0.398767852142257);
#3948=CARTESIAN_POINT('',(1.72993839260711,-0.413067268552226,2.4238325175021));
#3949=CARTESIAN_POINT('',(1.72993839260711,-0.413067268552226,2.4238325175021));
#3950=VECTOR('',#4497,0.398767852142257);
#3951=CARTESIAN_POINT('',(1.71,-0.413067268552226,2.4238325175021));
#3952=CARTESIAN_POINT('',(1.71,-0.413067268552226,2.4238325175021));
#3953=VECTOR('',#4498,0.398767852142257);
#3954=CARTESIAN_POINT('',(1.71,-0.413067268552226,2.4238325175021));
#3955=VECTOR('',#4499,0.398767852142257);
#3956=CARTESIAN_POINT('',(1.72993839260711,-0.402985619714366,2.42329019322319));
#3957=CARTESIAN_POINT('',(1.72993839260711,-0.402985619714366,2.42329019322319));
#3958=VECTOR('',#4500,0.398767852142257);
#3959=CARTESIAN_POINT('',(1.71,-0.402985619714366,2.42329019322319));
#3960=CARTESIAN_POINT('',(1.71,-0.402985619714366,2.42329019322319));
#3961=VECTOR('',#4501,0.398767852142257);
#3962=CARTESIAN_POINT('',(1.71,-0.402985619714366,2.42329019322319));
#3963=VECTOR('',#4502,0.398767852142257);
#3964=CARTESIAN_POINT('',(1.72993839260711,-0.372849138056567,2.41924668720246));
#3965=CARTESIAN_POINT('',(1.72993839260711,-0.372849138056567,2.41924668720246));
#3966=VECTOR('',#4503,0.398767852142257);
#3967=CARTESIAN_POINT('',(1.71,-0.372849138056567,2.41924668720246));
#3968=CARTESIAN_POINT('',(1.71,-0.372849138056567,2.41924668720246));
#3969=VECTOR('',#4504,0.398767852142257);
#3970=CARTESIAN_POINT('',(1.71,-0.372849138056567,2.41924668720246));
#3971=VECTOR('',#4505,0.398767852142257);
#3972=CARTESIAN_POINT('',(1.72993839260711,-0.333950131615794,2.40960049285914));
#3973=CARTESIAN_POINT('',(1.72993839260711,-0.333950131615794,2.40960049285914));
#3974=VECTOR('',#4506,0.398767852142257);
#3975=CARTESIAN_POINT('',(1.71,-0.333950131615794,2.40960049285914));
#3976=CARTESIAN_POINT('',(1.71,-0.333950131615794,2.40960049285914));
#3977=VECTOR('',#4507,0.398767852142257);
#3978=CARTESIAN_POINT('',(1.71,-0.333950131615794,2.40960049285914));
#3979=VECTOR('',#4508,0.398767852142257);
#3980=CARTESIAN_POINT('',(1.72993839260711,-0.297539436572389,2.39425989358723));
#3981=CARTESIAN_POINT('',(1.72993839260711,-0.297539436572389,2.39425989358723));
#3982=VECTOR('',#4509,0.398767852142257);
#3983=CARTESIAN_POINT('',(1.71,-0.297539436572389,2.39425989358723));
#3984=CARTESIAN_POINT('',(1.71,-0.297539436572389,2.39425989358723));
#3985=VECTOR('',#4510,0.398767852142257);
#3986=CARTESIAN_POINT('',(1.71,-0.297539436572389,2.39425989358723));
#3987=VECTOR('',#4511,0.398767852142257);
#3988=CARTESIAN_POINT('',(1.72993839260711,-0.264827712125455,2.37271446653598));
#3989=CARTESIAN_POINT('',(1.72993839260711,-0.264827712125455,2.37271446653598));
#3990=VECTOR('',#4512,0.398767852142257);
#3991=CARTESIAN_POINT('',(1.71,-0.264827712125455,2.37271446653598));
#3992=CARTESIAN_POINT('',(1.71,-0.264827712125455,2.37271446653598));
#3993=VECTOR('',#4513,0.398767852142257);
#3994=CARTESIAN_POINT('',(1.71,-0.264827712125455,2.37271446653598));
#3995=VECTOR('',#4514,0.398767852142257);
#3996=CARTESIAN_POINT('',(1.72993839260711,-0.237049144777373,2.34434612153458));
#3997=CARTESIAN_POINT('',(1.72993839260711,-0.237049144777373,2.34434612153458));
#3998=VECTOR('',#4515,0.398767852142257);
#3999=CARTESIAN_POINT('',(1.71,-0.237049144777373,2.34434612153458));
#4000=CARTESIAN_POINT('',(1.71,-0.237049144777373,2.34434612153458));
#4001=VECTOR('',#4516,0.398767852142257);
#4002=CARTESIAN_POINT('',(1.71,-0.237049144777373,2.34434612153458));
#4003=VECTOR('',#4517,0.398767852142257);
#4004=CARTESIAN_POINT('',(1.72993839260711,-0.215414393727247,2.30860455894707));
#4005=CARTESIAN_POINT('',(1.72993839260711,-0.215414393727247,2.30860455894707));
#4006=VECTOR('',#4518,0.398767852142257);
#4007=CARTESIAN_POINT('',(1.71,-0.215414393727247,2.30860455894707));
#4008=CARTESIAN_POINT('',(1.71,-0.215414393727247,2.30860455894707));
#4009=VECTOR('',#4519,0.398767852142257);
#4010=CARTESIAN_POINT('',(1.71,-0.215414393727247,2.30860455894707));
#4011=VECTOR('',#4520,0.398767852142257);
#4012=CARTESIAN_POINT('',(1.72993839260711,-0.201092247549706,2.26493150378045));
#4013=CARTESIAN_POINT('',(1.72993839260711,-0.201092247549706,2.26493150378045));
#4014=VECTOR('',#4521,0.398767852142257);
#4015=CARTESIAN_POINT('',(1.71,-0.201092247549706,2.26493150378045));
#4016=CARTESIAN_POINT('',(1.71,-0.201092247549706,2.26493150378045));
#4017=VECTOR('',#4522,0.398767852142257);
#4018=CARTESIAN_POINT('',(1.71,-0.201092247549706,2.26493150378045));
#4019=VECTOR('',#4523,0.398767852142257);
#4020=CARTESIAN_POINT('',(1.72993839260711,-0.195554159619154,2.22576851302156));
#4021=CARTESIAN_POINT('',(1.72993839260711,-0.195554159619154,2.22576851302156));
#4022=VECTOR('',#4524,0.398767852142257);
#4023=CARTESIAN_POINT('',(1.71,-0.195554159619154,2.22576851302156));
#4024=CARTESIAN_POINT('',(1.71,-0.195554159619154,2.22576851302156));
#4025=VECTOR('',#4525,0.398767852142257);
#4026=CARTESIAN_POINT('',(1.71,-0.195554159619154,2.22576851302156));
#4027=VECTOR('',#4526,0.398767852142257);
#4028=CARTESIAN_POINT('',(1.72993839260711,-0.195294162979558,2.21268095211425));
#4029=CARTESIAN_POINT('',(1.72993839260711,-0.195294162979558,2.21268095211425));
#4030=VECTOR('',#4527,0.398767852142257);
#4031=CARTESIAN_POINT('',(1.71,-0.195294162979558,2.21268095211425));
#4032=CARTESIAN_POINT('',(1.71,-0.195294162979558,2.21268095211425));
#4033=VECTOR('',#4528,0.398767852142257);
#4034=CARTESIAN_POINT('',(1.71,-0.195294162979558,2.21268095211425));
#4035=VECTOR('',#4529,0.398767852142257);
#4036=CARTESIAN_POINT('',(1.72993839260711,-0.195034963875665,2.19918266031924));
#4037=CARTESIAN_POINT('',(1.72993839260711,-0.195034963875665,2.19918266031924));
#4038=VECTOR('',#4530,0.398767852142257);
#4039=CARTESIAN_POINT('',(1.71,-0.195034963875665,2.19918266031924));
#4040=CARTESIAN_POINT('',(1.71,-0.195034963875665,2.19918266031924));
#4041=VECTOR('',#4531,0.398767852142257);
#4042=CARTESIAN_POINT('',(1.71,-0.195034963875665,2.19918266031924));
#4043=VECTOR('',#4532,0.398767852142257);
#4044=CARTESIAN_POINT('',(1.72993839260711,-0.201200313637636,2.15850833940073));
#4045=CARTESIAN_POINT('',(1.72993839260711,-0.201200313637636,2.15850833940073));
#4046=VECTOR('',#4533,0.398767852142257);
#4047=CARTESIAN_POINT('',(1.71,-0.201200313637636,2.15850833940073));
#4048=CARTESIAN_POINT('',(1.71,-0.201200313637636,2.15850833940073));
#4049=VECTOR('',#4534,0.398767852142257);
#4050=CARTESIAN_POINT('',(1.71,-0.201200313637636,2.15850833940073));
#4051=VECTOR('',#4535,0.398767852142257);
#4052=CARTESIAN_POINT('',(1.72993839260711,-0.219049162699524,2.11283745729488));
#4053=CARTESIAN_POINT('',(1.72993839260711,-0.219049162699524,2.11283745729488));
#4054=VECTOR('',#4536,0.398767852142257);
#4055=CARTESIAN_POINT('',(1.71,-0.219049162699524,2.11283745729488));
#4056=CARTESIAN_POINT('',(1.71,-0.219049162699524,2.11283745729488));
#4057=VECTOR('',#4537,0.398767852142257);
#4058=CARTESIAN_POINT('',(1.71,-0.219049162699524,2.11283745729488));
#4059=VECTOR('',#4538,0.398767852142257);
#4060=CARTESIAN_POINT('',(1.72993839260711,-0.24561667208065,2.0752775133016));
#4061=CARTESIAN_POINT('',(1.72993839260711,-0.24561667208065,2.0752775133016));
#4062=VECTOR('',#4539,0.398767852142257);
#4063=CARTESIAN_POINT('',(1.71,-0.24561667208065,2.0752775133016));
#4064=CARTESIAN_POINT('',(1.71,-0.24561667208065,2.0752775133016));
#4065=VECTOR('',#4540,0.398767852142257);
#4066=CARTESIAN_POINT('',(1.71,-0.24561667208065,2.0752775133016));
#4067=VECTOR('',#4541,0.398767852142257);
#4068=CARTESIAN_POINT('',(1.72993839260711,-0.277700337160459,2.04542575189023));
#4069=CARTESIAN_POINT('',(1.72993839260711,-0.277700337160459,2.04542575189023));
#4070=VECTOR('',#4542,0.398767852142257);
#4071=CARTESIAN_POINT('',(1.71,-0.277700337160459,2.04542575189023));
#4072=CARTESIAN_POINT('',(1.71,-0.277700337160459,2.04542575189023));
#4073=VECTOR('',#4543,0.398767852142257);
#4074=CARTESIAN_POINT('',(1.71,-0.277700337160459,2.04542575189023));
#4075=VECTOR('',#4544,0.398767852142257);
#4076=CARTESIAN_POINT('',(1.72993839260711,-0.312056181461775,2.02289935592271));
#4077=CARTESIAN_POINT('',(1.72993839260711,-0.312056181461775,2.02289935592271));
#4078=VECTOR('',#4545,0.398767852142257);
#4079=CARTESIAN_POINT('',(1.71,-0.312056181461775,2.02289935592271));
#4080=CARTESIAN_POINT('',(1.71,-0.312056181461775,2.02289935592271));
#4081=VECTOR('',#4546,0.398767852142257);
#4082=CARTESIAN_POINT('',(1.71,-0.312056181461775,2.02289935592271));
#4083=VECTOR('',#4547,0.398767852142257);
#4084=CARTESIAN_POINT('',(1.72993839260711,-0.345502835060207,2.00728360683282));
#4085=CARTESIAN_POINT('',(1.72993839260711,-0.345502835060207,2.00728360683282));
#4086=VECTOR('',#4548,0.398767852142257);
#4087=CARTESIAN_POINT('',(1.71,-0.345502835060207,2.00728360683282));
#4088=CARTESIAN_POINT('',(1.71,-0.345502835060207,2.00728360683282));
#4089=VECTOR('',#4549,0.398767852142257);
#4090=CARTESIAN_POINT('',(1.71,-0.345502835060207,2.00728360683282));
#4091=VECTOR('',#4550,0.398767852142257);
#4092=CARTESIAN_POINT('',(1.72993839260711,-0.374774788014562,1.9982156258751));
#4093=CARTESIAN_POINT('',(1.72993839260711,-0.374774788014562,1.9982156258751));
#4094=VECTOR('',#4551,0.398767852142257);
#4095=CARTESIAN_POINT('',(1.71,-0.374774788014562,1.9982156258751));
#4096=CARTESIAN_POINT('',(1.71,-0.374774788014562,1.9982156258751));
#4097=VECTOR('',#4552,0.398767852142257);
#4098=CARTESIAN_POINT('',(1.71,-0.374774788014562,1.9982156258751));
#4099=VECTOR('',#4553,0.398767852142257);
#4100=CARTESIAN_POINT('',(1.72993839260711,-0.391216784094091,1.99527670680482));
#4101=CARTESIAN_POINT('',(1.72993839260711,-0.391216784094091,1.99527670680482));
#4102=VECTOR('',#4554,0.398767852142257);
#4103=CARTESIAN_POINT('',(1.71,-0.391216784094091,1.99527670680482));
#4104=CARTESIAN_POINT('',(1.71,-0.391216784094091,1.99527670680482));
#4105=VECTOR('',#4555,0.398767852142257);
#4106=CARTESIAN_POINT('',(1.71,-0.391216784094091,1.99527670680482));
#4107=VECTOR('',#4556,0.398767852142257);
#4108=CARTESIAN_POINT('',(1.72993839260711,-0.396690271632596,1.99527670680482));
#4109=CARTESIAN_POINT('',(1.72993839260711,-0.396690271632596,1.99527670680482));
#4110=VECTOR('',#4557,0.398767852142257);
#4111=CARTESIAN_POINT('',(1.71,-0.396690271632596,1.99527670680482));
#4112=CARTESIAN_POINT('',(1.71,-0.396690271632596,1.99527670680482));
#4113=VECTOR('',#4558,0.398767852142257);
#4114=CARTESIAN_POINT('',(1.71,-0.396690271632596,1.99527670680482));
#4115=VECTOR('',#4559,0.398767852142257);
#4116=CARTESIAN_POINT('',(1.72993839260711,-0.396452207224867,1.86970869784374));
#4117=VECTOR('',#4560,0.398767852142257);
#4118=CARTESIAN_POINT('',(1.71,-0.396452207224867,1.86970869784374));
#4119=VECTOR('',#4561,0.398767852142257);
#4120=CARTESIAN_POINT('',(1.72993839260711,-0.45467111733408,1.66145617474097));
#4121=CARTESIAN_POINT('',(1.72993839260711,0.454691055726687,1.66145617474097));
#4122=CARTESIAN_POINT('',(1.72993839260711,5.82009776242617E-06,1.66145617474097));
#4123=VECTOR('',#4562,1.0);
#4124=CARTESIAN_POINT('',(1.71,0.454691055726687,1.66145617474097));
#4125=CARTESIAN_POINT('',(1.71,0.454691055726687,1.66145617474097));
#4126=VECTOR('',#4563,0.398767852142257);
#4127=CARTESIAN_POINT('',(1.71,-0.45467111733408,1.66145617474097));
#4128=CARTESIAN_POINT('',(1.71,5.82009776242064E-06,1.66145617474097));
#4129=VECTOR('',#4564,1.0);
#4130=CARTESIAN_POINT('',(1.71,-0.45467111733408,1.66145617474097));
#4131=VECTOR('',#4565,0.398767852142257);
#4132=CARTESIAN_POINT('',(1.72993839260711,0.0,1.11024974068888));
#4133=CARTESIAN_POINT('',(1.72993839260711,0.220530342745311,1.37759114161144));
#4134=VECTOR('',#4566,1.0);
#4135=CARTESIAN_POINT('',(1.71,0.0,1.11024974068888));
#4136=CARTESIAN_POINT('',(1.71,0.0,1.11024974068888));
#4137=VECTOR('',#4567,0.398767852142257);
#4138=CARTESIAN_POINT('',(1.71,0.220530342745311,1.37759114161144));
#4139=VECTOR('',#4568,1.0);
#4140=CARTESIAN_POINT('',(1.72993839260711,-0.220523790434073,1.37759492166615));
#4141=VECTOR('',#4569,1.0);
#4142=CARTESIAN_POINT('',(1.71,-0.220523790434073,1.37759492166615));
#4143=VECTOR('',#4570,1.0);
#4144=CARTESIAN_POINT('',(1.72993839260711,-0.549278790254831,1.66145617474097));
#4145=CARTESIAN_POINT('',(1.72993839260711,-0.549278790254831,1.823778616634));
#4146=CARTESIAN_POINT('',(1.72993839260711,-0.549278790254831,1.66145617474097));
#4147=VECTOR('',#4571,0.398767852142257);
#4148=CARTESIAN_POINT('',(1.71,-0.549278790254831,1.66145617474097));
#4149=CARTESIAN_POINT('',(1.71,-0.549278790254831,1.66145617474097));
#4150=VECTOR('',#4572,0.398767852142257);
#4151=CARTESIAN_POINT('',(1.71,-0.549278790254831,1.823778616634));
#4152=CARTESIAN_POINT('',(1.71,-0.549278790254831,1.66145617474097));
#4153=VECTOR('',#4573,0.398767852142257);
#4154=CARTESIAN_POINT('',(1.71,-0.549278790254831,1.823778616634));
#4155=VECTOR('',#4574,0.398767852142257);
#4156=CARTESIAN_POINT('',(1.72993839260711,0.549282777933352,1.823778616634));
#4157=CARTESIAN_POINT('',(1.72993839260711,-0.549278790254831,1.823778616634));
#4158=VECTOR('',#4575,0.398767852142257);
#4159=CARTESIAN_POINT('',(1.71,0.549282777933352,1.823778616634));
#4160=CARTESIAN_POINT('',(1.71,-0.549278790254831,1.823778616634));
#4161=VECTOR('',#4576,0.398767852142257);
#4162=CARTESIAN_POINT('',(1.71,0.549282777933352,1.823778616634));
#4163=VECTOR('',#4577,0.398767852142257);
#4164=CARTESIAN_POINT('',(1.72993839260711,0.549282777933352,1.66145617474097));
#4165=CARTESIAN_POINT('',(1.72993839260711,0.549282777933352,1.823778616634));
#4166=VECTOR('',#4578,0.398767852142257);
#4167=CARTESIAN_POINT('',(1.71,0.549282777933352,1.66145617474097));
#4168=CARTESIAN_POINT('',(1.71,0.549282777933352,1.823778616634));
#4169=VECTOR('',#4579,0.398767852142257);
#4170=CARTESIAN_POINT('',(1.71,0.549282777933352,1.66145617474097));
#4171=VECTOR('',#4580,0.398767852142257);
#4172=CARTESIAN_POINT('',(1.72993839260711,0.0,1.0));
#4173=CARTESIAN_POINT('',(1.72993839260711,0.549282777933352,1.66145617474097));
#4174=VECTOR('',#4581,0.398767852142257);
#4175=CARTESIAN_POINT('',(1.71,0.0,1.0));
#4176=CARTESIAN_POINT('',(1.71,0.549282777933352,1.66145617474097));
#4177=VECTOR('',#4582,0.398767852142257);
#4178=CARTESIAN_POINT('',(1.71,0.0,1.0));
#4179=VECTOR('',#4583,0.398767852142257);
#4180=CARTESIAN_POINT('',(1.72993839260711,0.0,1.0));
#4181=VECTOR('',#4584,0.398767852142257);
#4182=CARTESIAN_POINT('',(1.71,0.0,1.0));
#4183=VECTOR('',#4585,0.398767852142257);
#4184=CARTESIAN_POINT('',(1.72993839260711,0.0758496331559787,1.86970869784374));
#4185=CARTESIAN_POINT('',(1.72993839260711,-0.173941340800896,1.86970869784374));
#4186=CARTESIAN_POINT('',(1.72993839260711,-0.173941340800896,1.86970869784374));
#4187=VECTOR('',#4586,0.398767852142257);
#4188=CARTESIAN_POINT('',(1.71,0.0758496331559787,1.86970869784374));
#4189=CARTESIAN_POINT('',(1.71,0.0758496331559787,1.86970869784374));
#4190=VECTOR('',#4587,0.398767852142257);
#4191=CARTESIAN_POINT('',(1.71,-0.173941340800896,1.86970869784374));
#4192=CARTESIAN_POINT('',(1.71,-0.173941340800896,1.86970869784374));
#4193=VECTOR('',#4588,0.398767852142257);
#4194=CARTESIAN_POINT('',(1.71,-0.173941340800896,1.86970869784374));
#4195=VECTOR('',#4589,0.398767852142257);
#4196=CARTESIAN_POINT('',(1.72993839260711,-0.173941340800896,2.4238325175021));
#4197=CARTESIAN_POINT('',(1.72993839260711,-0.173941340800896,2.4238325175021));
#4198=VECTOR('',#4590,0.398767852142257);
#4199=CARTESIAN_POINT('',(1.71,-0.173941340800896,2.4238325175021));
#4200=CARTESIAN_POINT('',(1.71,-0.173941340800896,2.4238325175021));
#4201=VECTOR('',#4591,0.398767852142257);
#4202=CARTESIAN_POINT('',(1.71,-0.173941340800896,2.4238325175021));
#4203=VECTOR('',#4592,0.398767852142257);
#4204=CARTESIAN_POINT('',(1.72993839260711,0.0758496331559787,2.4238325175021));
#4205=CARTESIAN_POINT('',(1.72993839260711,0.0758496331559787,2.4238325175021));
#4206=VECTOR('',#4593,0.398767852142257);
#4207=CARTESIAN_POINT('',(1.71,0.0758496331559787,2.4238325175021));
#4208=CARTESIAN_POINT('',(1.71,0.0758496331559787,2.4238325175021));
#4209=VECTOR('',#4594,0.398767852142257);
#4210=CARTESIAN_POINT('',(1.71,0.0758496331559787,2.4238325175021));
#4211=VECTOR('',#4595,0.398767852142257);
#4212=CARTESIAN_POINT('',(1.72993839260711,0.0758496331559787,2.28305949033884));
#4213=CARTESIAN_POINT('',(1.72993839260711,0.0758496331559787,2.28305949033884));
#4214=VECTOR('',#4596,0.398767852142257);
#4215=CARTESIAN_POINT('',(1.71,0.0758496331559787,2.28305949033884));
#4216=CARTESIAN_POINT('',(1.71,0.0758496331559787,2.28305949033884));
#4217=VECTOR('',#4597,0.398767852142257);
#4218=CARTESIAN_POINT('',(1.71,0.0758496331559787,2.28305949033884));
#4219=VECTOR('',#4598,0.398767852142257);
#4220=CARTESIAN_POINT('',(1.72993839260711,-0.0242091963035564,2.28305949033884));
#4221=CARTESIAN_POINT('',(1.72993839260711,-0.0242091963035564,2.28305949033884));
#4222=VECTOR('',#4599,0.398767852142257);
#4223=CARTESIAN_POINT('',(1.71,-0.0242091963035564,2.28305949033884));
#4224=CARTESIAN_POINT('',(1.71,-0.0242091963035564,2.28305949033884));
#4225=VECTOR('',#4600,0.398767852142257);
#4226=CARTESIAN_POINT('',(1.71,-0.0242091963035564,2.28305949033884));
#4227=VECTOR('',#4601,0.398767852142257);
#4228=CARTESIAN_POINT('',(1.72993839260711,-0.0242091963035564,2.21585913189583));
#4229=CARTESIAN_POINT('',(1.72993839260711,-0.0242091963035564,2.21585913189583));
#4230=VECTOR('',#4602,0.398767852142257);
#4231=CARTESIAN_POINT('',(1.71,-0.0242091963035564,2.21585913189583));
#4232=CARTESIAN_POINT('',(1.71,-0.0242091963035564,2.21585913189583));
#4233=VECTOR('',#4603,0.398767852142257);
#4234=CARTESIAN_POINT('',(1.71,-0.0242091963035564,2.21585913189583));
#4235=VECTOR('',#4604,0.398767852142257);
#4236=CARTESIAN_POINT('',(1.72993839260711,0.0735367796135536,2.21585913189583));
#4237=CARTESIAN_POINT('',(1.72993839260711,0.0735367796135536,2.21585913189583));
#4238=VECTOR('',#4605,0.398767852142257);
#4239=CARTESIAN_POINT('',(1.71,0.0735367796135536,2.21585913189583));
#4240=CARTESIAN_POINT('',(1.71,0.0735367796135536,2.21585913189583));
#4241=VECTOR('',#4606,0.398767852142257);
#4242=CARTESIAN_POINT('',(1.71,0.0735367796135536,2.21585913189583));
#4243=VECTOR('',#4607,0.398767852142257);
#4244=CARTESIAN_POINT('',(1.72993839260711,0.0735367796135536,2.08503536264352));
#4245=CARTESIAN_POINT('',(1.72993839260711,0.0735367796135536,2.08503536264352));
#4246=VECTOR('',#4608,0.398767852142257);
#4247=CARTESIAN_POINT('',(1.71,0.0735367796135536,2.08503536264352));
#4248=CARTESIAN_POINT('',(1.71,0.0735367796135536,2.08503536264352));
#4249=VECTOR('',#4609,0.398767852142257);
#4250=CARTESIAN_POINT('',(1.71,0.0735367796135536,2.08503536264352));
#4251=VECTOR('',#4610,0.398767852142257);
#4252=CARTESIAN_POINT('',(1.72993839260711,-0.0242091963035564,2.08503536264352));
#4253=CARTESIAN_POINT('',(1.72993839260711,-0.0242091963035564,2.08503536264352));
#4254=VECTOR('',#4611,0.398767852142257);
#4255=CARTESIAN_POINT('',(1.71,-0.0242091963035564,2.08503536264352));
#4256=CARTESIAN_POINT('',(1.71,-0.0242091963035564,2.08503536264352));
#4257=VECTOR('',#4612,0.398767852142257);
#4258=CARTESIAN_POINT('',(1.71,-0.0242091963035564,2.08503536264352));
#4259=VECTOR('',#4613,0.398767852142257);
#4260=CARTESIAN_POINT('',(1.72993839260711,-0.0242091963035564,2.00053246709605));
#4261=CARTESIAN_POINT('',(1.72993839260711,-0.0242091963035564,2.00053246709605));
#4262=VECTOR('',#4614,0.398767852142257);
#4263=CARTESIAN_POINT('',(1.71,-0.0242091963035564,2.00053246709605));
#4264=CARTESIAN_POINT('',(1.71,-0.0242091963035564,2.00053246709605));
#4265=VECTOR('',#4615,0.398767852142257);
#4266=CARTESIAN_POINT('',(1.71,-0.0242091963035564,2.00053246709605));
#4267=VECTOR('',#4616,0.398767852142257);
#4268=CARTESIAN_POINT('',(1.72993839260711,0.0758496331559787,2.00053246709605));
#4269=CARTESIAN_POINT('',(1.72993839260711,0.0758496331559787,2.00053246709605));
#4270=VECTOR('',#4617,0.398767852142257);
#4271=CARTESIAN_POINT('',(1.71,0.0758496331559787,2.00053246709605));
#4272=CARTESIAN_POINT('',(1.71,0.0758496331559787,2.00053246709605));
#4273=VECTOR('',#4618,0.398767852142257);
#4274=CARTESIAN_POINT('',(1.71,0.0758496331559787,2.00053246709605));
#4275=VECTOR('',#4619,0.398767852142257);
#4276=CARTESIAN_POINT('',(1.72993839260711,0.0758496331559787,1.86970869784374));
#4277=VECTOR('',#4620,0.398767852142257);
#4278=CARTESIAN_POINT('',(1.71,0.0758496331559787,1.86970869784374));
#4279=VECTOR('',#4621,0.398767852142257);
#4280=CARTESIAN_POINT('',(1.72993839260711,0.678180498459815,2.36765011481378));
#4281=CARTESIAN_POINT('',(1.71,0.678180498459815,2.36765011481378));
#4282=CARTESIAN_POINT('',(1.71,0.678180498459815,2.36765011481378));
#4283=VECTOR('',#4622,1.0);
#4284=CARTESIAN_POINT('',(1.72993839260711,0.567362912349482,2.36765011481378));
#4285=AXIS2_PLACEMENT_3D('',#4623,#4624,#4625);
#4286=CARTESIAN_POINT('',(1.71,0.567362912349482,2.36765011481378));
#4287=CARTESIAN_POINT('',(1.71,0.567362912349482,2.36765011481378));
#4288=VECTOR('',#4626,1.0);
#4289=AXIS2_PLACEMENT_3D('',#4627,#4628,#4629);
#4290=CARTESIAN_POINT('',(1.71,0.665584865319651,2.36765011481378));
#4291=CARTESIAN_POINT('',(1.72993839260711,0.665584865319651,2.36765011481378));
#4292=CARTESIAN_POINT('',(1.71,0.665584865319651,2.36765011481378));
#4293=VECTOR('',#4630,1.0);
#4294=CARTESIAN_POINT('',(1.71,0.579958545489646,2.36765011481378));
#4295=AXIS2_PLACEMENT_3D('',#4631,#4632,#4633);
#4296=CARTESIAN_POINT('',(1.72993839260711,0.579958545489646,2.36765011481378));
#4297=CARTESIAN_POINT('',(1.71,0.579958545489646,2.36765011481378));
#4298=VECTOR('',#4634,1.0);
#4299=AXIS2_PLACEMENT_3D('',#4635,#4636,#4637);
#4300=AXIS2_PLACEMENT_3D('',#4638,#4639,#4640);
#4301=AXIS2_PLACEMENT_3D('',#4641,#4642,#4643);
#4302=AXIS2_PLACEMENT_3D('',#4644,#4645,#4646);
#4303=AXIS2_PLACEMENT_3D('',#4647,#4648,#4649);
#4304=DIRECTION('',(-0.0,0.0,1.0));
#4305=DIRECTION('',(1.0,0.0,0.0));
#4306=DIRECTION('',(0.0,0.0,-1.0));
#4307=DIRECTION('',(1.0,0.0,0.0));
#4308=DIRECTION('',(-0.0,0.994043342247559,0.108985474873041));
#4309=DIRECTION('',(1.0,0.0,0.0));
#4310=DIRECTION('',(0.0,-0.994043342247559,-0.108985474873041));
#4311=DIRECTION('',(0.0,1.0,0.0));
#4312=DIRECTION('',(1.0,0.0,0.0));
#4313=DIRECTION('',(0.0,-1.0,0.0));
#4314=DIRECTION('',(0.0,0.945767839691754,-0.324843336709855));
#4315=DIRECTION('',(1.0,0.0,0.0));
#4316=DIRECTION('',(0.0,-0.945767839691754,0.324843336709855));
#4317=DIRECTION('',(0.0,0.532578803246198,-0.84638042175658));
#4318=DIRECTION('',(1.0,0.0,0.0));
#4319=DIRECTION('',(0.0,-0.532578803246198,0.84638042175658));
#4320=DIRECTION('',(0.0,0.0,-1.0));
#4321=DIRECTION('',(1.0,0.0,0.0));
#4322=DIRECTION('',(0.0,0.0,1.0));
#4323=DIRECTION('',(0.0,-0.629198228667968,-0.777244870707482));
#4324=DIRECTION('',(1.0,0.0,0.0));
#4325=DIRECTION('',(-0.0,0.629198228667968,0.777244870707482));
#4326=DIRECTION('',(0.0,-0.962946456780512,-0.269692642416987));
#4327=DIRECTION('',(1.0,0.0,0.0));
#4328=DIRECTION('',(-0.0,0.962946456780512,0.269692642416987));
#4329=DIRECTION('',(0.0,-1.0,0.0));
#4330=DIRECTION('',(-0.0,1.0,0.0));
#4331=DIRECTION('',(0.0,0.0,1.0));
#4332=DIRECTION('',(1.0,0.0,0.0));
#4333=DIRECTION('',(0.0,0.0,-1.0));
#4334=DIRECTION('',(1.0,0.0,0.0));
#4335=DIRECTION('',(0.0,0.979859725099013,0.199687052982628));
#4336=DIRECTION('',(0.0,-0.979859725099013,-0.199687052982628));
#4337=DIRECTION('',(1.0,0.0,0.0));
#4338=DIRECTION('',(0.0,0.993166852013553,0.116703059349313));
#4339=DIRECTION('',(0.0,-0.993166852013553,-0.116703059349313));
#4340=DIRECTION('',(1.0,0.0,0.0));
#4341=DIRECTION('',(0.0,1.0,0.0));
#4342=DIRECTION('',(0.0,-1.0,0.0));
#4343=DIRECTION('',(1.0,0.0,0.0));
#4344=DIRECTION('',(0.0,0.991604089687842,-0.129310979094372));
#4345=DIRECTION('',(0.0,-0.991604089687842,0.129310979094372));
#4346=DIRECTION('',(1.0,0.0,0.0));
#4347=DIRECTION('',(0.0,0.924845208534171,-0.380343713305985));
#4348=DIRECTION('',(0.0,-0.924845208534171,0.380343713305985));
#4349=DIRECTION('',(1.0,0.0,0.0));
#4350=DIRECTION('',(0.0,0.835008605342551,-0.550236884445134));
#4351=DIRECTION('',(0.0,-0.835008605342551,0.550236884445134));
#4352=DIRECTION('',(1.0,0.0,0.0));
#4353=DIRECTION('',(0.0,0.482399045638917,-0.875951574441568));
#4354=DIRECTION('',(0.0,-0.482399045638917,0.875951574441568));
#4355=DIRECTION('',(1.0,0.0,0.0));
#4356=DIRECTION('',(-0.0,-0.0,-1.0));
#4357=DIRECTION('',(0.0,0.0,1.0));
#4358=DIRECTION('',(1.0,0.0,0.0));
#4359=DIRECTION('',(-0.0,-0.460670986112551,-0.887570978882303));
#4360=DIRECTION('',(0.0,0.460670986112551,0.887570978882303));
#4361=DIRECTION('',(1.0,0.0,0.0));
#4362=DIRECTION('',(-0.0,-0.827726334230417,-0.561131994829626));
#4363=DIRECTION('',(0.0,0.827726334230417,0.561131994829626));
#4364=DIRECTION('',(1.0,0.0,0.0));
#4365=DIRECTION('',(-0.0,-0.955558946738726,-0.294800100589495));
#4366=DIRECTION('',(0.0,0.955558946738726,0.294800100589495));
#4367=DIRECTION('',(1.0,0.0,0.0));
#4368=DIRECTION('',(0.0,0.961197967509745,-0.275859506370788));
#4369=DIRECTION('',(0.0,-0.961197967509745,0.275859506370788));
#4370=DIRECTION('',(1.0,0.0,0.0));
#4371=DIRECTION('',(0.0,0.597049230597382,-0.802204597495598));
#4372=DIRECTION('',(0.0,-0.597049230597382,0.802204597495598));
#4373=DIRECTION('',(1.0,0.0,0.0));
#4374=DIRECTION('',(0.0,0.217933618218949,-0.975963594633528));
#4375=DIRECTION('',(0.0,-0.217933618218949,0.975963594633528));
#4376=DIRECTION('',(1.0,0.0,0.0));
#4377=DIRECTION('',(0.0,0.197184188817067,-0.980366459891685));
#4378=DIRECTION('',(0.0,-0.197184188817067,0.980366459891685));
#4379=DIRECTION('',(1.0,0.0,0.0));
#4380=DIRECTION('',(0.0,0.234667083209108,-0.972075799543497));
#4381=DIRECTION('',(0.0,-0.234667083209108,0.972075799543497));
#4382=DIRECTION('',(1.0,0.0,0.0));
#4383=DIRECTION('',(0.0,0.386368018100166,-0.92234470486329));
#4384=DIRECTION('',(0.0,-0.386368018100166,0.92234470486329));
#4385=DIRECTION('',(1.0,0.0,0.0));
#4386=DIRECTION('',(-0.0,-1.0,-0.0));
#4387=DIRECTION('',(0.0,1.0,0.0));
#4388=DIRECTION('',(1.0,0.0,0.0));
#4389=DIRECTION('',(0.0,-0.307861474983658,0.951431191532465));
#4390=DIRECTION('',(0.0,0.307861474983658,-0.951431191532465));
#4391=DIRECTION('',(1.0,0.0,0.0));
#4392=DIRECTION('',(0.0,-0.258796817064455,0.965931781999799));
#4393=DIRECTION('',(0.0,0.258796817064455,-0.965931781999799));
#4394=DIRECTION('',(1.0,0.0,0.0));
#4395=DIRECTION('',(0.0,-0.165648245084433,0.986184900969614));
#4396=DIRECTION('',(0.0,0.165648245084433,-0.986184900969614));
#4397=DIRECTION('',(1.0,0.0,0.0));
#4398=DIRECTION('',(0.0,-0.52519860099269,0.85097968807447));
#4399=DIRECTION('',(0.0,0.52519860099269,-0.85097968807447));
#4400=DIRECTION('',(1.0,0.0,0.0));
#4401=DIRECTION('',(0.0,-0.945042069751253,0.326948751947866));
#4402=DIRECTION('',(0.0,0.945042069751253,-0.326948751947866));
#4403=DIRECTION('',(1.0,0.0,0.0));
#4404=DIRECTION('',(-0.0,-1.0,-0.0));
#4405=DIRECTION('',(0.0,1.0,0.0));
#4406=DIRECTION('',(1.0,0.0,0.0));
#4407=DIRECTION('',(-0.0,-0.0,-1.0));
#4408=DIRECTION('',(0.0,0.0,1.0));
#4409=DIRECTION('',(1.0,0.0,0.0));
#4410=DIRECTION('',(-0.0,-1.0,-0.0));
#4411=DIRECTION('',(0.0,1.0,0.0));
#4412=DIRECTION('',(0.0,1.0,0.0));
#4413=DIRECTION('',(1.0,0.0,0.0));
#4414=DIRECTION('',(0.0,1.0,0.0));
#4415=DIRECTION('',(1.0,0.0,0.0));
#4416=DIRECTION('',(0.0,0.416699548531781,-0.909044270788508));
#4417=DIRECTION('',(0.0,0.416699548531781,-0.909044270788508));
#4418=DIRECTION('',(1.0,0.0,0.0));
#4419=DIRECTION('',(0.0,0.416797366423433,0.908999425380726));
#4420=DIRECTION('',(0.0,0.416797366423433,0.908999425380727));
#4421=DIRECTION('',(1.0,0.0,0.0));
#4422=DIRECTION('',(0.0,1.0,0.0));
#4423=DIRECTION('',(0.0,1.0,0.0));
#4424=DIRECTION('',(1.0,0.0,0.0));
#4425=DIRECTION('',(0.0,0.0,-1.0));
#4426=DIRECTION('',(0.0,0.0,-1.0));
#4427=DIRECTION('',(1.0,0.0,0.0));
#4428=DIRECTION('',(0.0,-1.0,0.0));
#4429=DIRECTION('',(0.0,-1.0,0.0));
#4430=DIRECTION('',(1.0,0.0,0.0));
#4431=DIRECTION('',(0.0,0.0,1.0));
#4432=DIRECTION('',(0.0,0.0,1.0));
#4433=DIRECTION('',(1.0,0.0,0.0));
#4434=DIRECTION('',(0.0,-0.477662109542848,-0.878543629597914));
#4435=DIRECTION('',(0.0,-0.477662109542848,-0.878543629597914));
#4436=DIRECTION('',(1.0,0.0,0.0));
#4437=DIRECTION('',(0.0,-0.441768023340556,0.897129318188731));
#4438=DIRECTION('',(0.0,-0.441768023340556,0.897129318188731));
#4439=DIRECTION('',(1.0,0.0,0.0));
#4440=DIRECTION('',(0.0,0.00487649625899101,-0.99998810982143));
#4441=DIRECTION('',(0.0,0.00487649625899101,-0.99998810982143));
#4442=DIRECTION('',(1.0,0.0,0.0));
#4443=DIRECTION('',(0.0,-0.999998544108841,0.00170639391672713));
#4444=DIRECTION('',(0.0,-0.999998544108841,0.00170639391672713));
#4445=DIRECTION('',(1.0,0.0,0.0));
#4446=DIRECTION('',(0.0,0.0,1.0));
#4447=DIRECTION('',(0.0,0.0,1.0));
#4448=DIRECTION('',(-0.0,0.00811541933460227,0.999967069442301));
#4449=DIRECTION('',(1.0,0.0,0.0));
#4450=DIRECTION('',(0.0,-0.00811541933460227,-0.999967069442301));
#4451=DIRECTION('',(1.0,0.0,0.0));
#4452=DIRECTION('',(0.0,0.987961481347242,-0.154700069082605));
#4453=DIRECTION('',(1.0,0.0,0.0));
#4454=DIRECTION('',(0.0,-0.987961481347242,0.154700069082605));
#4455=DIRECTION('',(0.0,0.878460347476932,-0.477815254999992));
#4456=DIRECTION('',(1.0,0.0,0.0));
#4457=DIRECTION('',(0.0,-0.878460347476932,0.477815254999992));
#4458=DIRECTION('',(0.0,0.906966768393514,-0.421202185452339));
#4459=DIRECTION('',(1.0,0.0,0.0));
#4460=DIRECTION('',(0.0,-0.906966768393514,0.421202185452339));
#4461=DIRECTION('',(0.0,0.77479628332854,-0.632210976921692));
#4462=DIRECTION('',(1.0,0.0,0.0));
#4463=DIRECTION('',(0.0,-0.77479628332854,0.632210976921692));
#4464=DIRECTION('',(0.0,0.496143875138875,-0.868240321087532));
#4465=DIRECTION('',(1.0,0.0,0.0));
#4466=DIRECTION('',(0.0,-0.496143875138875,0.868240321087532));
#4467=DIRECTION('',(0.0,0.289754950919428,-0.957100866375995));
#4468=DIRECTION('',(1.0,0.0,0.0));
#4469=DIRECTION('',(0.0,-0.289754950919428,0.957100866375995));
#4470=DIRECTION('',(0.0,0.187560930283885,-0.982252970181838));
#4471=DIRECTION('',(1.0,0.0,0.0));
#4472=DIRECTION('',(0.0,-0.187560930283885,0.982252970181838));
#4473=DIRECTION('',(0.0,0.183811245028007,-0.982961558862428));
#4474=DIRECTION('',(1.0,0.0,0.0));
#4475=DIRECTION('',(0.0,-0.183811245028007,0.982961558862428));
#4476=DIRECTION('',(0.0,-0.0619292929839844,-0.998080539170314));
#4477=DIRECTION('',(1.0,0.0,0.0));
#4478=DIRECTION('',(-0.0,0.0619292929839844,0.998080539170314));
#4479=DIRECTION('',(0.0,-0.333625455329938,-0.94270570994128));
#4480=DIRECTION('',(1.0,0.0,0.0));
#4481=DIRECTION('',(-0.0,0.333625455329938,0.94270570994128));
#4482=DIRECTION('',(0.0,-0.665554165596305,-0.746349551254241));
#4483=DIRECTION('',(1.0,0.0,0.0));
#4484=DIRECTION('',(-0.0,0.665554165596305,0.746349551254241));
#4485=DIRECTION('',(0.0,-0.931395047477235,-0.364009979993514));
#4486=DIRECTION('',(1.0,0.0,0.0));
#4487=DIRECTION('',(-0.0,0.931395047477235,0.364009979993514));
#4488=DIRECTION('',(0.0,-0.998703759003933,0.0508999189725759));
#4489=DIRECTION('',(0.0,0.998703759003933,-0.0508999189725759));
#4490=DIRECTION('',(-0.0,-1.0,-0.0));
#4491=DIRECTION('',(1.0,0.0,0.0));
#4492=DIRECTION('',(0.0,1.0,0.0));
#4493=DIRECTION('',(1.0,0.0,0.0));
#4494=DIRECTION('',(0.0,0.0,1.0));
#4495=DIRECTION('',(0.0,0.0,-1.0));
#4496=DIRECTION('',(1.0,0.0,0.0));
#4497=DIRECTION('',(0.0,1.0,0.0));
#4498=DIRECTION('',(0.0,-1.0,0.0));
#4499=DIRECTION('',(1.0,0.0,0.0));
#4500=DIRECTION('',(0.0,0.998556277671635,-0.0537155501002077));
#4501=DIRECTION('',(0.0,-0.998556277671635,0.0537155501002077));
#4502=DIRECTION('',(1.0,0.0,0.0));
#4503=DIRECTION('',(0.0,0.991118523627312,-0.132981472855495));
#4504=DIRECTION('',(0.0,-0.991118523627312,0.132981472855495));
#4505=DIRECTION('',(1.0,0.0,0.0));
#4506=DIRECTION('',(0.0,0.970601957501992,-0.240690340673034));
#4507=DIRECTION('',(0.0,-0.970601957501992,0.240690340673034));
#4508=DIRECTION('',(1.0,0.0,0.0));
#4509=DIRECTION('',(0.0,0.921546820117248,-0.388267251170876));
#4510=DIRECTION('',(0.0,-0.921546820117248,0.388267251170876));
#4511=DIRECTION('',(1.0,0.0,0.0));
#4512=DIRECTION('',(0.0,0.835129118022894,-0.550053957562622));
#4513=DIRECTION('',(0.0,-0.835129118022894,0.550053957562622));
#4514=DIRECTION('',(1.0,0.0,0.0));
#4515=DIRECTION('',(0.0,0.699640602111124,-0.714494946012625));
#4516=DIRECTION('',(0.0,-0.699640602111124,0.714494946012625));
#4517=DIRECTION('',(1.0,0.0,0.0));
#4518=DIRECTION('',(0.0,0.517832459389602,-0.855482053582959));
#4519=DIRECTION('',(0.0,-0.517832459389602,0.855482053582959));
#4520=DIRECTION('',(1.0,0.0,0.0));
#4521=DIRECTION('',(0.0,0.311611799330464,-0.95020949612074));
#4522=DIRECTION('',(0.0,-0.311611799330464,0.95020949612074));
#4523=DIRECTION('',(1.0,0.0,0.0));
#4524=DIRECTION('',(0.0,0.140018209168669,-0.990148928748195));
#4525=DIRECTION('',(0.0,-0.140018209168669,0.990148928748195));
#4526=DIRECTION('',(1.0,0.0,0.0));
#4527=DIRECTION('',(0.0,0.0198620164659338,-0.999802730693364));
#4528=DIRECTION('',(0.0,-0.0198620164659338,0.999802730693364));
#4529=DIRECTION('',(1.0,0.0,0.0));
#4530=DIRECTION('',(0.0,0.0191988240955403,-0.999815685590773));
#4531=DIRECTION('',(0.0,-0.0191988240955403,0.999815685590773));
#4532=DIRECTION('',(1.0,0.0,0.0));
#4533=DIRECTION('',(-0.0,-0.149866540264772,-0.9887062354962));
#4534=DIRECTION('',(0.0,0.149866540264772,0.9887062354962));
#4535=DIRECTION('',(1.0,0.0,0.0));
#4536=DIRECTION('',(-0.0,-0.364003763778481,-0.931397476888949));
#4537=DIRECTION('',(0.0,0.364003763778481,0.931397476888949));
#4538=DIRECTION('',(1.0,0.0,0.0));
#4539=DIRECTION('',(-0.0,-0.577475147909019,-0.816408264012226));
#4540=DIRECTION('',(0.0,0.577475147909019,0.816408264012226));
#4541=DIRECTION('',(1.0,0.0,0.0));
#4542=DIRECTION('',(-0.0,-0.732112861995819,-0.681183350721588));
#4543=DIRECTION('',(0.0,0.732112861995819,0.681183350721588));
#4544=DIRECTION('',(1.0,0.0,0.0));
#4545=DIRECTION('',(-0.0,-0.836266986689563,-0.548322466230556));
#4546=DIRECTION('',(0.0,0.836266986689563,0.548322466230556));
#4547=DIRECTION('',(1.0,0.0,0.0));
#4548=DIRECTION('',(-0.0,-0.906107227942209,-0.423048095931049));
#4549=DIRECTION('',(0.0,0.906107227942209,0.423048095931049));
#4550=DIRECTION('',(1.0,0.0,0.0));
#4551=DIRECTION('',(-0.0,-0.955215676928957,-0.295910477254784));
#4552=DIRECTION('',(0.0,0.955215676928957,0.295910477254784));
#4553=DIRECTION('',(1.0,0.0,0.0));
#4554=DIRECTION('',(-0.0,-0.98439805037178,-0.175955899089055));
#4555=DIRECTION('',(0.0,0.98439805037178,0.175955899089055));
#4556=DIRECTION('',(1.0,0.0,0.0));
#4557=DIRECTION('',(-0.0,-1.0,-0.0));
#4558=DIRECTION('',(0.0,1.0,0.0));
#4559=DIRECTION('',(1.0,0.0,0.0));
#4560=DIRECTION('',(0.0,0.00189589674827209,-0.999998202786145));
#4561=DIRECTION('',(0.0,-0.00189589674827209,0.999998202786145));
#4562=DIRECTION('',(0.0,1.0,0.0));
#4563=DIRECTION('',(1.0,0.0,0.0));
#4564=DIRECTION('',(0.0,-1.0,0.0));
#4565=DIRECTION('',(1.0,0.0,0.0));
#4566=DIRECTION('',(0.0,-0.636337776519744,-0.771410548394244));
#4567=DIRECTION('',(1.0,0.0,0.0));
#4568=DIRECTION('',(-0.0,0.636337776519744,0.771410548394244));
#4569=DIRECTION('',(0.0,-0.636321171318176,0.771424245750848));
#4570=DIRECTION('',(0.0,0.636321171318176,-0.771424245750848));
#4571=DIRECTION('',(0.0,0.0,1.0));
#4572=DIRECTION('',(1.0,0.0,0.0));
#4573=DIRECTION('',(0.0,0.0,1.0));
#4574=DIRECTION('',(1.0,0.0,0.0));
#4575=DIRECTION('',(0.0,1.0,0.0));
#4576=DIRECTION('',(0.0,1.0,0.0));
#4577=DIRECTION('',(1.0,0.0,0.0));
#4578=DIRECTION('',(0.0,0.0,-1.0));
#4579=DIRECTION('',(0.0,0.0,-1.0));
#4580=DIRECTION('',(1.0,0.0,0.0));
#4581=DIRECTION('',(0.0,-0.638858202070061,-0.769324507375015));
#4582=DIRECTION('',(0.0,-0.638858202070061,-0.769324507375015));
#4583=DIRECTION('',(1.0,0.0,0.0));
#4584=DIRECTION('',(0.0,-0.638855457023618,0.769326786893024));
#4585=DIRECTION('',(0.0,-0.638855457023618,0.769326786893024));
#4586=DIRECTION('',(-0.0,-1.0,-0.0));
#4587=DIRECTION('',(1.0,0.0,0.0));
#4588=DIRECTION('',(0.0,1.0,0.0));
#4589=DIRECTION('',(1.0,0.0,0.0));
#4590=DIRECTION('',(0.0,0.0,1.0));
#4591=DIRECTION('',(0.0,0.0,-1.0));
#4592=DIRECTION('',(1.0,0.0,0.0));
#4593=DIRECTION('',(0.0,1.0,0.0));
#4594=DIRECTION('',(0.0,-1.0,0.0));
#4595=DIRECTION('',(1.0,0.0,0.0));
#4596=DIRECTION('',(-0.0,-0.0,-1.0));
#4597=DIRECTION('',(0.0,0.0,1.0));
#4598=DIRECTION('',(1.0,0.0,0.0));
#4599=DIRECTION('',(-0.0,-1.0,-0.0));
#4600=DIRECTION('',(0.0,1.0,0.0));
#4601=DIRECTION('',(1.0,0.0,0.0));
#4602=DIRECTION('',(-0.0,-0.0,-1.0));
#4603=DIRECTION('',(0.0,0.0,1.0));
#4604=DIRECTION('',(1.0,0.0,0.0));
#4605=DIRECTION('',(0.0,1.0,0.0));
#4606=DIRECTION('',(0.0,-1.0,0.0));
#4607=DIRECTION('',(1.0,0.0,0.0));
#4608=DIRECTION('',(-0.0,-0.0,-1.0));
#4609=DIRECTION('',(0.0,0.0,1.0));
#4610=DIRECTION('',(1.0,0.0,0.0));
#4611=DIRECTION('',(-0.0,-1.0,-0.0));
#4612=DIRECTION('',(0.0,1.0,0.0));
#4613=DIRECTION('',(1.0,0.0,0.0));
#4614=DIRECTION('',(-0.0,-0.0,-1.0));
#4615=DIRECTION('',(0.0,0.0,1.0));
#4616=DIRECTION('',(1.0,0.0,0.0));
#4617=DIRECTION('',(0.0,1.0,0.0));
#4618=DIRECTION('',(0.0,-1.0,0.0));
#4619=DIRECTION('',(1.0,0.0,0.0));
#4620=DIRECTION('',(-0.0,-0.0,-1.0));
#4621=DIRECTION('',(0.0,0.0,1.0));
#4622=DIRECTION('',(-1.0,-0.0,-0.0));
#4623=CARTESIAN_POINT('',(1.72993839260711,0.622771705404648,2.36765011481378));
#4624=DIRECTION('',(-1.0,0.0,0.0));
#4625=DIRECTION('',(0.0,1.0,0.0));
#4626=DIRECTION('',(1.0,-0.0,0.0));
#4627=CARTESIAN_POINT('',(1.71,0.622771705404648,2.36765011481378));
#4628=DIRECTION('',(1.0,0.0,0.0));
#4629=DIRECTION('',(0.0,1.0,0.0));
#4630=DIRECTION('',(1.0,0.0,0.0));
#4631=CARTESIAN_POINT('',(1.71,0.622771705404648,2.36765011481378));
#4632=DIRECTION('',(1.0,0.0,-0.0));
#4633=DIRECTION('',(0.0,1.0,4.13630997392013E-15));
#4634=DIRECTION('',(-1.0,-0.0,-0.0));
#4635=CARTESIAN_POINT('',(1.72993839260711,0.622771705404648,2.36765011481378));
#4636=DIRECTION('',(-1.0,0.0,0.0));
#4637=DIRECTION('',(0.0,1.0,4.13630997392013E-15));
#4638=CARTESIAN_POINT('',(1.72993839260711,0.622771705404648,2.36765011481378));
#4639=DIRECTION('',(-1.0,0.0,0.0));
#4640=DIRECTION('',(0.0,1.0,4.13630997392013E-15));
#4641=CARTESIAN_POINT('',(1.71,0.622771705404648,2.36765011481378));
#4642=DIRECTION('',(1.0,0.0,-0.0));
#4643=DIRECTION('',(0.0,1.0,4.13630997392013E-15));
#4644=CARTESIAN_POINT('',(1.71,0.622771705404648,2.36765011481378));
#4645=DIRECTION('',(1.0,0.0,0.0));
#4646=DIRECTION('',(0.0,1.0,0.0));
#4647=CARTESIAN_POINT('',(1.72993839260711,0.622771705404648,2.36765011481378));
#4648=DIRECTION('',(-1.0,0.0,0.0));
#4649=DIRECTION('',(0.0,1.0,0.0));
ENDSEC;
END-ISO-10303-21;
